-- H3 Studios Seed Data
-- Generated from admin-store.ts mock data patterns

-- Admin users
INSERT INTO admin_users (id, email, password_hash, name, role, is_active) VALUES ('adm-001', 'admin@h3studios.fr', '$2a$10$placeholder_admin123_hash_will_be_set_by_auth', 'Admin H3', 'super-admin', 1);
INSERT INTO admin_users (id, email, password_hash, name, role, is_active) VALUES ('adm-002', 'operateur@h3studios.fr', '$2a$10$placeholder_oper123_hash_will_be_set_by_auth', 'Opérateur H3', 'operator', 1);

-- Pricing (from booking.ts PRICING)
INSERT INTO pricing (id, studio_id, group_type, is_peak, price_per_half_hour) VALUES ('prc-001', 'la-scene', 'solo', 0, 6);
INSERT INTO pricing (id, studio_id, group_type, is_peak, price_per_half_hour) VALUES ('prc-002', 'la-scene', 'solo', 1, 6);
INSERT INTO pricing (id, studio_id, group_type, is_peak, price_per_half_hour) VALUES ('prc-003', 'la-scene', 'duo', 0, 12);
INSERT INTO pricing (id, studio_id, group_type, is_peak, price_per_half_hour) VALUES ('prc-004', 'la-scene', 'duo', 1, 12);
INSERT INTO pricing (id, studio_id, group_type, is_peak, price_per_half_hour) VALUES ('prc-005', 'la-scene', 'group', 0, 18);
INSERT INTO pricing (id, studio_id, group_type, is_peak, price_per_half_hour) VALUES ('prc-006', 'la-scene', 'group', 1, 22);
INSERT INTO pricing (id, studio_id, group_type, is_peak, price_per_half_hour) VALUES ('prc-007', 'le-podium', 'solo', 0, 6);
INSERT INTO pricing (id, studio_id, group_type, is_peak, price_per_half_hour) VALUES ('prc-008', 'le-podium', 'solo', 1, 6);
INSERT INTO pricing (id, studio_id, group_type, is_peak, price_per_half_hour) VALUES ('prc-009', 'le-podium', 'duo', 0, 12);
INSERT INTO pricing (id, studio_id, group_type, is_peak, price_per_half_hour) VALUES ('prc-010', 'le-podium', 'duo', 1, 12);
INSERT INTO pricing (id, studio_id, group_type, is_peak, price_per_half_hour) VALUES ('prc-011', 'le-podium', 'group', 0, 15);
INSERT INTO pricing (id, studio_id, group_type, is_peak, price_per_half_hour) VALUES ('prc-012', 'le-podium', 'group', 1, 18);

-- Equipment (from booking.ts EQUIPMENT)
INSERT INTO equipment (id, equipment_id, name, max_per_session, pricing_type, session_pricing, price_per_hour) VALUES ('eq-001', 'cymbal', '2 Cymbales Crash', 1, 'session', '[3]', 0);
INSERT INTO equipment (id, equipment_id, name, max_per_session, pricing_type, session_pricing, price_per_hour) VALUES ('eq-002', 'mic', 'Micro supplémentaire', 4, 'session', '[3,5,6,6]', 2);
INSERT INTO equipment (id, equipment_id, name, max_per_session, pricing_type, session_pricing, price_per_hour) VALUES ('eq-003', 'guitar', 'Guitare électrique', 3, 'session', '[3,6,9]', 0);
INSERT INTO equipment (id, equipment_id, name, max_per_session, pricing_type, session_pricing, price_per_hour) VALUES ('eq-004', 'bass', 'Basse', 1, 'session', '[3]', 0);
INSERT INTO equipment (id, equipment_id, name, max_per_session, pricing_type, session_pricing, price_per_hour) VALUES ('eq-005', 'piano', 'Piano numérique', 2, 'session', '[3,6]', 0);

-- Opening hours (from booking.ts STUDIO_HOURS)
INSERT INTO opening_hours (id, studio_id, day_of_week, open_time, close_time, is_closed) VALUES ('oh-001', 'le-podium', 0, '10:00', '22:30', 0);
INSERT INTO opening_hours (id, studio_id, day_of_week, open_time, close_time, is_closed) VALUES ('oh-002', 'le-podium', 1, '18:00', '22:30', 0);
INSERT INTO opening_hours (id, studio_id, day_of_week, open_time, close_time, is_closed) VALUES ('oh-003', 'le-podium', 2, '10:00', '22:30', 0);
INSERT INTO opening_hours (id, studio_id, day_of_week, open_time, close_time, is_closed) VALUES ('oh-004', 'le-podium', 3, '10:00', '22:30', 0);
INSERT INTO opening_hours (id, studio_id, day_of_week, open_time, close_time, is_closed) VALUES ('oh-005', 'le-podium', 4, '10:00', '22:30', 0);
INSERT INTO opening_hours (id, studio_id, day_of_week, open_time, close_time, is_closed) VALUES ('oh-006', 'le-podium', 5, '10:00', '22:30', 0);
INSERT INTO opening_hours (id, studio_id, day_of_week, open_time, close_time, is_closed) VALUES ('oh-007', 'le-podium', 6, '10:00', '22:30', 0);
INSERT INTO opening_hours (id, studio_id, day_of_week, open_time, close_time, is_closed) VALUES ('oh-008', 'la-scene', 0, '10:00', '00:00', 0);
INSERT INTO opening_hours (id, studio_id, day_of_week, open_time, close_time, is_closed) VALUES ('oh-009', 'la-scene', 1, '18:00', '00:00', 0);
INSERT INTO opening_hours (id, studio_id, day_of_week, open_time, close_time, is_closed) VALUES ('oh-010', 'la-scene', 2, '10:00', '00:00', 0);
INSERT INTO opening_hours (id, studio_id, day_of_week, open_time, close_time, is_closed) VALUES ('oh-011', 'la-scene', 3, '10:00', '00:00', 0);
INSERT INTO opening_hours (id, studio_id, day_of_week, open_time, close_time, is_closed) VALUES ('oh-012', 'la-scene', 4, '10:00', '00:00', 0);
INSERT INTO opening_hours (id, studio_id, day_of_week, open_time, close_time, is_closed) VALUES ('oh-013', 'la-scene', 5, '10:00', '00:00', 0);
INSERT INTO opening_hours (id, studio_id, day_of_week, open_time, close_time, is_closed) VALUES ('oh-014', 'la-scene', 6, '10:00', '00:00', 0);

-- Promo codes (from booking.ts)
INSERT INTO promo_codes (id, code, type, value, min_total, is_active) VALUES ('prm-001', 'BIENVENUE', 'percentage', 10, 0, 1);
INSERT INTO promo_codes (id, code, type, value, min_total, is_active) VALUES ('prm-002', 'H3AMIS', 'fixed', 5, 15, 1);
INSERT INTO promo_codes (id, code, type, value, min_total, is_active) VALUES ('prm-003', 'ROCK2026', 'percentage', 15, 0, 1);

-- Default settings
INSERT INTO settings (id, key, value) VALUES ('set-001', 'booking_advance_days', '30');
INSERT INTO settings (id, key, value) VALUES ('set-002', 'cancellation_hours', '24');
INSERT INTO settings (id, key, value) VALUES ('set-003', 'max_booking_duration_slots', '12');

-- Users (50 clients)
INSERT INTO users (id, email, name, phone, band_name, notes, is_blocked, total_bookings, total_spent, created_at, updated_at) VALUES ('usr-001', 'marie.michel0@email.com', 'Marie Michel', '0667076632', 'The Groove', '', 0, 0, 0, '2025-09-17 18:28:50', '2025-09-17 18:28:50');
INSERT INTO users (id, email, name, phone, band_name, notes, is_blocked, total_bookings, total_spent, created_at, updated_at) VALUES ('usr-002', 'thomas.moreau1@email.com', 'Thomas Moreau', '0648201822', 'Electric Souls', '', 0, 0, 0, '2025-04-10 18:28:50', '2025-04-10 18:28:50');
INSERT INTO users (id, email, name, phone, band_name, notes, is_blocked, total_bookings, total_spent, created_at, updated_at) VALUES ('usr-003', 'nicolas.david2@email.com', 'Nicolas David', '0690312029', 'Jazz Fusion', '', 0, 0, 0, '2025-02-22 18:28:50', '2025-02-22 18:28:50');
INSERT INTO users (id, email, name, phone, band_name, notes, is_blocked, total_bookings, total_spent, created_at, updated_at) VALUES ('usr-004', 'maxime.petit3@email.com', 'Maxime Petit', '0680476433', 'Sound Wave', '', 1, 0, 0, '2025-02-23 18:28:50', '2025-02-23 18:28:50');
INSERT INTO users (id, email, name, phone, band_name, notes, is_blocked, total_bookings, total_spent, created_at, updated_at) VALUES ('usr-005', 'emma.michel4@email.com', 'Emma Michel', '0631142263', 'Jazz Fusion', '', 0, 0, 0, '2025-03-28 18:28:50', '2025-03-28 18:28:50');
INSERT INTO users (id, email, name, phone, band_name, notes, is_blocked, total_bookings, total_spent, created_at, updated_at) VALUES ('usr-006', 'julie.laurent5@email.com', 'Julie Laurent', '0653083956', 'Bass Line', '', 0, 0, 0, '2026-01-10 18:28:50', '2026-01-10 18:28:50');
INSERT INTO users (id, email, name, phone, band_name, notes, is_blocked, total_bookings, total_spent, created_at, updated_at) VALUES ('usr-007', 'maxime.richard6@email.com', 'Maxime Richard', '0691556340', 'Echo Chamber', '', 0, 0, 0, '2025-06-26 18:28:50', '2025-06-26 18:28:50');
INSERT INTO users (id, email, name, phone, band_name, notes, is_blocked, total_bookings, total_spent, created_at, updated_at) VALUES ('usr-008', 'camille.richard7@email.com', 'Camille Richard', '0640130253', 'Vocal Harmony', '', 0, 0, 0, '2026-02-03 18:28:50', '2026-02-03 18:28:50');
INSERT INTO users (id, email, name, phone, band_name, notes, is_blocked, total_bookings, total_spent, created_at, updated_at) VALUES ('usr-009', 'alexandre.simon8@email.com', 'Alexandre Simon', '0630613789', 'Echo Chamber', '', 0, 0, 0, '2025-04-12 18:28:50', '2025-04-12 18:28:50');
INSERT INTO users (id, email, name, phone, band_name, notes, is_blocked, total_bookings, total_spent, created_at, updated_at) VALUES ('usr-010', 'chloé.richard9@email.com', 'Chloé Richard', '0660344908', 'Jazz Fusion', '', 0, 0, 0, '2025-03-01 18:28:50', '2025-03-01 18:28:50');
INSERT INTO users (id, email, name, phone, band_name, notes, is_blocked, total_bookings, total_spent, created_at, updated_at) VALUES ('usr-011', 'pierre.durand10@email.com', 'Pierre Durand', '0693025340', 'Sound Wave', '', 0, 0, 0, '2025-05-29 18:28:50', '2025-05-29 18:28:50');
INSERT INTO users (id, email, name, phone, band_name, notes, is_blocked, total_bookings, total_spent, created_at, updated_at) VALUES ('usr-012', 'sophie.thomas11@email.com', 'Sophie Thomas', '0646252774', 'Guitar Heroes', '', 0, 0, 0, '2025-05-11 18:28:50', '2025-05-11 18:28:50');
INSERT INTO users (id, email, name, phone, band_name, notes, is_blocked, total_bookings, total_spent, created_at, updated_at) VALUES ('usr-013', 'lucas.dubois12@email.com', 'Lucas Dubois', '0699055722', 'Bass Line', '', 0, 0, 0, '2025-12-02 18:28:50', '2025-12-02 18:28:50');
INSERT INTO users (id, email, name, phone, band_name, notes, is_blocked, total_bookings, total_spent, created_at, updated_at) VALUES ('usr-014', 'sophie.dubois13@email.com', 'Sophie Dubois', '0691593575', 'Echo Chamber', '', 0, 0, 0, '2025-08-30 18:28:50', '2025-08-30 18:28:50');
INSERT INTO users (id, email, name, phone, band_name, notes, is_blocked, total_bookings, total_spent, created_at, updated_at) VALUES ('usr-015', 'alexandre.david14@email.com', 'Alexandre David', '0698140699', 'Drum Circle', '', 0, 0, 0, '2025-04-24 18:28:50', '2025-04-24 18:28:50');
INSERT INTO users (id, email, name, phone, band_name, notes, is_blocked, total_bookings, total_spent, created_at, updated_at) VALUES ('usr-016', 'léa.robert15@email.com', 'Léa Robert', '0661312963', 'Electric Souls', '', 1, 0, 0, '2025-05-03 18:28:50', '2025-05-03 18:28:50');
INSERT INTO users (id, email, name, phone, band_name, notes, is_blocked, total_bookings, total_spent, created_at, updated_at) VALUES ('usr-017', 'antoine.thomas16@email.com', 'Antoine Thomas', '0671159478', 'Acoustic Dreams', '', 1, 0, 0, '2025-04-15 18:28:50', '2025-04-15 18:28:50');
INSERT INTO users (id, email, name, phone, band_name, notes, is_blocked, total_bookings, total_spent, created_at, updated_at) VALUES ('usr-018', 'emma.dubois17@email.com', 'Emma Dubois', '0668224371', 'Sound Wave', '', 0, 0, 0, '2025-02-14 18:28:50', '2025-02-14 18:28:50');
INSERT INTO users (id, email, name, phone, band_name, notes, is_blocked, total_bookings, total_spent, created_at, updated_at) VALUES ('usr-019', 'emma.simon18@email.com', 'Emma Simon', '0651577808', 'Drum Circle', '', 0, 0, 0, '2025-12-13 18:28:50', '2025-12-13 18:28:50');
INSERT INTO users (id, email, name, phone, band_name, notes, is_blocked, total_bookings, total_spent, created_at, updated_at) VALUES ('usr-020', 'lucas.dubois19@email.com', 'Lucas Dubois', '0637527506', 'Vocal Harmony', '', 0, 0, 0, '2025-10-09 18:28:50', '2025-10-09 18:28:50');
INSERT INTO users (id, email, name, phone, band_name, notes, is_blocked, total_bookings, total_spent, created_at, updated_at) VALUES ('usr-021', 'léa.durand20@email.com', 'Léa Durand', '0695205899', 'Echo Chamber', '', 1, 0, 0, '2025-12-28 18:28:50', '2025-12-28 18:28:50');
INSERT INTO users (id, email, name, phone, band_name, notes, is_blocked, total_bookings, total_spent, created_at, updated_at) VALUES ('usr-022', 'maxime.petit21@email.com', 'Maxime Petit', '0639043373', 'Blues Brothers', '', 0, 0, 0, '2025-09-28 18:28:50', '2025-09-28 18:28:50');
INSERT INTO users (id, email, name, phone, band_name, notes, is_blocked, total_bookings, total_spent, created_at, updated_at) VALUES ('usr-023', 'emma.richard22@email.com', 'Emma Richard', '0626358200', 'The Groove', '', 0, 0, 0, '2026-01-14 18:28:50', '2026-01-14 18:28:50');
INSERT INTO users (id, email, name, phone, band_name, notes, is_blocked, total_bookings, total_spent, created_at, updated_at) VALUES ('usr-024', 'emma.david23@email.com', 'Emma David', '0626633035', 'Guitar Heroes', '', 0, 0, 0, '2025-04-23 18:28:50', '2025-04-23 18:28:50');
INSERT INTO users (id, email, name, phone, band_name, notes, is_blocked, total_bookings, total_spent, created_at, updated_at) VALUES ('usr-025', 'antoine.martin24@email.com', 'Antoine Martin', '0673499456', 'Jazz Fusion', '', 0, 0, 0, '2025-10-26 18:28:50', '2025-10-26 18:28:50');
INSERT INTO users (id, email, name, phone, band_name, notes, is_blocked, total_bookings, total_spent, created_at, updated_at) VALUES ('usr-026', 'thomas.richard25@email.com', 'Thomas Richard', '0659667072', 'Metal Storm', '', 0, 0, 0, '2025-08-07 18:28:50', '2025-08-07 18:28:50');
INSERT INTO users (id, email, name, phone, band_name, notes, is_blocked, total_bookings, total_spent, created_at, updated_at) VALUES ('usr-027', 'alexandre.simon26@email.com', 'Alexandre Simon', '0683275216', 'Sound Wave', '', 0, 0, 0, '2025-12-14 18:28:50', '2025-12-14 18:28:50');
INSERT INTO users (id, email, name, phone, band_name, notes, is_blocked, total_bookings, total_spent, created_at, updated_at) VALUES ('usr-028', 'emma.durand27@email.com', 'Emma Durand', '0636939260', 'Sound Wave', '', 0, 0, 0, '2025-05-27 18:28:50', '2025-05-27 18:28:50');
INSERT INTO users (id, email, name, phone, band_name, notes, is_blocked, total_bookings, total_spent, created_at, updated_at) VALUES ('usr-029', 'lucas.richard28@email.com', 'Lucas Richard', '0668896583', 'Drum Circle', '', 0, 0, 0, '2025-06-13 18:28:50', '2025-06-13 18:28:50');
INSERT INTO users (id, email, name, phone, band_name, notes, is_blocked, total_bookings, total_spent, created_at, updated_at) VALUES ('usr-030', 'pierre.durand29@email.com', 'Pierre Durand', '0690539876', 'Rhythm Section', '', 0, 0, 0, '2025-10-03 18:28:50', '2025-10-03 18:28:50');
INSERT INTO users (id, email, name, phone, band_name, notes, is_blocked, total_bookings, total_spent, created_at, updated_at) VALUES ('usr-031', 'antoine.garcia30@email.com', 'Antoine Garcia', '0618810767', 'Funk Masters', '', 0, 0, 0, '2025-06-12 18:28:50', '2025-06-12 18:28:50');
INSERT INTO users (id, email, name, phone, band_name, notes, is_blocked, total_bookings, total_spent, created_at, updated_at) VALUES ('usr-032', 'julie.martin31@email.com', 'Julie Martin', '0627968529', 'Drum Circle', '', 0, 0, 0, '2026-01-15 18:28:50', '2026-01-15 18:28:50');
INSERT INTO users (id, email, name, phone, band_name, notes, is_blocked, total_bookings, total_spent, created_at, updated_at) VALUES ('usr-033', 'hugo.bernard32@email.com', 'Hugo Bernard', '0647126056', 'Electric Souls', '', 0, 0, 0, '2025-12-23 18:28:50', '2025-12-23 18:28:50');
INSERT INTO users (id, email, name, phone, band_name, notes, is_blocked, total_bookings, total_spent, created_at, updated_at) VALUES ('usr-034', 'pierre.richard33@email.com', 'Pierre Richard', '0657593991', 'Metal Storm', '', 0, 0, 0, '2025-04-30 18:28:50', '2025-04-30 18:28:50');
INSERT INTO users (id, email, name, phone, band_name, notes, is_blocked, total_bookings, total_spent, created_at, updated_at) VALUES ('usr-035', 'sophie.durand34@email.com', 'Sophie Durand', '0670330166', 'Drum Circle', '', 0, 0, 0, '2025-06-17 18:28:50', '2025-06-17 18:28:50');
INSERT INTO users (id, email, name, phone, band_name, notes, is_blocked, total_bookings, total_spent, created_at, updated_at) VALUES ('usr-036', 'lucas.martin35@email.com', 'Lucas Martin', '0698737155', 'Electric Souls', '', 0, 0, 0, '2025-07-25 18:28:50', '2025-07-25 18:28:50');
INSERT INTO users (id, email, name, phone, band_name, notes, is_blocked, total_bookings, total_spent, created_at, updated_at) VALUES ('usr-037', 'laura.petit36@email.com', 'Laura Petit', '0695951280', 'Les Rockeurs', '', 0, 0, 0, '2025-09-01 18:28:50', '2025-09-01 18:28:50');
INSERT INTO users (id, email, name, phone, band_name, notes, is_blocked, total_bookings, total_spent, created_at, updated_at) VALUES ('usr-038', 'antoine.david37@email.com', 'Antoine David', '0617980387', 'Rhythm Section', '', 0, 0, 0, '2025-12-11 18:28:50', '2025-12-11 18:28:50');
INSERT INTO users (id, email, name, phone, band_name, notes, is_blocked, total_bookings, total_spent, created_at, updated_at) VALUES ('usr-039', 'laura.dubois38@email.com', 'Laura Dubois', '0635926990', 'Sound Wave', '', 0, 0, 0, '2025-11-29 18:28:50', '2025-11-29 18:28:50');
INSERT INTO users (id, email, name, phone, band_name, notes, is_blocked, total_bookings, total_spent, created_at, updated_at) VALUES ('usr-040', 'léa.durand39@email.com', 'Léa Durand', '0692872880', 'Metal Storm', '', 0, 0, 0, '2025-03-14 18:28:50', '2025-03-14 18:28:50');
INSERT INTO users (id, email, name, phone, band_name, notes, is_blocked, total_bookings, total_spent, created_at, updated_at) VALUES ('usr-041', 'antoine.durand40@email.com', 'Antoine Durand', '0628608079', 'Vocal Harmony', '', 0, 0, 0, '2025-08-10 18:28:50', '2025-08-10 18:28:50');
INSERT INTO users (id, email, name, phone, band_name, notes, is_blocked, total_bookings, total_spent, created_at, updated_at) VALUES ('usr-042', 'pierre.dubois41@email.com', 'Pierre Dubois', '0633042497', 'Funk Masters', '', 0, 0, 0, '2025-05-25 18:28:50', '2025-05-25 18:28:50');
INSERT INTO users (id, email, name, phone, band_name, notes, is_blocked, total_bookings, total_spent, created_at, updated_at) VALUES ('usr-043', 'léa.moreau42@email.com', 'Léa Moreau', '0660778365', 'Les Rockeurs', '', 0, 0, 0, '2025-11-14 18:28:50', '2025-11-14 18:28:50');
INSERT INTO users (id, email, name, phone, band_name, notes, is_blocked, total_bookings, total_spent, created_at, updated_at) VALUES ('usr-044', 'léa.moreau43@email.com', 'Léa Moreau', '0635232276', 'Blues Brothers', '', 1, 0, 0, '2025-12-02 18:28:50', '2025-12-02 18:28:50');
INSERT INTO users (id, email, name, phone, band_name, notes, is_blocked, total_bookings, total_spent, created_at, updated_at) VALUES ('usr-045', 'thomas.martin44@email.com', 'Thomas Martin', '0645747845', 'Blues Brothers', '', 0, 0, 0, '2025-05-29 18:28:50', '2025-05-29 18:28:50');
INSERT INTO users (id, email, name, phone, band_name, notes, is_blocked, total_bookings, total_spent, created_at, updated_at) VALUES ('usr-046', 'hugo.michel45@email.com', 'Hugo Michel', '0663246719', 'Sound Wave', '', 0, 0, 0, '2025-09-06 18:28:50', '2025-09-06 18:28:50');
INSERT INTO users (id, email, name, phone, band_name, notes, is_blocked, total_bookings, total_spent, created_at, updated_at) VALUES ('usr-047', 'emma.bernard46@email.com', 'Emma Bernard', '0656516312', 'Guitar Heroes', '', 0, 0, 0, '2025-07-07 18:28:50', '2025-07-07 18:28:50');
INSERT INTO users (id, email, name, phone, band_name, notes, is_blocked, total_bookings, total_spent, created_at, updated_at) VALUES ('usr-048', 'pierre.david47@email.com', 'Pierre David', '0624211342', 'Metal Storm', '', 0, 0, 0, '2025-12-11 18:28:50', '2025-12-11 18:28:50');
INSERT INTO users (id, email, name, phone, band_name, notes, is_blocked, total_bookings, total_spent, created_at, updated_at) VALUES ('usr-049', 'antoine.moreau48@email.com', 'Antoine Moreau', '0675903998', 'Les Rockeurs', '', 0, 0, 0, '2025-06-16 18:28:50', '2025-06-16 18:28:50');
INSERT INTO users (id, email, name, phone, band_name, notes, is_blocked, total_bookings, total_spent, created_at, updated_at) VALUES ('usr-050', 'lucas.petit49@email.com', 'Lucas Petit', '0695276466', 'Echo Chamber', '', 0, 0, 0, '2026-01-30 18:28:50', '2026-01-30 18:28:50');

-- Bookings and Payments (~600 bookings)
INSERT INTO bookings (id, booking_ref, user_id, studio_id, date, start_time, end_time, group_type, status, base_price, equipment_price, total_price, equipment, payment_method, payment_status, notes, created_at, updated_at, cancelled_at, cancel_reason) VALUES ('bk-0001', 'H3-20260107-I8SU', 'usr-004', 'la-scene', '2026-01-13', '12:00', '13:30', 'group', 'completed', 54, 0, 54, NULL, 'cash', 'paid', '', '2026-01-07 23:00:00', '2026-01-07 23:00:00', NULL, NULL);
INSERT INTO payments (id, booking_id, amount, method, status, refunded_amount, paid_at, created_at) VALUES ('pay-0001', 'bk-0001', 54, 'cash', 'paid', 0, '2026-01-13 23:00:00', '2026-01-07 23:00:00');
INSERT INTO bookings (id, booking_ref, user_id, studio_id, date, start_time, end_time, group_type, status, base_price, equipment_price, total_price, equipment, payment_method, payment_status, notes, created_at, updated_at, cancelled_at, cancel_reason) VALUES ('bk-0002', 'H3-20260108-5ZE7', 'usr-001', 'la-scene', '2026-01-13', '17:00', '18:30', 'duo', 'completed', 36, 9, 45, '[{"id":"guitar","quantity":2},{"id":"bass","quantity":1}]', 'card', 'paid', '', '2026-01-08 23:00:00', '2026-01-08 23:00:00', NULL, NULL);
INSERT INTO payments (id, booking_id, amount, method, status, refunded_amount, paid_at, created_at) VALUES ('pay-0002', 'bk-0002', 45, 'card', 'paid', 0, '2026-01-08 23:00:00', '2026-01-08 23:00:00');
INSERT INTO bookings (id, booking_ref, user_id, studio_id, date, start_time, end_time, group_type, status, base_price, equipment_price, total_price, equipment, payment_method, payment_status, notes, created_at, updated_at, cancelled_at, cancel_reason) VALUES ('bk-0003', 'H3-20251230-XYEI', 'usr-001', 'la-scene', '2026-01-13', '14:00', '15:30', 'group', 'completed', 54, 0, 54, NULL, 'card', 'paid', '', '2025-12-30 23:00:00', '2025-12-30 23:00:00', NULL, NULL);
INSERT INTO payments (id, booking_id, amount, method, status, refunded_amount, paid_at, created_at) VALUES ('pay-0003', 'bk-0003', 54, 'card', 'paid', 0, '2025-12-30 23:00:00', '2025-12-30 23:00:00');
INSERT INTO bookings (id, booking_ref, user_id, studio_id, date, start_time, end_time, group_type, status, base_price, equipment_price, total_price, equipment, payment_method, payment_status, notes, created_at, updated_at, cancelled_at, cancel_reason) VALUES ('bk-0004', 'H3-20260103-0SVH', 'usr-033', 'la-scene', '2026-01-13', '20:00', '21:00', 'group', 'completed', 44, 0, 44, NULL, 'card', 'paid', '', '2026-01-03 23:00:00', '2026-01-03 23:00:00', NULL, NULL);
INSERT INTO payments (id, booking_id, amount, method, status, refunded_amount, paid_at, created_at) VALUES ('pay-0004', 'bk-0004', 44, 'card', 'paid', 0, '2026-01-03 23:00:00', '2026-01-03 23:00:00');
INSERT INTO bookings (id, booking_ref, user_id, studio_id, date, start_time, end_time, group_type, status, base_price, equipment_price, total_price, equipment, payment_method, payment_status, notes, created_at, updated_at, cancelled_at, cancel_reason) VALUES ('bk-0005', 'H3-20260110-B6QS', 'usr-048', 'le-podium', '2026-01-13', '18:30', '19:30', 'solo', 'completed', 12, 0, 12, NULL, 'card', 'paid', '', '2026-01-10 23:00:00', '2026-01-10 23:00:00', NULL, NULL);
INSERT INTO payments (id, booking_id, amount, method, status, refunded_amount, paid_at, created_at) VALUES ('pay-0005', 'bk-0005', 12, 'card', 'paid', 0, '2026-01-10 23:00:00', '2026-01-10 23:00:00');
INSERT INTO bookings (id, booking_ref, user_id, studio_id, date, start_time, end_time, group_type, status, base_price, equipment_price, total_price, equipment, payment_method, payment_status, notes, created_at, updated_at, cancelled_at, cancel_reason) VALUES ('bk-0006', 'H3-20251230-ONWS', 'usr-045', 'la-scene', '2026-01-13', '17:30', '18:30', 'duo', 'completed', 24, 3, 27, '[{"id":"mic","quantity":1}]', 'card', 'paid', '', '2025-12-30 23:00:00', '2025-12-30 23:00:00', NULL, NULL);
INSERT INTO payments (id, booking_id, amount, method, status, refunded_amount, paid_at, created_at) VALUES ('pay-0006', 'bk-0006', 27, 'card', 'paid', 0, '2025-12-30 23:00:00', '2025-12-30 23:00:00');
INSERT INTO bookings (id, booking_ref, user_id, studio_id, date, start_time, end_time, group_type, status, base_price, equipment_price, total_price, equipment, payment_method, payment_status, notes, created_at, updated_at, cancelled_at, cancel_reason) VALUES ('bk-0007', 'H3-20251230-FY7M', 'usr-040', 'la-scene', '2026-01-13', '17:30', '18:30', 'solo', 'completed', 12, 0, 12, NULL, 'card', 'paid', '', '2025-12-30 23:00:00', '2025-12-30 23:00:00', NULL, NULL);
INSERT INTO payments (id, booking_id, amount, method, status, refunded_amount, paid_at, created_at) VALUES ('pay-0007', 'bk-0007', 12, 'card', 'paid', 0, '2025-12-30 23:00:00', '2025-12-30 23:00:00');
INSERT INTO bookings (id, booking_ref, user_id, studio_id, date, start_time, end_time, group_type, status, base_price, equipment_price, total_price, equipment, payment_method, payment_status, notes, created_at, updated_at, cancelled_at, cancel_reason) VALUES ('bk-0008', 'H3-20260111-DBMK', 'usr-010', 'la-scene', '2026-01-13', '14:30', '16:00', 'group', 'completed', 54, 9, 63, '[{"id":"guitar","quantity":2},{"id":"bass","quantity":2}]', 'cash', 'paid', '', '2026-01-11 23:00:00', '2026-01-11 23:00:00', NULL, NULL);
INSERT INTO payments (id, booking_id, amount, method, status, refunded_amount, paid_at, created_at) VALUES ('pay-0008', 'bk-0008', 63, 'cash', 'paid', 0, '2026-01-13 23:00:00', '2026-01-11 23:00:00');
INSERT INTO bookings (id, booking_ref, user_id, studio_id, date, start_time, end_time, group_type, status, base_price, equipment_price, total_price, equipment, payment_method, payment_status, notes, created_at, updated_at, cancelled_at, cancel_reason) VALUES ('bk-0009', 'H3-20260108-KQ5F', 'usr-011', 'le-podium', '2026-01-13', '22:00', '23:00', 'group', 'completed', 36, 0, 36, NULL, 'card', 'paid', '', '2026-01-08 23:00:00', '2026-01-08 23:00:00', NULL, NULL);
INSERT INTO payments (id, booking_id, amount, method, status, refunded_amount, paid_at, created_at) VALUES ('pay-0009', 'bk-0009', 36, 'card', 'paid', 0, '2026-01-08 23:00:00', '2026-01-08 23:00:00');
INSERT INTO bookings (id, booking_ref, user_id, studio_id, date, start_time, end_time, group_type, status, base_price, equipment_price, total_price, equipment, payment_method, payment_status, notes, created_at, updated_at, cancelled_at, cancel_reason) VALUES ('bk-0010', 'H3-20260109-OXTZ', 'usr-026', 'le-podium', '2026-01-13', '13:00', '14:00', 'solo', 'completed', 12, 6, 18, '[{"id":"piano","quantity":2}]', 'cash', 'paid', '', '2026-01-09 23:00:00', '2026-01-09 23:00:00', NULL, NULL);
INSERT INTO payments (id, booking_id, amount, method, status, refunded_amount, paid_at, created_at) VALUES ('pay-0010', 'bk-0010', 18, 'cash', 'paid', 0, '2026-01-13 23:00:00', '2026-01-09 23:00:00');
INSERT INTO bookings (id, booking_ref, user_id, studio_id, date, start_time, end_time, group_type, status, base_price, equipment_price, total_price, equipment, payment_method, payment_status, notes, created_at, updated_at, cancelled_at, cancel_reason) VALUES ('bk-0011', 'H3-20260109-UHIB', 'usr-037', 'la-scene', '2026-01-13', '21:30', '22:30', 'group', 'cancelled', 44, 9, 53, '[{"id":"mic","quantity":1},{"id":"piano","quantity":2}]', 'card', 'paid', '', '2026-01-09 23:00:00', '2026-01-09 23:00:00', '2026-01-11 23:00:00', 'Maladie');
INSERT INTO payments (id, booking_id, amount, method, status, refunded_amount, paid_at, created_at) VALUES ('pay-0011', 'bk-0011', 53, 'card', 'paid', 0, '2026-01-09 23:00:00', '2026-01-09 23:00:00');
INSERT INTO bookings (id, booking_ref, user_id, studio_id, date, start_time, end_time, group_type, status, base_price, equipment_price, total_price, equipment, payment_method, payment_status, notes, created_at, updated_at, cancelled_at, cancel_reason) VALUES ('bk-0012', 'H3-20260102-W7EP', 'usr-007', 'le-podium', '2026-01-13', '15:00', '16:00', 'group', 'completed', 30, 6, 36, '[{"id":"cymbal","quantity":2},{"id":"bass","quantity":2}]', 'card', 'paid', '', '2026-01-02 23:00:00', '2026-01-02 23:00:00', NULL, NULL);
INSERT INTO payments (id, booking_id, amount, method, status, refunded_amount, paid_at, created_at) VALUES ('pay-0012', 'bk-0012', 36, 'card', 'paid', 0, '2026-01-02 23:00:00', '2026-01-02 23:00:00');
INSERT INTO bookings (id, booking_ref, user_id, studio_id, date, start_time, end_time, group_type, status, base_price, equipment_price, total_price, equipment, payment_method, payment_status, notes, created_at, updated_at, cancelled_at, cancel_reason) VALUES ('bk-0013', 'H3-20260108-TDHY', 'usr-028', 'la-scene', '2026-01-13', '16:00', '17:30', 'group', 'no-show', 54, 9, 63, '[{"id":"cymbal","quantity":2},{"id":"piano","quantity":2}]', 'card', 'paid', '', '2026-01-08 23:00:00', '2026-01-08 23:00:00', NULL, NULL);
INSERT INTO payments (id, booking_id, amount, method, status, refunded_amount, paid_at, created_at) VALUES ('pay-0013', 'bk-0013', 63, 'card', 'paid', 0, '2026-01-08 23:00:00', '2026-01-08 23:00:00');
INSERT INTO bookings (id, booking_ref, user_id, studio_id, date, start_time, end_time, group_type, status, base_price, equipment_price, total_price, equipment, payment_method, payment_status, notes, created_at, updated_at, cancelled_at, cancel_reason) VALUES ('bk-0014', 'H3-20260110-YL6R', 'usr-012', 'la-scene', '2026-01-13', '09:00', '10:00', 'solo', 'completed', 12, 0, 12, NULL, 'cash', 'paid', '', '2026-01-10 23:00:00', '2026-01-10 23:00:00', NULL, NULL);
INSERT INTO payments (id, booking_id, amount, method, status, refunded_amount, paid_at, created_at) VALUES ('pay-0014', 'bk-0014', 12, 'cash', 'paid', 0, '2026-01-13 23:00:00', '2026-01-10 23:00:00');
INSERT INTO bookings (id, booking_ref, user_id, studio_id, date, start_time, end_time, group_type, status, base_price, equipment_price, total_price, equipment, payment_method, payment_status, notes, created_at, updated_at, cancelled_at, cancel_reason) VALUES ('bk-0015', 'H3-20260105-0D9Q', 'usr-041', 'la-scene', '2026-01-13', '21:30', '23:00', 'solo', 'completed', 18, 0, 18, NULL, 'card', 'paid', '', '2026-01-05 23:00:00', '2026-01-05 23:00:00', NULL, NULL);
INSERT INTO payments (id, booking_id, amount, method, status, refunded_amount, paid_at, created_at) VALUES ('pay-0015', 'bk-0015', 18, 'card', 'paid', 0, '2026-01-05 23:00:00', '2026-01-05 23:00:00');
INSERT INTO bookings (id, booking_ref, user_id, studio_id, date, start_time, end_time, group_type, status, base_price, equipment_price, total_price, equipment, payment_method, payment_status, notes, created_at, updated_at, cancelled_at, cancel_reason) VALUES ('bk-0016', 'H3-20260104-WLWL', 'usr-034', 'la-scene', '2026-01-13', '16:00', '17:00', 'group', 'completed', 36, 0, 36, NULL, 'card', 'paid', '', '2026-01-04 23:00:00', '2026-01-04 23:00:00', NULL, NULL);
INSERT INTO payments (id, booking_id, amount, method, status, refunded_amount, paid_at, created_at) VALUES ('pay-0016', 'bk-0016', 36, 'card', 'paid', 0, '2026-01-04 23:00:00', '2026-01-04 23:00:00');
INSERT INTO bookings (id, booking_ref, user_id, studio_id, date, start_time, end_time, group_type, status, base_price, equipment_price, total_price, equipment, payment_method, payment_status, notes, created_at, updated_at, cancelled_at, cancel_reason) VALUES ('bk-0017', 'H3-20260105-3SUZ', 'usr-037', 'le-podium', '2026-01-13', '21:00', '22:00', 'group', 'completed', 36, 0, 36, NULL, 'cash', 'paid', '', '2026-01-05 23:00:00', '2026-01-05 23:00:00', NULL, NULL);
INSERT INTO payments (id, booking_id, amount, method, status, refunded_amount, paid_at, created_at) VALUES ('pay-0017', 'bk-0017', 36, 'cash', 'paid', 0, '2026-01-13 23:00:00', '2026-01-05 23:00:00');
INSERT INTO bookings (id, booking_ref, user_id, studio_id, date, start_time, end_time, group_type, status, base_price, equipment_price, total_price, equipment, payment_method, payment_status, notes, created_at, updated_at, cancelled_at, cancel_reason) VALUES ('bk-0018', 'H3-20260107-AL74', 'usr-020', 'le-podium', '2026-01-13', '12:30', '13:30', 'solo', 'completed', 12, 0, 12, NULL, 'card', 'paid', '', '2026-01-07 23:00:00', '2026-01-07 23:00:00', NULL, NULL);
INSERT INTO payments (id, booking_id, amount, method, status, refunded_amount, paid_at, created_at) VALUES ('pay-0018', 'bk-0018', 12, 'card', 'paid', 0, '2026-01-07 23:00:00', '2026-01-07 23:00:00');
INSERT INTO bookings (id, booking_ref, user_id, studio_id, date, start_time, end_time, group_type, status, base_price, equipment_price, total_price, equipment, payment_method, payment_status, notes, created_at, updated_at, cancelled_at, cancel_reason) VALUES ('bk-0019', 'H3-20260101-22G9', 'usr-033', 'le-podium', '2026-01-13', '18:00', '19:00', 'group', 'no-show', 36, 0, 36, NULL, 'card', 'paid', '', '2026-01-01 23:00:00', '2026-01-01 23:00:00', NULL, NULL);
INSERT INTO payments (id, booking_id, amount, method, status, refunded_amount, paid_at, created_at) VALUES ('pay-0019', 'bk-0019', 36, 'card', 'paid', 0, '2026-01-01 23:00:00', '2026-01-01 23:00:00');
INSERT INTO bookings (id, booking_ref, user_id, studio_id, date, start_time, end_time, group_type, status, base_price, equipment_price, total_price, equipment, payment_method, payment_status, notes, created_at, updated_at, cancelled_at, cancel_reason) VALUES ('bk-0020', 'H3-20251231-CDQ0', 'usr-028', 'le-podium', '2026-01-13', '21:30', '23:00', 'duo', 'no-show', 36, 3, 39, '[{"id":"mic","quantity":1}]', 'cash', 'pending', '', '2025-12-31 23:00:00', '2025-12-31 23:00:00', NULL, NULL);
INSERT INTO payments (id, booking_id, amount, method, status, refunded_amount, paid_at, created_at) VALUES ('pay-0020', 'bk-0020', 39, 'cash', 'pending', 0, NULL, '2025-12-31 23:00:00');
INSERT INTO bookings (id, booking_ref, user_id, studio_id, date, start_time, end_time, group_type, status, base_price, equipment_price, total_price, equipment, payment_method, payment_status, notes, created_at, updated_at, cancelled_at, cancel_reason) VALUES ('bk-0021', 'H3-20260103-5Y31', 'usr-026', 'le-podium', '2026-01-14', '22:30', '23:30', 'group', 'completed', 36, 6, 42, '[{"id":"bass","quantity":2},{"id":"cymbal","quantity":2}]', 'card', 'paid', '', '2026-01-03 23:00:00', '2026-01-03 23:00:00', NULL, NULL);
INSERT INTO payments (id, booking_id, amount, method, status, refunded_amount, paid_at, created_at) VALUES ('pay-0021', 'bk-0021', 42, 'card', 'paid', 0, '2026-01-03 23:00:00', '2026-01-03 23:00:00');
INSERT INTO bookings (id, booking_ref, user_id, studio_id, date, start_time, end_time, group_type, status, base_price, equipment_price, total_price, equipment, payment_method, payment_status, notes, created_at, updated_at, cancelled_at, cancel_reason) VALUES ('bk-0022', 'H3-20260104-GN0E', 'usr-032', 'la-scene', '2026-01-14', '15:30', '17:00', 'solo', 'completed', 18, 0, 18, NULL, 'card', 'paid', '', '2026-01-04 23:00:00', '2026-01-04 23:00:00', NULL, NULL);
INSERT INTO payments (id, booking_id, amount, method, status, refunded_amount, paid_at, created_at) VALUES ('pay-0022', 'bk-0022', 18, 'card', 'paid', 0, '2026-01-04 23:00:00', '2026-01-04 23:00:00');
INSERT INTO bookings (id, booking_ref, user_id, studio_id, date, start_time, end_time, group_type, status, base_price, equipment_price, total_price, equipment, payment_method, payment_status, notes, created_at, updated_at, cancelled_at, cancel_reason) VALUES ('bk-0023', 'H3-20260109-7NW0', 'usr-036', 'la-scene', '2026-01-14', '17:30', '18:30', 'group', 'completed', 40, 0, 40, NULL, 'cash', 'paid', '', '2026-01-09 23:00:00', '2026-01-09 23:00:00', NULL, NULL);
INSERT INTO payments (id, booking_id, amount, method, status, refunded_amount, paid_at, created_at) VALUES ('pay-0023', 'bk-0023', 40, 'cash', 'paid', 0, '2026-01-14 23:00:00', '2026-01-09 23:00:00');
INSERT INTO bookings (id, booking_ref, user_id, studio_id, date, start_time, end_time, group_type, status, base_price, equipment_price, total_price, equipment, payment_method, payment_status, notes, created_at, updated_at, cancelled_at, cancel_reason) VALUES ('bk-0024', 'H3-20260102-FPRQ', 'usr-017', 'le-podium', '2026-01-14', '17:30', '18:30', 'group', 'completed', 33, 0, 33, NULL, 'card', 'paid', '', '2026-01-02 23:00:00', '2026-01-02 23:00:00', NULL, NULL);
INSERT INTO payments (id, booking_id, amount, method, status, refunded_amount, paid_at, created_at) VALUES ('pay-0024', 'bk-0024', 33, 'card', 'paid', 0, '2026-01-02 23:00:00', '2026-01-02 23:00:00');
INSERT INTO bookings (id, booking_ref, user_id, studio_id, date, start_time, end_time, group_type, status, base_price, equipment_price, total_price, equipment, payment_method, payment_status, notes, created_at, updated_at, cancelled_at, cancel_reason) VALUES ('bk-0025', 'H3-20260103-A7DQ', 'usr-012', 'la-scene', '2026-01-14', '13:30', '14:30', 'duo', 'completed', 24, 0, 24, NULL, 'card', 'paid', '', '2026-01-03 23:00:00', '2026-01-03 23:00:00', NULL, NULL);
INSERT INTO payments (id, booking_id, amount, method, status, refunded_amount, paid_at, created_at) VALUES ('pay-0025', 'bk-0025', 24, 'card', 'paid', 0, '2026-01-03 23:00:00', '2026-01-03 23:00:00');
INSERT INTO bookings (id, booking_ref, user_id, studio_id, date, start_time, end_time, group_type, status, base_price, equipment_price, total_price, equipment, payment_method, payment_status, notes, created_at, updated_at, cancelled_at, cancel_reason) VALUES ('bk-0026', 'H3-20260107-2MFL', 'usr-042', 'la-scene', '2026-01-14', '14:30', '15:30', 'solo', 'completed', 12, 0, 12, NULL, 'cash', 'paid', '', '2026-01-07 23:00:00', '2026-01-07 23:00:00', NULL, NULL);
INSERT INTO payments (id, booking_id, amount, method, status, refunded_amount, paid_at, created_at) VALUES ('pay-0026', 'bk-0026', 12, 'cash', 'paid', 0, '2026-01-14 23:00:00', '2026-01-07 23:00:00');
INSERT INTO bookings (id, booking_ref, user_id, studio_id, date, start_time, end_time, group_type, status, base_price, equipment_price, total_price, equipment, payment_method, payment_status, notes, created_at, updated_at, cancelled_at, cancel_reason) VALUES ('bk-0027', 'H3-20260104-X0L3', 'usr-014', 'le-podium', '2026-01-14', '18:30', '20:00', 'solo', 'completed', 18, 12, 30, '[{"id":"piano","quantity":2},{"id":"guitar","quantity":2}]', 'card', 'paid', '', '2026-01-04 23:00:00', '2026-01-04 23:00:00', NULL, NULL);
INSERT INTO payments (id, booking_id, amount, method, status, refunded_amount, paid_at, created_at) VALUES ('pay-0027', 'bk-0027', 30, 'card', 'paid', 0, '2026-01-04 23:00:00', '2026-01-04 23:00:00');
INSERT INTO bookings (id, booking_ref, user_id, studio_id, date, start_time, end_time, group_type, status, base_price, equipment_price, total_price, equipment, payment_method, payment_status, notes, created_at, updated_at, cancelled_at, cancel_reason) VALUES ('bk-0028', 'H3-20260106-XBTV', 'usr-013', 'le-podium', '2026-01-14', '12:00', '13:00', 'solo', 'completed', 12, 0, 12, NULL, 'cash', 'paid', '', '2026-01-06 23:00:00', '2026-01-06 23:00:00', NULL, NULL);
INSERT INTO payments (id, booking_id, amount, method, status, refunded_amount, paid_at, created_at) VALUES ('pay-0028', 'bk-0028', 12, 'cash', 'paid', 0, '2026-01-14 23:00:00', '2026-01-06 23:00:00');
INSERT INTO bookings (id, booking_ref, user_id, studio_id, date, start_time, end_time, group_type, status, base_price, equipment_price, total_price, equipment, payment_method, payment_status, notes, created_at, updated_at, cancelled_at, cancel_reason) VALUES ('bk-0029', 'H3-20260112-0X2R', 'usr-025', 'le-podium', '2026-01-14', '14:30', '16:00', 'group', 'completed', 45, 6, 51, '[{"id":"bass","quantity":1},{"id":"cymbal","quantity":1}]', 'card', 'paid', '', '2026-01-12 23:00:00', '2026-01-12 23:00:00', NULL, NULL);
INSERT INTO payments (id, booking_id, amount, method, status, refunded_amount, paid_at, created_at) VALUES ('pay-0029', 'bk-0029', 51, 'card', 'paid', 0, '2026-01-12 23:00:00', '2026-01-12 23:00:00');
INSERT INTO bookings (id, booking_ref, user_id, studio_id, date, start_time, end_time, group_type, status, base_price, equipment_price, total_price, equipment, payment_method, payment_status, notes, created_at, updated_at, cancelled_at, cancel_reason) VALUES ('bk-0030', 'H3-20260104-2I29', 'usr-013', 'le-podium', '2026-01-14', '10:00', '11:30', 'group', 'completed', 45, 3, 48, '[{"id":"cymbal","quantity":2}]', 'cash', 'paid', '', '2026-01-04 23:00:00', '2026-01-04 23:00:00', NULL, NULL);
INSERT INTO payments (id, booking_id, amount, method, status, refunded_amount, paid_at, created_at) VALUES ('pay-0030', 'bk-0030', 48, 'cash', 'paid', 0, '2026-01-14 23:00:00', '2026-01-04 23:00:00');
INSERT INTO bookings (id, booking_ref, user_id, studio_id, date, start_time, end_time, group_type, status, base_price, equipment_price, total_price, equipment, payment_method, payment_status, notes, created_at, updated_at, cancelled_at, cancel_reason) VALUES ('bk-0031', 'H3-20260112-LKH6', 'usr-013', 'la-scene', '2026-01-14', '21:00', '22:30', 'group', 'cancelled', 66, 0, 66, NULL, 'cash', 'pending', '', '2026-01-12 23:00:00', '2026-01-12 23:00:00', '2026-01-13 23:00:00', 'Changement de plans');
INSERT INTO payments (id, booking_id, amount, method, status, refunded_amount, paid_at, created_at) VALUES ('pay-0031', 'bk-0031', 66, 'cash', 'pending', 0, NULL, '2026-01-12 23:00:00');
INSERT INTO bookings (id, booking_ref, user_id, studio_id, date, start_time, end_time, group_type, status, base_price, equipment_price, total_price, equipment, payment_method, payment_status, notes, created_at, updated_at, cancelled_at, cancel_reason) VALUES ('bk-0032', 'H3-20260111-G1JY', 'usr-022', 'le-podium', '2026-01-14', '16:00', '17:00', 'solo', 'completed', 12, 0, 12, NULL, 'cash', 'paid', '', '2026-01-11 23:00:00', '2026-01-11 23:00:00', NULL, NULL);
INSERT INTO payments (id, booking_id, amount, method, status, refunded_amount, paid_at, created_at) VALUES ('pay-0032', 'bk-0032', 12, 'cash', 'paid', 0, '2026-01-14 23:00:00', '2026-01-11 23:00:00');
INSERT INTO bookings (id, booking_ref, user_id, studio_id, date, start_time, end_time, group_type, status, base_price, equipment_price, total_price, equipment, payment_method, payment_status, notes, created_at, updated_at, cancelled_at, cancel_reason) VALUES ('bk-0033', 'H3-20260111-Q0EN', 'usr-029', 'le-podium', '2026-01-14', '14:00', '15:00', 'group', 'completed', 30, 0, 30, NULL, 'cash', 'paid', '', '2026-01-11 23:00:00', '2026-01-11 23:00:00', NULL, NULL);
INSERT INTO payments (id, booking_id, amount, method, status, refunded_amount, paid_at, created_at) VALUES ('pay-0033', 'bk-0033', 30, 'cash', 'paid', 0, '2026-01-14 23:00:00', '2026-01-11 23:00:00');
INSERT INTO bookings (id, booking_ref, user_id, studio_id, date, start_time, end_time, group_type, status, base_price, equipment_price, total_price, equipment, payment_method, payment_status, notes, created_at, updated_at, cancelled_at, cancel_reason) VALUES ('bk-0034', 'H3-20260102-VM1V', 'usr-043', 'le-podium', '2026-01-14', '18:30', '19:30', 'duo', 'completed', 24, 9, 33, '[{"id":"guitar","quantity":2},{"id":"piano","quantity":1}]', 'cash', 'paid', '', '2026-01-02 23:00:00', '2026-01-02 23:00:00', NULL, NULL);
INSERT INTO payments (id, booking_id, amount, method, status, refunded_amount, paid_at, created_at) VALUES ('pay-0034', 'bk-0034', 33, 'cash', 'paid', 0, '2026-01-14 23:00:00', '2026-01-02 23:00:00');
INSERT INTO bookings (id, booking_ref, user_id, studio_id, date, start_time, end_time, group_type, status, base_price, equipment_price, total_price, equipment, payment_method, payment_status, notes, created_at, updated_at, cancelled_at, cancel_reason) VALUES ('bk-0035', 'H3-20260104-QIG5', 'usr-036', 'la-scene', '2026-01-15', '09:00', '10:00', 'duo', 'completed', 24, 0, 24, NULL, 'cash', 'paid', '', '2026-01-04 23:00:00', '2026-01-04 23:00:00', NULL, NULL);
INSERT INTO payments (id, booking_id, amount, method, status, refunded_amount, paid_at, created_at) VALUES ('pay-0035', 'bk-0035', 24, 'cash', 'paid', 0, '2026-01-15 23:00:00', '2026-01-04 23:00:00');
INSERT INTO bookings (id, booking_ref, user_id, studio_id, date, start_time, end_time, group_type, status, base_price, equipment_price, total_price, equipment, payment_method, payment_status, notes, created_at, updated_at, cancelled_at, cancel_reason) VALUES ('bk-0036', 'H3-20260105-1C1S', 'usr-010', 'la-scene', '2026-01-15', '18:00', '19:00', 'group', 'no-show', 44, 0, 44, NULL, 'card', 'paid', '', '2026-01-05 23:00:00', '2026-01-05 23:00:00', NULL, NULL);
INSERT INTO payments (id, booking_id, amount, method, status, refunded_amount, paid_at, created_at) VALUES ('pay-0036', 'bk-0036', 44, 'card', 'paid', 0, '2026-01-05 23:00:00', '2026-01-05 23:00:00');
INSERT INTO bookings (id, booking_ref, user_id, studio_id, date, start_time, end_time, group_type, status, base_price, equipment_price, total_price, equipment, payment_method, payment_status, notes, created_at, updated_at, cancelled_at, cancel_reason) VALUES ('bk-0037', 'H3-20260105-GZT0', 'usr-044', 'la-scene', '2026-01-15', '13:00', '14:30', 'group', 'completed', 54, 0, 54, NULL, 'cash', 'paid', '', '2026-01-05 23:00:00', '2026-01-05 23:00:00', NULL, NULL);
INSERT INTO payments (id, booking_id, amount, method, status, refunded_amount, paid_at, created_at) VALUES ('pay-0037', 'bk-0037', 54, 'cash', 'paid', 0, '2026-01-15 23:00:00', '2026-01-05 23:00:00');
INSERT INTO bookings (id, booking_ref, user_id, studio_id, date, start_time, end_time, group_type, status, base_price, equipment_price, total_price, equipment, payment_method, payment_status, notes, created_at, updated_at, cancelled_at, cancel_reason) VALUES ('bk-0038', 'H3-20260111-CP02', 'usr-044', 'la-scene', '2026-01-15', '22:00', '23:00', 'solo', 'cancelled', 12, 0, 12, NULL, 'cash', 'pending', '', '2026-01-11 23:00:00', '2026-01-11 23:00:00', '2026-01-14 23:00:00', 'Maladie');
INSERT INTO payments (id, booking_id, amount, method, status, refunded_amount, paid_at, created_at) VALUES ('pay-0038', 'bk-0038', 12, 'cash', 'pending', 0, NULL, '2026-01-11 23:00:00');
INSERT INTO bookings (id, booking_ref, user_id, studio_id, date, start_time, end_time, group_type, status, base_price, equipment_price, total_price, equipment, payment_method, payment_status, notes, created_at, updated_at, cancelled_at, cancel_reason) VALUES ('bk-0039', 'H3-20260102-0V0L', 'usr-003', 'la-scene', '2026-01-15', '21:30', '22:30', 'group', 'completed', 44, 0, 44, NULL, 'card', 'paid', '', '2026-01-02 23:00:00', '2026-01-02 23:00:00', NULL, NULL);
INSERT INTO payments (id, booking_id, amount, method, status, refunded_amount, paid_at, created_at) VALUES ('pay-0039', 'bk-0039', 44, 'card', 'paid', 0, '2026-01-02 23:00:00', '2026-01-02 23:00:00');
INSERT INTO bookings (id, booking_ref, user_id, studio_id, date, start_time, end_time, group_type, status, base_price, equipment_price, total_price, equipment, payment_method, payment_status, notes, created_at, updated_at, cancelled_at, cancel_reason) VALUES ('bk-0040', 'H3-20260110-EAT2', 'usr-015', 'la-scene', '2026-01-15', '19:30', '20:30', 'solo', 'completed', 12, 0, 12, NULL, 'cash', 'paid', '', '2026-01-10 23:00:00', '2026-01-10 23:00:00', NULL, NULL);
INSERT INTO payments (id, booking_id, amount, method, status, refunded_amount, paid_at, created_at) VALUES ('pay-0040', 'bk-0040', 12, 'cash', 'paid', 0, '2026-01-15 23:00:00', '2026-01-10 23:00:00');
INSERT INTO bookings (id, booking_ref, user_id, studio_id, date, start_time, end_time, group_type, status, base_price, equipment_price, total_price, equipment, payment_method, payment_status, notes, created_at, updated_at, cancelled_at, cancel_reason) VALUES ('bk-0041', 'H3-20260102-UTLX', 'usr-002', 'le-podium', '2026-01-15', '14:00', '15:00', 'group', 'completed', 30, 0, 30, NULL, 'cash', 'paid', '', '2026-01-02 23:00:00', '2026-01-02 23:00:00', NULL, NULL);
INSERT INTO payments (id, booking_id, amount, method, status, refunded_amount, paid_at, created_at) VALUES ('pay-0041', 'bk-0041', 30, 'cash', 'paid', 0, '2026-01-15 23:00:00', '2026-01-02 23:00:00');
INSERT INTO bookings (id, booking_ref, user_id, studio_id, date, start_time, end_time, group_type, status, base_price, equipment_price, total_price, equipment, payment_method, payment_status, notes, created_at, updated_at, cancelled_at, cancel_reason) VALUES ('bk-0042', 'H3-20260111-M9ZW', 'usr-025', 'le-podium', '2026-01-15', '22:00', '23:00', 'group', 'completed', 36, 0, 36, NULL, 'card', 'paid', '', '2026-01-11 23:00:00', '2026-01-11 23:00:00', NULL, NULL);
INSERT INTO payments (id, booking_id, amount, method, status, refunded_amount, paid_at, created_at) VALUES ('pay-0042', 'bk-0042', 36, 'card', 'paid', 0, '2026-01-11 23:00:00', '2026-01-11 23:00:00');
INSERT INTO bookings (id, booking_ref, user_id, studio_id, date, start_time, end_time, group_type, status, base_price, equipment_price, total_price, equipment, payment_method, payment_status, notes, created_at, updated_at, cancelled_at, cancel_reason) VALUES ('bk-0043', 'H3-20260104-YYMD', 'usr-045', 'le-podium', '2026-01-15', '09:30', '10:30', 'solo', 'completed', 12, 0, 12, NULL, 'card', 'paid', '', '2026-01-04 23:00:00', '2026-01-04 23:00:00', NULL, NULL);
INSERT INTO payments (id, booking_id, amount, method, status, refunded_amount, paid_at, created_at) VALUES ('pay-0043', 'bk-0043', 12, 'card', 'paid', 0, '2026-01-04 23:00:00', '2026-01-04 23:00:00');
INSERT INTO bookings (id, booking_ref, user_id, studio_id, date, start_time, end_time, group_type, status, base_price, equipment_price, total_price, equipment, payment_method, payment_status, notes, created_at, updated_at, cancelled_at, cancel_reason) VALUES ('bk-0044', 'H3-20260101-1D8S', 'usr-003', 'la-scene', '2026-01-15', '20:30', '21:30', 'group', 'completed', 44, 0, 44, NULL, 'card', 'paid', '', '2026-01-01 23:00:00', '2026-01-01 23:00:00', NULL, NULL);
INSERT INTO payments (id, booking_id, amount, method, status, refunded_amount, paid_at, created_at) VALUES ('pay-0044', 'bk-0044', 44, 'card', 'paid', 0, '2026-01-01 23:00:00', '2026-01-01 23:00:00');
INSERT INTO bookings (id, booking_ref, user_id, studio_id, date, start_time, end_time, group_type, status, base_price, equipment_price, total_price, equipment, payment_method, payment_status, notes, created_at, updated_at, cancelled_at, cancel_reason) VALUES ('bk-0045', 'H3-20260108-UY6R', 'usr-015', 'le-podium', '2026-01-15', '16:30', '17:30', 'duo', 'completed', 24, 0, 24, NULL, 'card', 'paid', '', '2026-01-08 23:00:00', '2026-01-08 23:00:00', NULL, NULL);
INSERT INTO payments (id, booking_id, amount, method, status, refunded_amount, paid_at, created_at) VALUES ('pay-0045', 'bk-0045', 24, 'card', 'paid', 0, '2026-01-08 23:00:00', '2026-01-08 23:00:00');
INSERT INTO bookings (id, booking_ref, user_id, studio_id, date, start_time, end_time, group_type, status, base_price, equipment_price, total_price, equipment, payment_method, payment_status, notes, created_at, updated_at, cancelled_at, cancel_reason) VALUES ('bk-0046', 'H3-20260113-9588', 'usr-024', 'la-scene', '2026-01-15', '16:00', '17:00', 'group', 'completed', 36, 0, 36, NULL, 'cash', 'paid', '', '2026-01-13 23:00:00', '2026-01-13 23:00:00', NULL, NULL);
INSERT INTO payments (id, booking_id, amount, method, status, refunded_amount, paid_at, created_at) VALUES ('pay-0046', 'bk-0046', 36, 'cash', 'paid', 0, '2026-01-15 23:00:00', '2026-01-13 23:00:00');
INSERT INTO bookings (id, booking_ref, user_id, studio_id, date, start_time, end_time, group_type, status, base_price, equipment_price, total_price, equipment, payment_method, payment_status, notes, created_at, updated_at, cancelled_at, cancel_reason) VALUES ('bk-0047', 'H3-20260104-EJ2G', 'usr-031', 'le-podium', '2026-01-15', '18:00', '19:00', 'group', 'completed', 36, 0, 36, NULL, 'card', 'paid', '', '2026-01-04 23:00:00', '2026-01-04 23:00:00', NULL, NULL);
INSERT INTO payments (id, booking_id, amount, method, status, refunded_amount, paid_at, created_at) VALUES ('pay-0047', 'bk-0047', 36, 'card', 'paid', 0, '2026-01-04 23:00:00', '2026-01-04 23:00:00');
INSERT INTO bookings (id, booking_ref, user_id, studio_id, date, start_time, end_time, group_type, status, base_price, equipment_price, total_price, equipment, payment_method, payment_status, notes, created_at, updated_at, cancelled_at, cancel_reason) VALUES ('bk-0048', 'H3-20260105-VO63', 'usr-033', 'le-podium', '2026-01-15', '18:00', '19:30', 'duo', 'completed', 36, 0, 36, NULL, 'cash', 'paid', '', '2026-01-05 23:00:00', '2026-01-05 23:00:00', NULL, NULL);
INSERT INTO payments (id, booking_id, amount, method, status, refunded_amount, paid_at, created_at) VALUES ('pay-0048', 'bk-0048', 36, 'cash', 'paid', 0, '2026-01-15 23:00:00', '2026-01-05 23:00:00');
INSERT INTO bookings (id, booking_ref, user_id, studio_id, date, start_time, end_time, group_type, status, base_price, equipment_price, total_price, equipment, payment_method, payment_status, notes, created_at, updated_at, cancelled_at, cancel_reason) VALUES ('bk-0049', 'H3-20260110-86GZ', 'usr-011', 'le-podium', '2026-01-15', '14:00', '15:00', 'duo', 'completed', 24, 0, 24, NULL, 'cash', 'paid', '', '2026-01-10 23:00:00', '2026-01-10 23:00:00', NULL, NULL);
INSERT INTO payments (id, booking_id, amount, method, status, refunded_amount, paid_at, created_at) VALUES ('pay-0049', 'bk-0049', 24, 'cash', 'paid', 0, '2026-01-15 23:00:00', '2026-01-10 23:00:00');
INSERT INTO bookings (id, booking_ref, user_id, studio_id, date, start_time, end_time, group_type, status, base_price, equipment_price, total_price, equipment, payment_method, payment_status, notes, created_at, updated_at, cancelled_at, cancel_reason) VALUES ('bk-0050', 'H3-20260101-QCVB', 'usr-033', 'la-scene', '2026-01-15', '19:30', '21:00', 'group', 'completed', 66, 0, 66, NULL, 'card', 'paid', '', '2026-01-01 23:00:00', '2026-01-01 23:00:00', NULL, NULL);
INSERT INTO payments (id, booking_id, amount, method, status, refunded_amount, paid_at, created_at) VALUES ('pay-0050', 'bk-0050', 66, 'card', 'paid', 0, '2026-01-01 23:00:00', '2026-01-01 23:00:00');
INSERT INTO bookings (id, booking_ref, user_id, studio_id, date, start_time, end_time, group_type, status, base_price, equipment_price, total_price, equipment, payment_method, payment_status, notes, created_at, updated_at, cancelled_at, cancel_reason) VALUES ('bk-0051', 'H3-20260104-JOYD', 'usr-011', 'le-podium', '2026-01-15', '09:30', '11:00', 'solo', 'completed', 18, 0, 18, NULL, 'card', 'paid', '', '2026-01-04 23:00:00', '2026-01-04 23:00:00', NULL, NULL);
INSERT INTO payments (id, booking_id, amount, method, status, refunded_amount, paid_at, created_at) VALUES ('pay-0051', 'bk-0051', 18, 'card', 'paid', 0, '2026-01-04 23:00:00', '2026-01-04 23:00:00');
INSERT INTO bookings (id, booking_ref, user_id, studio_id, date, start_time, end_time, group_type, status, base_price, equipment_price, total_price, equipment, payment_method, payment_status, notes, created_at, updated_at, cancelled_at, cancel_reason) VALUES ('bk-0052', 'H3-20260106-BQNZ', 'usr-037', 'la-scene', '2026-01-15', '09:30', '11:00', 'duo', 'completed', 36, 0, 36, NULL, 'cash', 'paid', '', '2026-01-06 23:00:00', '2026-01-06 23:00:00', NULL, NULL);
INSERT INTO payments (id, booking_id, amount, method, status, refunded_amount, paid_at, created_at) VALUES ('pay-0052', 'bk-0052', 36, 'cash', 'paid', 0, '2026-01-15 23:00:00', '2026-01-06 23:00:00');
INSERT INTO bookings (id, booking_ref, user_id, studio_id, date, start_time, end_time, group_type, status, base_price, equipment_price, total_price, equipment, payment_method, payment_status, notes, created_at, updated_at, cancelled_at, cancel_reason) VALUES ('bk-0053', 'H3-20260108-DFI1', 'usr-045', 'le-podium', '2026-01-16', '09:30', '10:30', 'solo', 'completed', 12, 0, 12, NULL, 'card', 'paid', '', '2026-01-08 23:00:00', '2026-01-08 23:00:00', NULL, NULL);
INSERT INTO payments (id, booking_id, amount, method, status, refunded_amount, paid_at, created_at) VALUES ('pay-0053', 'bk-0053', 12, 'card', 'paid', 0, '2026-01-08 23:00:00', '2026-01-08 23:00:00');
INSERT INTO bookings (id, booking_ref, user_id, studio_id, date, start_time, end_time, group_type, status, base_price, equipment_price, total_price, equipment, payment_method, payment_status, notes, created_at, updated_at, cancelled_at, cancel_reason) VALUES ('bk-0054', 'H3-20260113-KQ39', 'usr-022', 'le-podium', '2026-01-16', '19:30', '20:30', 'group', 'cancelled', 36, 0, 36, NULL, 'card', 'paid', '', '2026-01-13 23:00:00', '2026-01-13 23:00:00', '2026-01-16 23:00:00', 'Empêchement');
INSERT INTO payments (id, booking_id, amount, method, status, refunded_amount, paid_at, created_at) VALUES ('pay-0054', 'bk-0054', 36, 'card', 'paid', 0, '2026-01-13 23:00:00', '2026-01-13 23:00:00');
INSERT INTO bookings (id, booking_ref, user_id, studio_id, date, start_time, end_time, group_type, status, base_price, equipment_price, total_price, equipment, payment_method, payment_status, notes, created_at, updated_at, cancelled_at, cancel_reason) VALUES ('bk-0055', 'H3-20260115-P9AR', 'usr-030', 'la-scene', '2026-01-16', '13:30', '15:00', 'group', 'completed', 66, 5, 71, '[{"id":"mic","quantity":2}]', 'card', 'paid', '', '2026-01-15 23:00:00', '2026-01-15 23:00:00', NULL, NULL);
INSERT INTO payments (id, booking_id, amount, method, status, refunded_amount, paid_at, created_at) VALUES ('pay-0055', 'bk-0055', 71, 'card', 'paid', 0, '2026-01-15 23:00:00', '2026-01-15 23:00:00');
INSERT INTO bookings (id, booking_ref, user_id, studio_id, date, start_time, end_time, group_type, status, base_price, equipment_price, total_price, equipment, payment_method, payment_status, notes, created_at, updated_at, cancelled_at, cancel_reason) VALUES ('bk-0056', 'H3-20260112-U5H5', 'usr-043', 'la-scene', '2026-01-16', '19:30', '20:30', 'solo', 'cancelled', 12, 0, 12, NULL, 'card', 'paid', '', '2026-01-12 23:00:00', '2026-01-12 23:00:00', '2026-01-15 23:00:00', 'Autre groupe');
INSERT INTO payments (id, booking_id, amount, method, status, refunded_amount, paid_at, created_at) VALUES ('pay-0056', 'bk-0056', 12, 'card', 'paid', 0, '2026-01-12 23:00:00', '2026-01-12 23:00:00');
INSERT INTO bookings (id, booking_ref, user_id, studio_id, date, start_time, end_time, group_type, status, base_price, equipment_price, total_price, equipment, payment_method, payment_status, notes, created_at, updated_at, cancelled_at, cancel_reason) VALUES ('bk-0057', 'H3-20260111-LC3H', 'usr-003', 'le-podium', '2026-01-16', '13:30', '14:30', 'solo', 'completed', 12, 0, 12, NULL, 'card', 'paid', '', '2026-01-11 23:00:00', '2026-01-11 23:00:00', NULL, NULL);
INSERT INTO payments (id, booking_id, amount, method, status, refunded_amount, paid_at, created_at) VALUES ('pay-0057', 'bk-0057', 12, 'card', 'paid', 0, '2026-01-11 23:00:00', '2026-01-11 23:00:00');
INSERT INTO bookings (id, booking_ref, user_id, studio_id, date, start_time, end_time, group_type, status, base_price, equipment_price, total_price, equipment, payment_method, payment_status, notes, created_at, updated_at, cancelled_at, cancel_reason) VALUES ('bk-0058', 'H3-20260105-F2TT', 'usr-033', 'le-podium', '2026-01-16', '20:30', '21:30', 'group', 'cancelled', 36, 0, 36, NULL, 'cash', 'pending', '', '2026-01-05 23:00:00', '2026-01-05 23:00:00', '2026-01-07 23:00:00', 'Empêchement');
INSERT INTO payments (id, booking_id, amount, method, status, refunded_amount, paid_at, created_at) VALUES ('pay-0058', 'bk-0058', 36, 'cash', 'pending', 0, NULL, '2026-01-05 23:00:00');
INSERT INTO bookings (id, booking_ref, user_id, studio_id, date, start_time, end_time, group_type, status, base_price, equipment_price, total_price, equipment, payment_method, payment_status, notes, created_at, updated_at, cancelled_at, cancel_reason) VALUES ('bk-0059', 'H3-20260109-JVVH', 'usr-032', 'le-podium', '2026-01-16', '19:00', '20:00', 'group', 'completed', 36, 0, 36, NULL, 'cash', 'paid', '', '2026-01-09 23:00:00', '2026-01-09 23:00:00', NULL, NULL);
INSERT INTO payments (id, booking_id, amount, method, status, refunded_amount, paid_at, created_at) VALUES ('pay-0059', 'bk-0059', 36, 'cash', 'paid', 0, '2026-01-16 23:00:00', '2026-01-09 23:00:00');
INSERT INTO bookings (id, booking_ref, user_id, studio_id, date, start_time, end_time, group_type, status, base_price, equipment_price, total_price, equipment, payment_method, payment_status, notes, created_at, updated_at, cancelled_at, cancel_reason) VALUES ('bk-0060', 'H3-20260112-Z5H9', 'usr-038', 'le-podium', '2026-01-16', '16:30', '17:30', 'duo', 'completed', 24, 3, 27, '[{"id":"guitar","quantity":1}]', 'card', 'paid', '', '2026-01-12 23:00:00', '2026-01-12 23:00:00', NULL, NULL);
INSERT INTO payments (id, booking_id, amount, method, status, refunded_amount, paid_at, created_at) VALUES ('pay-0060', 'bk-0060', 27, 'card', 'paid', 0, '2026-01-12 23:00:00', '2026-01-12 23:00:00');
INSERT INTO bookings (id, booking_ref, user_id, studio_id, date, start_time, end_time, group_type, status, base_price, equipment_price, total_price, equipment, payment_method, payment_status, notes, created_at, updated_at, cancelled_at, cancel_reason) VALUES ('bk-0061', 'H3-20260110-1HIX', 'usr-049', 'la-scene', '2026-01-16', '12:30', '13:30', 'solo', 'completed', 12, 0, 12, NULL, 'card', 'paid', '', '2026-01-10 23:00:00', '2026-01-10 23:00:00', NULL, NULL);
INSERT INTO payments (id, booking_id, amount, method, status, refunded_amount, paid_at, created_at) VALUES ('pay-0061', 'bk-0061', 12, 'card', 'paid', 0, '2026-01-10 23:00:00', '2026-01-10 23:00:00');
INSERT INTO bookings (id, booking_ref, user_id, studio_id, date, start_time, end_time, group_type, status, base_price, equipment_price, total_price, equipment, payment_method, payment_status, notes, created_at, updated_at, cancelled_at, cancel_reason) VALUES ('bk-0062', 'H3-20260102-PJ1L', 'usr-007', 'la-scene', '2026-01-16', '21:00', '22:00', 'group', 'completed', 44, 3, 47, '[{"id":"cymbal","quantity":2}]', 'cash', 'paid', '', '2026-01-02 23:00:00', '2026-01-02 23:00:00', NULL, NULL);
INSERT INTO payments (id, booking_id, amount, method, status, refunded_amount, paid_at, created_at) VALUES ('pay-0062', 'bk-0062', 47, 'cash', 'paid', 0, '2026-01-16 23:00:00', '2026-01-02 23:00:00');
INSERT INTO bookings (id, booking_ref, user_id, studio_id, date, start_time, end_time, group_type, status, base_price, equipment_price, total_price, equipment, payment_method, payment_status, notes, created_at, updated_at, cancelled_at, cancel_reason) VALUES ('bk-0063', 'H3-20260103-PS9O', 'usr-043', 'le-podium', '2026-01-16', '22:00', '23:00', 'group', 'completed', 36, 0, 36, NULL, 'cash', 'paid', '', '2026-01-03 23:00:00', '2026-01-03 23:00:00', NULL, NULL);
INSERT INTO payments (id, booking_id, amount, method, status, refunded_amount, paid_at, created_at) VALUES ('pay-0063', 'bk-0063', 36, 'cash', 'paid', 0, '2026-01-16 23:00:00', '2026-01-03 23:00:00');
INSERT INTO bookings (id, booking_ref, user_id, studio_id, date, start_time, end_time, group_type, status, base_price, equipment_price, total_price, equipment, payment_method, payment_status, notes, created_at, updated_at, cancelled_at, cancel_reason) VALUES ('bk-0064', 'H3-20260106-DPE0', 'usr-046', 'la-scene', '2026-01-16', '18:30', '19:30', 'solo', 'completed', 12, 0, 12, NULL, 'card', 'paid', '', '2026-01-06 23:00:00', '2026-01-06 23:00:00', NULL, NULL);
INSERT INTO payments (id, booking_id, amount, method, status, refunded_amount, paid_at, created_at) VALUES ('pay-0064', 'bk-0064', 12, 'card', 'paid', 0, '2026-01-06 23:00:00', '2026-01-06 23:00:00');
INSERT INTO bookings (id, booking_ref, user_id, studio_id, date, start_time, end_time, group_type, status, base_price, equipment_price, total_price, equipment, payment_method, payment_status, notes, created_at, updated_at, cancelled_at, cancel_reason) VALUES ('bk-0065', 'H3-20260112-ESLY', 'usr-042', 'le-podium', '2026-01-16', '22:00', '23:30', 'duo', 'completed', 36, 0, 36, NULL, 'cash', 'paid', '', '2026-01-12 23:00:00', '2026-01-12 23:00:00', NULL, NULL);
INSERT INTO payments (id, booking_id, amount, method, status, refunded_amount, paid_at, created_at) VALUES ('pay-0065', 'bk-0065', 36, 'cash', 'paid', 0, '2026-01-16 23:00:00', '2026-01-12 23:00:00');
INSERT INTO bookings (id, booking_ref, user_id, studio_id, date, start_time, end_time, group_type, status, base_price, equipment_price, total_price, equipment, payment_method, payment_status, notes, created_at, updated_at, cancelled_at, cancel_reason) VALUES ('bk-0066', 'H3-20260111-T2EH', 'usr-041', 'la-scene', '2026-01-16', '13:30', '14:30', 'group', 'completed', 44, 0, 44, NULL, 'cash', 'paid', '', '2026-01-11 23:00:00', '2026-01-11 23:00:00', NULL, NULL);
INSERT INTO payments (id, booking_id, amount, method, status, refunded_amount, paid_at, created_at) VALUES ('pay-0066', 'bk-0066', 44, 'cash', 'paid', 0, '2026-01-16 23:00:00', '2026-01-11 23:00:00');
INSERT INTO bookings (id, booking_ref, user_id, studio_id, date, start_time, end_time, group_type, status, base_price, equipment_price, total_price, equipment, payment_method, payment_status, notes, created_at, updated_at, cancelled_at, cancel_reason) VALUES ('bk-0067', 'H3-20260110-WKXH', 'usr-002', 'le-podium', '2026-01-16', '12:00', '13:30', 'group', 'no-show', 54, 0, 54, NULL, 'cash', 'pending', '', '2026-01-10 23:00:00', '2026-01-10 23:00:00', NULL, NULL);
INSERT INTO payments (id, booking_id, amount, method, status, refunded_amount, paid_at, created_at) VALUES ('pay-0067', 'bk-0067', 54, 'cash', 'pending', 0, NULL, '2026-01-10 23:00:00');
INSERT INTO bookings (id, booking_ref, user_id, studio_id, date, start_time, end_time, group_type, status, base_price, equipment_price, total_price, equipment, payment_method, payment_status, notes, created_at, updated_at, cancelled_at, cancel_reason) VALUES ('bk-0068', 'H3-20260114-PMQD', 'usr-016', 'le-podium', '2026-01-16', '15:30', '16:30', 'group', 'completed', 36, 3, 39, '[{"id":"piano","quantity":1}]', 'cash', 'paid', '', '2026-01-14 23:00:00', '2026-01-14 23:00:00', NULL, NULL);
INSERT INTO payments (id, booking_id, amount, method, status, refunded_amount, paid_at, created_at) VALUES ('pay-0068', 'bk-0068', 39, 'cash', 'paid', 0, '2026-01-16 23:00:00', '2026-01-14 23:00:00');
INSERT INTO bookings (id, booking_ref, user_id, studio_id, date, start_time, end_time, group_type, status, base_price, equipment_price, total_price, equipment, payment_method, payment_status, notes, created_at, updated_at, cancelled_at, cancel_reason) VALUES ('bk-0069', 'H3-20260108-TVBQ', 'usr-010', 'la-scene', '2026-01-16', '20:00', '21:00', 'solo', 'completed', 12, 0, 12, NULL, 'card', 'paid', '', '2026-01-08 23:00:00', '2026-01-08 23:00:00', NULL, NULL);
INSERT INTO payments (id, booking_id, amount, method, status, refunded_amount, paid_at, created_at) VALUES ('pay-0069', 'bk-0069', 12, 'card', 'paid', 0, '2026-01-08 23:00:00', '2026-01-08 23:00:00');
INSERT INTO bookings (id, booking_ref, user_id, studio_id, date, start_time, end_time, group_type, status, base_price, equipment_price, total_price, equipment, payment_method, payment_status, notes, created_at, updated_at, cancelled_at, cancel_reason) VALUES ('bk-0070', 'H3-20260116-S1R2', 'usr-023', 'la-scene', '2026-01-17', '12:30', '14:00', 'group', 'completed', 66, 0, 66, NULL, 'card', 'paid', '', '2026-01-16 23:00:00', '2026-01-16 23:00:00', NULL, NULL);
INSERT INTO payments (id, booking_id, amount, method, status, refunded_amount, paid_at, created_at) VALUES ('pay-0070', 'bk-0070', 66, 'card', 'paid', 0, '2026-01-16 23:00:00', '2026-01-16 23:00:00');
INSERT INTO bookings (id, booking_ref, user_id, studio_id, date, start_time, end_time, group_type, status, base_price, equipment_price, total_price, equipment, payment_method, payment_status, notes, created_at, updated_at, cancelled_at, cancel_reason) VALUES ('bk-0071', 'H3-20260110-LQQU', 'usr-007', 'le-podium', '2026-01-17', '15:30', '16:30', 'group', 'completed', 36, 6, 42, '[{"id":"piano","quantity":2}]', 'cash', 'paid', '', '2026-01-10 23:00:00', '2026-01-10 23:00:00', NULL, NULL);
INSERT INTO payments (id, booking_id, amount, method, status, refunded_amount, paid_at, created_at) VALUES ('pay-0071', 'bk-0071', 42, 'cash', 'paid', 0, '2026-01-17 23:00:00', '2026-01-10 23:00:00');
INSERT INTO bookings (id, booking_ref, user_id, studio_id, date, start_time, end_time, group_type, status, base_price, equipment_price, total_price, equipment, payment_method, payment_status, notes, created_at, updated_at, cancelled_at, cancel_reason) VALUES ('bk-0072', 'H3-20260116-AF64', 'usr-048', 'la-scene', '2026-01-17', '15:00', '16:00', 'solo', 'completed', 12, 0, 12, NULL, 'card', 'paid', '', '2026-01-16 23:00:00', '2026-01-16 23:00:00', NULL, NULL);
INSERT INTO payments (id, booking_id, amount, method, status, refunded_amount, paid_at, created_at) VALUES ('pay-0072', 'bk-0072', 12, 'card', 'paid', 0, '2026-01-16 23:00:00', '2026-01-16 23:00:00');
INSERT INTO bookings (id, booking_ref, user_id, studio_id, date, start_time, end_time, group_type, status, base_price, equipment_price, total_price, equipment, payment_method, payment_status, notes, created_at, updated_at, cancelled_at, cancel_reason) VALUES ('bk-0073', 'H3-20260104-C2XO', 'usr-024', 'la-scene', '2026-01-17', '17:00', '18:30', 'solo', 'completed', 18, 3, 21, '[{"id":"guitar","quantity":1}]', 'card', 'paid', '', '2026-01-04 23:00:00', '2026-01-04 23:00:00', NULL, NULL);
INSERT INTO payments (id, booking_id, amount, method, status, refunded_amount, paid_at, created_at) VALUES ('pay-0073', 'bk-0073', 21, 'card', 'paid', 0, '2026-01-04 23:00:00', '2026-01-04 23:00:00');
INSERT INTO bookings (id, booking_ref, user_id, studio_id, date, start_time, end_time, group_type, status, base_price, equipment_price, total_price, equipment, payment_method, payment_status, notes, created_at, updated_at, cancelled_at, cancel_reason) VALUES ('bk-0074', 'H3-20260104-RIQD', 'usr-043', 'la-scene', '2026-01-17', '16:30', '17:30', 'solo', 'completed', 12, 0, 12, NULL, 'cash', 'paid', '', '2026-01-04 23:00:00', '2026-01-04 23:00:00', NULL, NULL);
INSERT INTO payments (id, booking_id, amount, method, status, refunded_amount, paid_at, created_at) VALUES ('pay-0074', 'bk-0074', 12, 'cash', 'paid', 0, '2026-01-17 23:00:00', '2026-01-04 23:00:00');
INSERT INTO bookings (id, booking_ref, user_id, studio_id, date, start_time, end_time, group_type, status, base_price, equipment_price, total_price, equipment, payment_method, payment_status, notes, created_at, updated_at, cancelled_at, cancel_reason) VALUES ('bk-0075', 'H3-20260116-3ARV', 'usr-045', 'la-scene', '2026-01-17', '11:00', '12:30', 'group', 'completed', 66, 0, 66, NULL, 'card', 'paid', '', '2026-01-16 23:00:00', '2026-01-16 23:00:00', NULL, NULL);
INSERT INTO payments (id, booking_id, amount, method, status, refunded_amount, paid_at, created_at) VALUES ('pay-0075', 'bk-0075', 66, 'card', 'paid', 0, '2026-01-16 23:00:00', '2026-01-16 23:00:00');
INSERT INTO bookings (id, booking_ref, user_id, studio_id, date, start_time, end_time, group_type, status, base_price, equipment_price, total_price, equipment, payment_method, payment_status, notes, created_at, updated_at, cancelled_at, cancel_reason) VALUES ('bk-0076', 'H3-20260105-DT6T', 'usr-048', 'le-podium', '2026-01-17', '17:00', '18:30', 'solo', 'cancelled', 18, 0, 18, NULL, 'cash', 'pending', '', '2026-01-05 23:00:00', '2026-01-05 23:00:00', '2026-01-08 23:00:00', 'Autre groupe');
INSERT INTO payments (id, booking_id, amount, method, status, refunded_amount, paid_at, created_at) VALUES ('pay-0076', 'bk-0076', 18, 'cash', 'pending', 0, NULL, '2026-01-05 23:00:00');
INSERT INTO bookings (id, booking_ref, user_id, studio_id, date, start_time, end_time, group_type, status, base_price, equipment_price, total_price, equipment, payment_method, payment_status, notes, created_at, updated_at, cancelled_at, cancel_reason) VALUES ('bk-0077', 'H3-20260113-LJCV', 'usr-017', 'la-scene', '2026-01-17', '12:00', '13:30', 'group', 'completed', 66, 0, 66, NULL, 'cash', 'paid', '', '2026-01-13 23:00:00', '2026-01-13 23:00:00', NULL, NULL);
INSERT INTO payments (id, booking_id, amount, method, status, refunded_amount, paid_at, created_at) VALUES ('pay-0077', 'bk-0077', 66, 'cash', 'paid', 0, '2026-01-17 23:00:00', '2026-01-13 23:00:00');
INSERT INTO bookings (id, booking_ref, user_id, studio_id, date, start_time, end_time, group_type, status, base_price, equipment_price, total_price, equipment, payment_method, payment_status, notes, created_at, updated_at, cancelled_at, cancel_reason) VALUES ('bk-0078', 'H3-20260103-ONLO', 'usr-012', 'la-scene', '2026-01-17', '17:00', '18:00', 'duo', 'completed', 24, 0, 24, NULL, 'card', 'paid', '', '2026-01-03 23:00:00', '2026-01-03 23:00:00', NULL, NULL);
INSERT INTO payments (id, booking_id, amount, method, status, refunded_amount, paid_at, created_at) VALUES ('pay-0078', 'bk-0078', 24, 'card', 'paid', 0, '2026-01-03 23:00:00', '2026-01-03 23:00:00');
INSERT INTO bookings (id, booking_ref, user_id, studio_id, date, start_time, end_time, group_type, status, base_price, equipment_price, total_price, equipment, payment_method, payment_status, notes, created_at, updated_at, cancelled_at, cancel_reason) VALUES ('bk-0079', 'H3-20260103-ZHY2', 'usr-021', 'la-scene', '2026-01-17', '16:30', '18:00', 'solo', 'completed', 18, 6, 24, '[{"id":"guitar","quantity":1},{"id":"piano","quantity":1}]', 'card', 'paid', '', '2026-01-03 23:00:00', '2026-01-03 23:00:00', NULL, NULL);
INSERT INTO payments (id, booking_id, amount, method, status, refunded_amount, paid_at, created_at) VALUES ('pay-0079', 'bk-0079', 24, 'card', 'paid', 0, '2026-01-03 23:00:00', '2026-01-03 23:00:00');
INSERT INTO bookings (id, booking_ref, user_id, studio_id, date, start_time, end_time, group_type, status, base_price, equipment_price, total_price, equipment, payment_method, payment_status, notes, created_at, updated_at, cancelled_at, cancel_reason) VALUES ('bk-0080', 'H3-20260114-Y3MC', 'usr-030', 'le-podium', '2026-01-17', '13:30', '15:00', 'group', 'completed', 54, 3, 57, '[{"id":"bass","quantity":1}]', 'card', 'paid', '', '2026-01-14 23:00:00', '2026-01-14 23:00:00', NULL, NULL);
INSERT INTO payments (id, booking_id, amount, method, status, refunded_amount, paid_at, created_at) VALUES ('pay-0080', 'bk-0080', 57, 'card', 'paid', 0, '2026-01-14 23:00:00', '2026-01-14 23:00:00');
INSERT INTO bookings (id, booking_ref, user_id, studio_id, date, start_time, end_time, group_type, status, base_price, equipment_price, total_price, equipment, payment_method, payment_status, notes, created_at, updated_at, cancelled_at, cancel_reason) VALUES ('bk-0081', 'H3-20260105-2LWB', 'usr-005', 'la-scene', '2026-01-17', '21:00', '22:00', 'solo', 'completed', 12, 6, 18, '[{"id":"guitar","quantity":2}]', 'card', 'paid', '', '2026-01-05 23:00:00', '2026-01-05 23:00:00', NULL, NULL);
INSERT INTO payments (id, booking_id, amount, method, status, refunded_amount, paid_at, created_at) VALUES ('pay-0081', 'bk-0081', 18, 'card', 'paid', 0, '2026-01-05 23:00:00', '2026-01-05 23:00:00');
INSERT INTO bookings (id, booking_ref, user_id, studio_id, date, start_time, end_time, group_type, status, base_price, equipment_price, total_price, equipment, payment_method, payment_status, notes, created_at, updated_at, cancelled_at, cancel_reason) VALUES ('bk-0082', 'H3-20260114-TCX3', 'usr-043', 'la-scene', '2026-01-17', '20:30', '22:00', 'duo', 'completed', 36, 0, 36, NULL, 'card', 'paid', '', '2026-01-14 23:00:00', '2026-01-14 23:00:00', NULL, NULL);
INSERT INTO payments (id, booking_id, amount, method, status, refunded_amount, paid_at, created_at) VALUES ('pay-0082', 'bk-0082', 36, 'card', 'paid', 0, '2026-01-14 23:00:00', '2026-01-14 23:00:00');
INSERT INTO bookings (id, booking_ref, user_id, studio_id, date, start_time, end_time, group_type, status, base_price, equipment_price, total_price, equipment, payment_method, payment_status, notes, created_at, updated_at, cancelled_at, cancel_reason) VALUES ('bk-0083', 'H3-20260114-YMQ0', 'usr-021', 'le-podium', '2026-01-17', '11:30', '12:30', 'solo', 'completed', 12, 6, 18, '[{"id":"guitar","quantity":2}]', 'card', 'paid', '', '2026-01-14 23:00:00', '2026-01-14 23:00:00', NULL, NULL);
INSERT INTO payments (id, booking_id, amount, method, status, refunded_amount, paid_at, created_at) VALUES ('pay-0083', 'bk-0083', 18, 'card', 'paid', 0, '2026-01-14 23:00:00', '2026-01-14 23:00:00');
INSERT INTO bookings (id, booking_ref, user_id, studio_id, date, start_time, end_time, group_type, status, base_price, equipment_price, total_price, equipment, payment_method, payment_status, notes, created_at, updated_at, cancelled_at, cancel_reason) VALUES ('bk-0084', 'H3-20260107-T1U3', 'usr-036', 'le-podium', '2026-01-17', '17:00', '18:30', 'duo', 'completed', 36, 0, 36, NULL, 'card', 'paid', '', '2026-01-07 23:00:00', '2026-01-07 23:00:00', NULL, NULL);
INSERT INTO payments (id, booking_id, amount, method, status, refunded_amount, paid_at, created_at) VALUES ('pay-0084', 'bk-0084', 36, 'card', 'paid', 0, '2026-01-07 23:00:00', '2026-01-07 23:00:00');
INSERT INTO bookings (id, booking_ref, user_id, studio_id, date, start_time, end_time, group_type, status, base_price, equipment_price, total_price, equipment, payment_method, payment_status, notes, created_at, updated_at, cancelled_at, cancel_reason) VALUES ('bk-0085', 'H3-20260103-L9DQ', 'usr-021', 'le-podium', '2026-01-17', '22:00', '23:00', 'solo', 'completed', 12, 0, 12, NULL, 'card', 'paid', '', '2026-01-03 23:00:00', '2026-01-03 23:00:00', NULL, NULL);
INSERT INTO payments (id, booking_id, amount, method, status, refunded_amount, paid_at, created_at) VALUES ('pay-0085', 'bk-0085', 12, 'card', 'paid', 0, '2026-01-03 23:00:00', '2026-01-03 23:00:00');
INSERT INTO bookings (id, booking_ref, user_id, studio_id, date, start_time, end_time, group_type, status, base_price, equipment_price, total_price, equipment, payment_method, payment_status, notes, created_at, updated_at, cancelled_at, cancel_reason) VALUES ('bk-0086', 'H3-20260110-3IOT', 'usr-038', 'le-podium', '2026-01-17', '14:30', '16:00', 'duo', 'completed', 36, 0, 36, NULL, 'cash', 'paid', '', '2026-01-10 23:00:00', '2026-01-10 23:00:00', NULL, NULL);
INSERT INTO payments (id, booking_id, amount, method, status, refunded_amount, paid_at, created_at) VALUES ('pay-0086', 'bk-0086', 36, 'cash', 'paid', 0, '2026-01-17 23:00:00', '2026-01-10 23:00:00');
INSERT INTO bookings (id, booking_ref, user_id, studio_id, date, start_time, end_time, group_type, status, base_price, equipment_price, total_price, equipment, payment_method, payment_status, notes, created_at, updated_at, cancelled_at, cancel_reason) VALUES ('bk-0087', 'H3-20260107-DADB', 'usr-025', 'la-scene', '2026-01-18', '11:30', '13:00', 'solo', 'completed', 18, 0, 18, NULL, 'cash', 'paid', '', '2026-01-07 23:00:00', '2026-01-07 23:00:00', NULL, NULL);
INSERT INTO payments (id, booking_id, amount, method, status, refunded_amount, paid_at, created_at) VALUES ('pay-0087', 'bk-0087', 18, 'cash', 'paid', 0, '2026-01-18 23:00:00', '2026-01-07 23:00:00');
INSERT INTO bookings (id, booking_ref, user_id, studio_id, date, start_time, end_time, group_type, status, base_price, equipment_price, total_price, equipment, payment_method, payment_status, notes, created_at, updated_at, cancelled_at, cancel_reason) VALUES ('bk-0088', 'H3-20260114-W8XV', 'usr-040', 'la-scene', '2026-01-18', '19:00', '20:00', 'solo', 'completed', 12, 0, 12, NULL, 'card', 'paid', '', '2026-01-14 23:00:00', '2026-01-14 23:00:00', NULL, NULL);
INSERT INTO payments (id, booking_id, amount, method, status, refunded_amount, paid_at, created_at) VALUES ('pay-0088', 'bk-0088', 12, 'card', 'paid', 0, '2026-01-14 23:00:00', '2026-01-14 23:00:00');
INSERT INTO bookings (id, booking_ref, user_id, studio_id, date, start_time, end_time, group_type, status, base_price, equipment_price, total_price, equipment, payment_method, payment_status, notes, created_at, updated_at, cancelled_at, cancel_reason) VALUES ('bk-0089', 'H3-20260115-R5S0', 'usr-020', 'la-scene', '2026-01-18', '09:00', '10:30', 'duo', 'completed', 36, 0, 36, NULL, 'cash', 'paid', '', '2026-01-15 23:00:00', '2026-01-15 23:00:00', NULL, NULL);
INSERT INTO payments (id, booking_id, amount, method, status, refunded_amount, paid_at, created_at) VALUES ('pay-0089', 'bk-0089', 36, 'cash', 'paid', 0, '2026-01-18 23:00:00', '2026-01-15 23:00:00');
INSERT INTO bookings (id, booking_ref, user_id, studio_id, date, start_time, end_time, group_type, status, base_price, equipment_price, total_price, equipment, payment_method, payment_status, notes, created_at, updated_at, cancelled_at, cancel_reason) VALUES ('bk-0090', 'H3-20260104-ECFU', 'usr-002', 'la-scene', '2026-01-18', '14:00', '15:00', 'solo', 'completed', 12, 9, 21, '[{"id":"piano","quantity":2},{"id":"cymbal","quantity":2}]', 'cash', 'paid', '', '2026-01-04 23:00:00', '2026-01-04 23:00:00', NULL, NULL);
INSERT INTO payments (id, booking_id, amount, method, status, refunded_amount, paid_at, created_at) VALUES ('pay-0090', 'bk-0090', 21, 'cash', 'paid', 0, '2026-01-18 23:00:00', '2026-01-04 23:00:00');
INSERT INTO bookings (id, booking_ref, user_id, studio_id, date, start_time, end_time, group_type, status, base_price, equipment_price, total_price, equipment, payment_method, payment_status, notes, created_at, updated_at, cancelled_at, cancel_reason) VALUES ('bk-0091', 'H3-20260117-KIZU', 'usr-003', 'le-podium', '2026-01-18', '11:30', '12:30', 'duo', 'completed', 24, 3, 27, '[{"id":"bass","quantity":2}]', 'card', 'paid', '', '2026-01-17 23:00:00', '2026-01-17 23:00:00', NULL, NULL);
INSERT INTO payments (id, booking_id, amount, method, status, refunded_amount, paid_at, created_at) VALUES ('pay-0091', 'bk-0091', 27, 'card', 'paid', 0, '2026-01-17 23:00:00', '2026-01-17 23:00:00');
INSERT INTO bookings (id, booking_ref, user_id, studio_id, date, start_time, end_time, group_type, status, base_price, equipment_price, total_price, equipment, payment_method, payment_status, notes, created_at, updated_at, cancelled_at, cancel_reason) VALUES ('bk-0092', 'H3-20260116-NJAE', 'usr-043', 'le-podium', '2026-01-18', '13:00', '14:00', 'group', 'completed', 30, 0, 30, NULL, 'card', 'paid', '', '2026-01-16 23:00:00', '2026-01-16 23:00:00', NULL, NULL);
INSERT INTO payments (id, booking_id, amount, method, status, refunded_amount, paid_at, created_at) VALUES ('pay-0092', 'bk-0092', 30, 'card', 'paid', 0, '2026-01-16 23:00:00', '2026-01-16 23:00:00');
INSERT INTO bookings (id, booking_ref, user_id, studio_id, date, start_time, end_time, group_type, status, base_price, equipment_price, total_price, equipment, payment_method, payment_status, notes, created_at, updated_at, cancelled_at, cancel_reason) VALUES ('bk-0093', 'H3-20260104-AYW6', 'usr-047', 'la-scene', '2026-01-18', '17:30', '18:30', 'group', 'completed', 40, 0, 40, NULL, 'card', 'paid', '', '2026-01-04 23:00:00', '2026-01-04 23:00:00', NULL, NULL);
INSERT INTO payments (id, booking_id, amount, method, status, refunded_amount, paid_at, created_at) VALUES ('pay-0093', 'bk-0093', 40, 'card', 'paid', 0, '2026-01-04 23:00:00', '2026-01-04 23:00:00');
INSERT INTO bookings (id, booking_ref, user_id, studio_id, date, start_time, end_time, group_type, status, base_price, equipment_price, total_price, equipment, payment_method, payment_status, notes, created_at, updated_at, cancelled_at, cancel_reason) VALUES ('bk-0094', 'H3-20260105-4YPG', 'usr-038', 'la-scene', '2026-01-18', '21:00', '22:30', 'duo', 'completed', 36, 9, 45, '[{"id":"bass","quantity":2},{"id":"piano","quantity":2}]', 'cash', 'paid', '', '2026-01-05 23:00:00', '2026-01-05 23:00:00', NULL, NULL);
INSERT INTO payments (id, booking_id, amount, method, status, refunded_amount, paid_at, created_at) VALUES ('pay-0094', 'bk-0094', 45, 'cash', 'paid', 0, '2026-01-18 23:00:00', '2026-01-05 23:00:00');
INSERT INTO bookings (id, booking_ref, user_id, studio_id, date, start_time, end_time, group_type, status, base_price, equipment_price, total_price, equipment, payment_method, payment_status, notes, created_at, updated_at, cancelled_at, cancel_reason) VALUES ('bk-0095', 'H3-20260107-3C7Z', 'usr-005', 'la-scene', '2026-01-18', '14:00', '15:00', 'group', 'completed', 36, 3, 39, '[{"id":"cymbal","quantity":1}]', 'card', 'paid', '', '2026-01-07 23:00:00', '2026-01-07 23:00:00', NULL, NULL);
INSERT INTO payments (id, booking_id, amount, method, status, refunded_amount, paid_at, created_at) VALUES ('pay-0095', 'bk-0095', 39, 'card', 'paid', 0, '2026-01-07 23:00:00', '2026-01-07 23:00:00');
INSERT INTO bookings (id, booking_ref, user_id, studio_id, date, start_time, end_time, group_type, status, base_price, equipment_price, total_price, equipment, payment_method, payment_status, notes, created_at, updated_at, cancelled_at, cancel_reason) VALUES ('bk-0096', 'H3-20260104-70DM', 'usr-021', 'la-scene', '2026-01-18', '17:00', '18:00', 'solo', 'no-show', 12, 3, 15, '[{"id":"cymbal","quantity":1}]', 'cash', 'pending', '', '2026-01-04 23:00:00', '2026-01-04 23:00:00', NULL, NULL);
INSERT INTO payments (id, booking_id, amount, method, status, refunded_amount, paid_at, created_at) VALUES ('pay-0096', 'bk-0096', 15, 'cash', 'pending', 0, NULL, '2026-01-04 23:00:00');
INSERT INTO bookings (id, booking_ref, user_id, studio_id, date, start_time, end_time, group_type, status, base_price, equipment_price, total_price, equipment, payment_method, payment_status, notes, created_at, updated_at, cancelled_at, cancel_reason) VALUES ('bk-0097', 'H3-20260115-4V5Y', 'usr-022', 'le-podium', '2026-01-18', '17:00', '18:00', 'duo', 'completed', 24, 0, 24, NULL, 'card', 'paid', '', '2026-01-15 23:00:00', '2026-01-15 23:00:00', NULL, NULL);
INSERT INTO payments (id, booking_id, amount, method, status, refunded_amount, paid_at, created_at) VALUES ('pay-0097', 'bk-0097', 24, 'card', 'paid', 0, '2026-01-15 23:00:00', '2026-01-15 23:00:00');
INSERT INTO bookings (id, booking_ref, user_id, studio_id, date, start_time, end_time, group_type, status, base_price, equipment_price, total_price, equipment, payment_method, payment_status, notes, created_at, updated_at, cancelled_at, cancel_reason) VALUES ('bk-0098', 'H3-20260115-G68V', 'usr-050', 'le-podium', '2026-01-18', '16:30', '17:30', 'duo', 'completed', 24, 3, 27, '[{"id":"guitar","quantity":1}]', 'card', 'paid', '', '2026-01-15 23:00:00', '2026-01-15 23:00:00', NULL, NULL);
INSERT INTO payments (id, booking_id, amount, method, status, refunded_amount, paid_at, created_at) VALUES ('pay-0098', 'bk-0098', 27, 'card', 'paid', 0, '2026-01-15 23:00:00', '2026-01-15 23:00:00');
INSERT INTO bookings (id, booking_ref, user_id, studio_id, date, start_time, end_time, group_type, status, base_price, equipment_price, total_price, equipment, payment_method, payment_status, notes, created_at, updated_at, cancelled_at, cancel_reason) VALUES ('bk-0099', 'H3-20260114-6GHS', 'usr-042', 'la-scene', '2026-01-18', '13:30', '14:30', 'group', 'completed', 36, 0, 36, NULL, 'card', 'paid', '', '2026-01-14 23:00:00', '2026-01-14 23:00:00', NULL, NULL);
INSERT INTO payments (id, booking_id, amount, method, status, refunded_amount, paid_at, created_at) VALUES ('pay-0099', 'bk-0099', 36, 'card', 'paid', 0, '2026-01-14 23:00:00', '2026-01-14 23:00:00');
INSERT INTO bookings (id, booking_ref, user_id, studio_id, date, start_time, end_time, group_type, status, base_price, equipment_price, total_price, equipment, payment_method, payment_status, notes, created_at, updated_at, cancelled_at, cancel_reason) VALUES ('bk-0100', 'H3-20260108-9L62', 'usr-026', 'le-podium', '2026-01-18', '12:00', '13:00', 'solo', 'completed', 12, 3, 15, '[{"id":"mic","quantity":1}]', 'card', 'paid', '', '2026-01-08 23:00:00', '2026-01-08 23:00:00', NULL, NULL);
INSERT INTO payments (id, booking_id, amount, method, status, refunded_amount, paid_at, created_at) VALUES ('pay-0100', 'bk-0100', 15, 'card', 'paid', 0, '2026-01-08 23:00:00', '2026-01-08 23:00:00');
INSERT INTO bookings (id, booking_ref, user_id, studio_id, date, start_time, end_time, group_type, status, base_price, equipment_price, total_price, equipment, payment_method, payment_status, notes, created_at, updated_at, cancelled_at, cancel_reason) VALUES ('bk-0101', 'H3-20260112-DODJ', 'usr-027', 'la-scene', '2026-01-18', '14:30', '15:30', 'duo', 'completed', 24, 0, 24, NULL, 'card', 'paid', '', '2026-01-12 23:00:00', '2026-01-12 23:00:00', NULL, NULL);
INSERT INTO payments (id, booking_id, amount, method, status, refunded_amount, paid_at, created_at) VALUES ('pay-0101', 'bk-0101', 24, 'card', 'paid', 0, '2026-01-12 23:00:00', '2026-01-12 23:00:00');
INSERT INTO bookings (id, booking_ref, user_id, studio_id, date, start_time, end_time, group_type, status, base_price, equipment_price, total_price, equipment, payment_method, payment_status, notes, created_at, updated_at, cancelled_at, cancel_reason) VALUES ('bk-0102', 'H3-20260116-3ZHG', 'usr-022', 'le-podium', '2026-01-18', '22:30', '23:30', 'solo', 'completed', 12, 8, 20, '[{"id":"piano","quantity":1},{"id":"mic","quantity":2}]', 'card', 'paid', '', '2026-01-16 23:00:00', '2026-01-16 23:00:00', NULL, NULL);
INSERT INTO payments (id, booking_id, amount, method, status, refunded_amount, paid_at, created_at) VALUES ('pay-0102', 'bk-0102', 20, 'card', 'paid', 0, '2026-01-16 23:00:00', '2026-01-16 23:00:00');
INSERT INTO bookings (id, booking_ref, user_id, studio_id, date, start_time, end_time, group_type, status, base_price, equipment_price, total_price, equipment, payment_method, payment_status, notes, created_at, updated_at, cancelled_at, cancel_reason) VALUES ('bk-0103', 'H3-20260104-JPVR', 'usr-020', 'le-podium', '2026-01-18', '13:30', '15:00', 'duo', 'completed', 36, 0, 36, NULL, 'card', 'paid', '', '2026-01-04 23:00:00', '2026-01-04 23:00:00', NULL, NULL);
INSERT INTO payments (id, booking_id, amount, method, status, refunded_amount, paid_at, created_at) VALUES ('pay-0103', 'bk-0103', 36, 'card', 'paid', 0, '2026-01-04 23:00:00', '2026-01-04 23:00:00');
INSERT INTO bookings (id, booking_ref, user_id, studio_id, date, start_time, end_time, group_type, status, base_price, equipment_price, total_price, equipment, payment_method, payment_status, notes, created_at, updated_at, cancelled_at, cancel_reason) VALUES ('bk-0104', 'H3-20260107-G33L', 'usr-006', 'la-scene', '2026-01-18', '09:00', '10:00', 'duo', 'completed', 24, 0, 24, NULL, 'card', 'paid', '', '2026-01-07 23:00:00', '2026-01-07 23:00:00', NULL, NULL);
INSERT INTO payments (id, booking_id, amount, method, status, refunded_amount, paid_at, created_at) VALUES ('pay-0104', 'bk-0104', 24, 'card', 'paid', 0, '2026-01-07 23:00:00', '2026-01-07 23:00:00');
INSERT INTO bookings (id, booking_ref, user_id, studio_id, date, start_time, end_time, group_type, status, base_price, equipment_price, total_price, equipment, payment_method, payment_status, notes, created_at, updated_at, cancelled_at, cancel_reason) VALUES ('bk-0105', 'H3-20260105-2RT2', 'usr-002', 'la-scene', '2026-01-18', '11:00', '12:00', 'solo', 'completed', 12, 0, 12, NULL, 'card', 'paid', '', '2026-01-05 23:00:00', '2026-01-05 23:00:00', NULL, NULL);
INSERT INTO payments (id, booking_id, amount, method, status, refunded_amount, paid_at, created_at) VALUES ('pay-0105', 'bk-0105', 12, 'card', 'paid', 0, '2026-01-05 23:00:00', '2026-01-05 23:00:00');
INSERT INTO bookings (id, booking_ref, user_id, studio_id, date, start_time, end_time, group_type, status, base_price, equipment_price, total_price, equipment, payment_method, payment_status, notes, created_at, updated_at, cancelled_at, cancel_reason) VALUES ('bk-0106', 'H3-20260108-PJAC', 'usr-044', 'le-podium', '2026-01-18', '19:00', '20:30', 'solo', 'completed', 18, 0, 18, NULL, 'card', 'paid', '', '2026-01-08 23:00:00', '2026-01-08 23:00:00', NULL, NULL);
INSERT INTO payments (id, booking_id, amount, method, status, refunded_amount, paid_at, created_at) VALUES ('pay-0106', 'bk-0106', 18, 'card', 'paid', 0, '2026-01-08 23:00:00', '2026-01-08 23:00:00');
INSERT INTO bookings (id, booking_ref, user_id, studio_id, date, start_time, end_time, group_type, status, base_price, equipment_price, total_price, equipment, payment_method, payment_status, notes, created_at, updated_at, cancelled_at, cancel_reason) VALUES ('bk-0107', 'H3-20260117-LBZZ', 'usr-046', 'la-scene', '2026-01-19', '11:00', '12:00', 'group', 'completed', 36, 0, 36, NULL, 'card', 'paid', '', '2026-01-17 23:00:00', '2026-01-17 23:00:00', NULL, NULL);
INSERT INTO payments (id, booking_id, amount, method, status, refunded_amount, paid_at, created_at) VALUES ('pay-0107', 'bk-0107', 36, 'card', 'paid', 0, '2026-01-17 23:00:00', '2026-01-17 23:00:00');
INSERT INTO bookings (id, booking_ref, user_id, studio_id, date, start_time, end_time, group_type, status, base_price, equipment_price, total_price, equipment, payment_method, payment_status, notes, created_at, updated_at, cancelled_at, cancel_reason) VALUES ('bk-0108', 'H3-20260115-B4FD', 'usr-009', 'la-scene', '2026-01-19', '09:00', '10:00', 'group', 'completed', 36, 0, 36, NULL, 'card', 'paid', '', '2026-01-15 23:00:00', '2026-01-15 23:00:00', NULL, NULL);
INSERT INTO payments (id, booking_id, amount, method, status, refunded_amount, paid_at, created_at) VALUES ('pay-0108', 'bk-0108', 36, 'card', 'paid', 0, '2026-01-15 23:00:00', '2026-01-15 23:00:00');
INSERT INTO bookings (id, booking_ref, user_id, studio_id, date, start_time, end_time, group_type, status, base_price, equipment_price, total_price, equipment, payment_method, payment_status, notes, created_at, updated_at, cancelled_at, cancel_reason) VALUES ('bk-0109', 'H3-20260117-F7K4', 'usr-029', 'la-scene', '2026-01-19', '20:30', '21:30', 'solo', 'completed', 12, 0, 12, NULL, 'card', 'paid', '', '2026-01-17 23:00:00', '2026-01-17 23:00:00', NULL, NULL);
INSERT INTO payments (id, booking_id, amount, method, status, refunded_amount, paid_at, created_at) VALUES ('pay-0109', 'bk-0109', 12, 'card', 'paid', 0, '2026-01-17 23:00:00', '2026-01-17 23:00:00');
INSERT INTO bookings (id, booking_ref, user_id, studio_id, date, start_time, end_time, group_type, status, base_price, equipment_price, total_price, equipment, payment_method, payment_status, notes, created_at, updated_at, cancelled_at, cancel_reason) VALUES ('bk-0110', 'H3-20260106-RNYN', 'usr-023', 'la-scene', '2026-01-19', '12:00', '13:00', 'group', 'completed', 36, 0, 36, NULL, 'cash', 'paid', '', '2026-01-06 23:00:00', '2026-01-06 23:00:00', NULL, NULL);
INSERT INTO payments (id, booking_id, amount, method, status, refunded_amount, paid_at, created_at) VALUES ('pay-0110', 'bk-0110', 36, 'cash', 'paid', 0, '2026-01-19 23:00:00', '2026-01-06 23:00:00');
INSERT INTO bookings (id, booking_ref, user_id, studio_id, date, start_time, end_time, group_type, status, base_price, equipment_price, total_price, equipment, payment_method, payment_status, notes, created_at, updated_at, cancelled_at, cancel_reason) VALUES ('bk-0111', 'H3-20260113-ME2Y', 'usr-032', 'la-scene', '2026-01-19', '13:00', '14:00', 'duo', 'cancelled', 24, 0, 24, NULL, 'card', 'paid', '', '2026-01-13 23:00:00', '2026-01-13 23:00:00', '2026-01-16 23:00:00', 'Maladie');
INSERT INTO payments (id, booking_id, amount, method, status, refunded_amount, paid_at, created_at) VALUES ('pay-0111', 'bk-0111', 24, 'card', 'paid', 0, '2026-01-13 23:00:00', '2026-01-13 23:00:00');
INSERT INTO bookings (id, booking_ref, user_id, studio_id, date, start_time, end_time, group_type, status, base_price, equipment_price, total_price, equipment, payment_method, payment_status, notes, created_at, updated_at, cancelled_at, cancel_reason) VALUES ('bk-0112', 'H3-20260117-6E1M', 'usr-043', 'le-podium', '2026-01-19', '17:30', '18:30', 'group', 'completed', 33, 0, 33, NULL, 'cash', 'paid', '', '2026-01-17 23:00:00', '2026-01-17 23:00:00', NULL, NULL);
INSERT INTO payments (id, booking_id, amount, method, status, refunded_amount, paid_at, created_at) VALUES ('pay-0112', 'bk-0112', 33, 'cash', 'paid', 0, '2026-01-19 23:00:00', '2026-01-17 23:00:00');
INSERT INTO bookings (id, booking_ref, user_id, studio_id, date, start_time, end_time, group_type, status, base_price, equipment_price, total_price, equipment, payment_method, payment_status, notes, created_at, updated_at, cancelled_at, cancel_reason) VALUES ('bk-0113', 'H3-20260115-VETV', 'usr-009', 'le-podium', '2026-01-19', '12:00', '13:30', 'group', 'completed', 45, 3, 48, '[{"id":"guitar","quantity":1}]', 'cash', 'paid', '', '2026-01-15 23:00:00', '2026-01-15 23:00:00', NULL, NULL);
INSERT INTO payments (id, booking_id, amount, method, status, refunded_amount, paid_at, created_at) VALUES ('pay-0113', 'bk-0113', 48, 'cash', 'paid', 0, '2026-01-19 23:00:00', '2026-01-15 23:00:00');
INSERT INTO bookings (id, booking_ref, user_id, studio_id, date, start_time, end_time, group_type, status, base_price, equipment_price, total_price, equipment, payment_method, payment_status, notes, created_at, updated_at, cancelled_at, cancel_reason) VALUES ('bk-0114', 'H3-20260106-QT0A', 'usr-044', 'la-scene', '2026-01-19', '13:30', '14:30', 'duo', 'completed', 24, 0, 24, NULL, 'cash', 'paid', '', '2026-01-06 23:00:00', '2026-01-06 23:00:00', NULL, NULL);
INSERT INTO payments (id, booking_id, amount, method, status, refunded_amount, paid_at, created_at) VALUES ('pay-0114', 'bk-0114', 24, 'cash', 'paid', 0, '2026-01-19 23:00:00', '2026-01-06 23:00:00');
INSERT INTO bookings (id, booking_ref, user_id, studio_id, date, start_time, end_time, group_type, status, base_price, equipment_price, total_price, equipment, payment_method, payment_status, notes, created_at, updated_at, cancelled_at, cancel_reason) VALUES ('bk-0115', 'H3-20260114-EBBN', 'usr-044', 'la-scene', '2026-01-19', '14:30', '15:30', 'duo', 'no-show', 24, 0, 24, NULL, 'cash', 'pending', '', '2026-01-14 23:00:00', '2026-01-14 23:00:00', NULL, NULL);
INSERT INTO payments (id, booking_id, amount, method, status, refunded_amount, paid_at, created_at) VALUES ('pay-0115', 'bk-0115', 24, 'cash', 'pending', 0, NULL, '2026-01-14 23:00:00');
INSERT INTO bookings (id, booking_ref, user_id, studio_id, date, start_time, end_time, group_type, status, base_price, equipment_price, total_price, equipment, payment_method, payment_status, notes, created_at, updated_at, cancelled_at, cancel_reason) VALUES ('bk-0116', 'H3-20260110-PPT6', 'usr-031', 'la-scene', '2026-01-19', '17:30', '19:00', 'solo', 'completed', 18, 0, 18, NULL, 'card', 'paid', '', '2026-01-10 23:00:00', '2026-01-10 23:00:00', NULL, NULL);
INSERT INTO payments (id, booking_id, amount, method, status, refunded_amount, paid_at, created_at) VALUES ('pay-0116', 'bk-0116', 18, 'card', 'paid', 0, '2026-01-10 23:00:00', '2026-01-10 23:00:00');
INSERT INTO bookings (id, booking_ref, user_id, studio_id, date, start_time, end_time, group_type, status, base_price, equipment_price, total_price, equipment, payment_method, payment_status, notes, created_at, updated_at, cancelled_at, cancel_reason) VALUES ('bk-0117', 'H3-20260117-Y9VP', 'usr-043', 'la-scene', '2026-01-19', '20:30', '21:30', 'solo', 'completed', 12, 3, 15, '[{"id":"cymbal","quantity":1}]', 'cash', 'paid', '', '2026-01-17 23:00:00', '2026-01-17 23:00:00', NULL, NULL);
INSERT INTO payments (id, booking_id, amount, method, status, refunded_amount, paid_at, created_at) VALUES ('pay-0117', 'bk-0117', 15, 'cash', 'paid', 0, '2026-01-19 23:00:00', '2026-01-17 23:00:00');
INSERT INTO bookings (id, booking_ref, user_id, studio_id, date, start_time, end_time, group_type, status, base_price, equipment_price, total_price, equipment, payment_method, payment_status, notes, created_at, updated_at, cancelled_at, cancel_reason) VALUES ('bk-0118', 'H3-20260114-C7BF', 'usr-038', 'le-podium', '2026-01-19', '13:00', '14:30', 'solo', 'completed', 18, 0, 18, NULL, 'cash', 'paid', '', '2026-01-14 23:00:00', '2026-01-14 23:00:00', NULL, NULL);
INSERT INTO payments (id, booking_id, amount, method, status, refunded_amount, paid_at, created_at) VALUES ('pay-0118', 'bk-0118', 18, 'cash', 'paid', 0, '2026-01-19 23:00:00', '2026-01-14 23:00:00');
INSERT INTO bookings (id, booking_ref, user_id, studio_id, date, start_time, end_time, group_type, status, base_price, equipment_price, total_price, equipment, payment_method, payment_status, notes, created_at, updated_at, cancelled_at, cancel_reason) VALUES ('bk-0119', 'H3-20260108-63PC', 'usr-044', 'la-scene', '2026-01-19', '16:00', '17:30', 'group', 'completed', 54, 0, 54, NULL, 'card', 'paid', '', '2026-01-08 23:00:00', '2026-01-08 23:00:00', NULL, NULL);
INSERT INTO payments (id, booking_id, amount, method, status, refunded_amount, paid_at, created_at) VALUES ('pay-0119', 'bk-0119', 54, 'card', 'paid', 0, '2026-01-08 23:00:00', '2026-01-08 23:00:00');
INSERT INTO bookings (id, booking_ref, user_id, studio_id, date, start_time, end_time, group_type, status, base_price, equipment_price, total_price, equipment, payment_method, payment_status, notes, created_at, updated_at, cancelled_at, cancel_reason) VALUES ('bk-0120', 'H3-20260111-4VI2', 'usr-018', 'la-scene', '2026-01-19', '14:30', '16:00', 'group', 'no-show', 54, 0, 54, NULL, 'cash', 'pending', '', '2026-01-11 23:00:00', '2026-01-11 23:00:00', NULL, NULL);
INSERT INTO payments (id, booking_id, amount, method, status, refunded_amount, paid_at, created_at) VALUES ('pay-0120', 'bk-0120', 54, 'cash', 'pending', 0, NULL, '2026-01-11 23:00:00');
INSERT INTO bookings (id, booking_ref, user_id, studio_id, date, start_time, end_time, group_type, status, base_price, equipment_price, total_price, equipment, payment_method, payment_status, notes, created_at, updated_at, cancelled_at, cancel_reason) VALUES ('bk-0121', 'H3-20260107-5DPH', 'usr-013', 'le-podium', '2026-01-19', '11:30', '12:30', 'group', 'no-show', 30, 0, 30, NULL, 'card', 'paid', '', '2026-01-07 23:00:00', '2026-01-07 23:00:00', NULL, NULL);
INSERT INTO payments (id, booking_id, amount, method, status, refunded_amount, paid_at, created_at) VALUES ('pay-0121', 'bk-0121', 30, 'card', 'paid', 0, '2026-01-07 23:00:00', '2026-01-07 23:00:00');
INSERT INTO bookings (id, booking_ref, user_id, studio_id, date, start_time, end_time, group_type, status, base_price, equipment_price, total_price, equipment, payment_method, payment_status, notes, created_at, updated_at, cancelled_at, cancel_reason) VALUES ('bk-0122', 'H3-20260106-8EQK', 'usr-005', 'la-scene', '2026-01-19', '16:30', '17:30', 'group', 'completed', 36, 3, 39, '[{"id":"guitar","quantity":1}]', 'card', 'paid', '', '2026-01-06 23:00:00', '2026-01-06 23:00:00', NULL, NULL);
INSERT INTO payments (id, booking_id, amount, method, status, refunded_amount, paid_at, created_at) VALUES ('pay-0122', 'bk-0122', 39, 'card', 'paid', 0, '2026-01-06 23:00:00', '2026-01-06 23:00:00');
INSERT INTO bookings (id, booking_ref, user_id, studio_id, date, start_time, end_time, group_type, status, base_price, equipment_price, total_price, equipment, payment_method, payment_status, notes, created_at, updated_at, cancelled_at, cancel_reason) VALUES ('bk-0123', 'H3-20260112-P8SK', 'usr-019', 'le-podium', '2026-01-19', '20:00', '21:30', 'group', 'completed', 54, 3, 57, '[{"id":"bass","quantity":2}]', 'card', 'paid', '', '2026-01-12 23:00:00', '2026-01-12 23:00:00', NULL, NULL);
INSERT INTO payments (id, booking_id, amount, method, status, refunded_amount, paid_at, created_at) VALUES ('pay-0123', 'bk-0123', 57, 'card', 'paid', 0, '2026-01-12 23:00:00', '2026-01-12 23:00:00');
INSERT INTO bookings (id, booking_ref, user_id, studio_id, date, start_time, end_time, group_type, status, base_price, equipment_price, total_price, equipment, payment_method, payment_status, notes, created_at, updated_at, cancelled_at, cancel_reason) VALUES ('bk-0124', 'H3-20260106-40OA', 'usr-007', 'la-scene', '2026-01-20', '21:30', '22:30', 'duo', 'completed', 24, 0, 24, NULL, 'card', 'paid', '', '2026-01-06 23:00:00', '2026-01-06 23:00:00', NULL, NULL);
INSERT INTO payments (id, booking_id, amount, method, status, refunded_amount, paid_at, created_at) VALUES ('pay-0124', 'bk-0124', 24, 'card', 'paid', 0, '2026-01-06 23:00:00', '2026-01-06 23:00:00');
INSERT INTO bookings (id, booking_ref, user_id, studio_id, date, start_time, end_time, group_type, status, base_price, equipment_price, total_price, equipment, payment_method, payment_status, notes, created_at, updated_at, cancelled_at, cancel_reason) VALUES ('bk-0125', 'H3-20260110-Y5R7', 'usr-004', 'la-scene', '2026-01-20', '11:30', '13:00', 'solo', 'completed', 18, 0, 18, NULL, 'cash', 'paid', '', '2026-01-10 23:00:00', '2026-01-10 23:00:00', NULL, NULL);
INSERT INTO payments (id, booking_id, amount, method, status, refunded_amount, paid_at, created_at) VALUES ('pay-0125', 'bk-0125', 18, 'cash', 'paid', 0, '2026-01-20 23:00:00', '2026-01-10 23:00:00');
INSERT INTO bookings (id, booking_ref, user_id, studio_id, date, start_time, end_time, group_type, status, base_price, equipment_price, total_price, equipment, payment_method, payment_status, notes, created_at, updated_at, cancelled_at, cancel_reason) VALUES ('bk-0126', 'H3-20260107-YX9Y', 'usr-022', 'la-scene', '2026-01-20', '22:30', '23:30', 'duo', 'completed', 24, 0, 24, NULL, 'card', 'paid', '', '2026-01-07 23:00:00', '2026-01-07 23:00:00', NULL, NULL);
INSERT INTO payments (id, booking_id, amount, method, status, refunded_amount, paid_at, created_at) VALUES ('pay-0126', 'bk-0126', 24, 'card', 'paid', 0, '2026-01-07 23:00:00', '2026-01-07 23:00:00');
INSERT INTO bookings (id, booking_ref, user_id, studio_id, date, start_time, end_time, group_type, status, base_price, equipment_price, total_price, equipment, payment_method, payment_status, notes, created_at, updated_at, cancelled_at, cancel_reason) VALUES ('bk-0127', 'H3-20260109-5XFB', 'usr-049', 'la-scene', '2026-01-20', '14:00', '15:00', 'duo', 'completed', 24, 0, 24, NULL, 'cash', 'paid', '', '2026-01-09 23:00:00', '2026-01-09 23:00:00', NULL, NULL);
INSERT INTO payments (id, booking_id, amount, method, status, refunded_amount, paid_at, created_at) VALUES ('pay-0127', 'bk-0127', 24, 'cash', 'paid', 0, '2026-01-20 23:00:00', '2026-01-09 23:00:00');
INSERT INTO bookings (id, booking_ref, user_id, studio_id, date, start_time, end_time, group_type, status, base_price, equipment_price, total_price, equipment, payment_method, payment_status, notes, created_at, updated_at, cancelled_at, cancel_reason) VALUES ('bk-0128', 'H3-20260115-84UW', 'usr-015', 'la-scene', '2026-01-20', '19:30', '20:30', 'duo', 'cancelled', 24, 0, 24, NULL, 'card', 'paid', '', '2026-01-15 23:00:00', '2026-01-15 23:00:00', '2026-01-16 23:00:00', 'Changement de plans');
INSERT INTO payments (id, booking_id, amount, method, status, refunded_amount, paid_at, created_at) VALUES ('pay-0128', 'bk-0128', 24, 'card', 'paid', 0, '2026-01-15 23:00:00', '2026-01-15 23:00:00');
INSERT INTO bookings (id, booking_ref, user_id, studio_id, date, start_time, end_time, group_type, status, base_price, equipment_price, total_price, equipment, payment_method, payment_status, notes, created_at, updated_at, cancelled_at, cancel_reason) VALUES ('bk-0129', 'H3-20260118-J5SR', 'usr-022', 'le-podium', '2026-01-20', '15:30', '17:00', 'group', 'completed', 45, 0, 45, NULL, 'card', 'paid', '', '2026-01-18 23:00:00', '2026-01-18 23:00:00', NULL, NULL);
INSERT INTO payments (id, booking_id, amount, method, status, refunded_amount, paid_at, created_at) VALUES ('pay-0129', 'bk-0129', 45, 'card', 'paid', 0, '2026-01-18 23:00:00', '2026-01-18 23:00:00');
INSERT INTO bookings (id, booking_ref, user_id, studio_id, date, start_time, end_time, group_type, status, base_price, equipment_price, total_price, equipment, payment_method, payment_status, notes, created_at, updated_at, cancelled_at, cancel_reason) VALUES ('bk-0130', 'H3-20260117-WJUM', 'usr-001', 'la-scene', '2026-01-20', '16:30', '17:30', 'duo', 'completed', 24, 0, 24, NULL, 'card', 'paid', '', '2026-01-17 23:00:00', '2026-01-17 23:00:00', NULL, NULL);
INSERT INTO payments (id, booking_id, amount, method, status, refunded_amount, paid_at, created_at) VALUES ('pay-0130', 'bk-0130', 24, 'card', 'paid', 0, '2026-01-17 23:00:00', '2026-01-17 23:00:00');
INSERT INTO bookings (id, booking_ref, user_id, studio_id, date, start_time, end_time, group_type, status, base_price, equipment_price, total_price, equipment, payment_method, payment_status, notes, created_at, updated_at, cancelled_at, cancel_reason) VALUES ('bk-0131', 'H3-20260111-UAYS', 'usr-038', 'la-scene', '2026-01-20', '10:30', '11:30', 'group', 'completed', 36, 0, 36, NULL, 'card', 'paid', '', '2026-01-11 23:00:00', '2026-01-11 23:00:00', NULL, NULL);
INSERT INTO payments (id, booking_id, amount, method, status, refunded_amount, paid_at, created_at) VALUES ('pay-0131', 'bk-0131', 36, 'card', 'paid', 0, '2026-01-11 23:00:00', '2026-01-11 23:00:00');
INSERT INTO bookings (id, booking_ref, user_id, studio_id, date, start_time, end_time, group_type, status, base_price, equipment_price, total_price, equipment, payment_method, payment_status, notes, created_at, updated_at, cancelled_at, cancel_reason) VALUES ('bk-0132', 'H3-20260107-KCOB', 'usr-045', 'le-podium', '2026-01-20', '22:30', '23:30', 'duo', 'no-show', 24, 0, 24, NULL, 'card', 'paid', '', '2026-01-07 23:00:00', '2026-01-07 23:00:00', NULL, NULL);
INSERT INTO payments (id, booking_id, amount, method, status, refunded_amount, paid_at, created_at) VALUES ('pay-0132', 'bk-0132', 24, 'card', 'paid', 0, '2026-01-07 23:00:00', '2026-01-07 23:00:00');
INSERT INTO bookings (id, booking_ref, user_id, studio_id, date, start_time, end_time, group_type, status, base_price, equipment_price, total_price, equipment, payment_method, payment_status, notes, created_at, updated_at, cancelled_at, cancel_reason) VALUES ('bk-0133', 'H3-20260113-X33O', 'usr-046', 'le-podium', '2026-01-20', '17:30', '18:30', 'solo', 'completed', 12, 0, 12, NULL, 'card', 'paid', '', '2026-01-13 23:00:00', '2026-01-13 23:00:00', NULL, NULL);
INSERT INTO payments (id, booking_id, amount, method, status, refunded_amount, paid_at, created_at) VALUES ('pay-0133', 'bk-0133', 12, 'card', 'paid', 0, '2026-01-13 23:00:00', '2026-01-13 23:00:00');
INSERT INTO bookings (id, booking_ref, user_id, studio_id, date, start_time, end_time, group_type, status, base_price, equipment_price, total_price, equipment, payment_method, payment_status, notes, created_at, updated_at, cancelled_at, cancel_reason) VALUES ('bk-0134', 'H3-20260109-M5MZ', 'usr-017', 'la-scene', '2026-01-20', '11:00', '12:00', 'duo', 'completed', 24, 6, 30, '[{"id":"piano","quantity":1},{"id":"mic","quantity":1}]', 'card', 'paid', '', '2026-01-09 23:00:00', '2026-01-09 23:00:00', NULL, NULL);
INSERT INTO payments (id, booking_id, amount, method, status, refunded_amount, paid_at, created_at) VALUES ('pay-0134', 'bk-0134', 30, 'card', 'paid', 0, '2026-01-09 23:00:00', '2026-01-09 23:00:00');
INSERT INTO bookings (id, booking_ref, user_id, studio_id, date, start_time, end_time, group_type, status, base_price, equipment_price, total_price, equipment, payment_method, payment_status, notes, created_at, updated_at, cancelled_at, cancel_reason) VALUES ('bk-0135', 'H3-20260110-BX5R', 'usr-049', 'la-scene', '2026-01-20', '18:30', '19:30', 'duo', 'completed', 24, 0, 24, NULL, 'card', 'paid', '', '2026-01-10 23:00:00', '2026-01-10 23:00:00', NULL, NULL);
INSERT INTO payments (id, booking_id, amount, method, status, refunded_amount, paid_at, created_at) VALUES ('pay-0135', 'bk-0135', 24, 'card', 'paid', 0, '2026-01-10 23:00:00', '2026-01-10 23:00:00');
INSERT INTO bookings (id, booking_ref, user_id, studio_id, date, start_time, end_time, group_type, status, base_price, equipment_price, total_price, equipment, payment_method, payment_status, notes, created_at, updated_at, cancelled_at, cancel_reason) VALUES ('bk-0136', 'H3-20260112-536L', 'usr-043', 'le-podium', '2026-01-20', '21:30', '22:30', 'solo', 'completed', 12, 0, 12, NULL, 'card', 'paid', '', '2026-01-12 23:00:00', '2026-01-12 23:00:00', NULL, NULL);
INSERT INTO payments (id, booking_id, amount, method, status, refunded_amount, paid_at, created_at) VALUES ('pay-0136', 'bk-0136', 12, 'card', 'paid', 0, '2026-01-12 23:00:00', '2026-01-12 23:00:00');
INSERT INTO bookings (id, booking_ref, user_id, studio_id, date, start_time, end_time, group_type, status, base_price, equipment_price, total_price, equipment, payment_method, payment_status, notes, created_at, updated_at, cancelled_at, cancel_reason) VALUES ('bk-0137', 'H3-20260114-HG0N', 'usr-045', 'le-podium', '2026-01-20', '12:00', '13:30', 'duo', 'completed', 36, 0, 36, NULL, 'card', 'paid', '', '2026-01-14 23:00:00', '2026-01-14 23:00:00', NULL, NULL);
INSERT INTO payments (id, booking_id, amount, method, status, refunded_amount, paid_at, created_at) VALUES ('pay-0137', 'bk-0137', 36, 'card', 'paid', 0, '2026-01-14 23:00:00', '2026-01-14 23:00:00');
INSERT INTO bookings (id, booking_ref, user_id, studio_id, date, start_time, end_time, group_type, status, base_price, equipment_price, total_price, equipment, payment_method, payment_status, notes, created_at, updated_at, cancelled_at, cancel_reason) VALUES ('bk-0138', 'H3-20260115-ED04', 'usr-001', 'le-podium', '2026-01-20', '22:30', '23:30', 'solo', 'completed', 12, 0, 12, NULL, 'card', 'paid', '', '2026-01-15 23:00:00', '2026-01-15 23:00:00', NULL, NULL);
INSERT INTO payments (id, booking_id, amount, method, status, refunded_amount, paid_at, created_at) VALUES ('pay-0138', 'bk-0138', 12, 'card', 'paid', 0, '2026-01-15 23:00:00', '2026-01-15 23:00:00');
INSERT INTO bookings (id, booking_ref, user_id, studio_id, date, start_time, end_time, group_type, status, base_price, equipment_price, total_price, equipment, payment_method, payment_status, notes, created_at, updated_at, cancelled_at, cancel_reason) VALUES ('bk-0139', 'H3-20260112-9WGJ', 'usr-001', 'la-scene', '2026-01-20', '09:30', '10:30', 'duo', 'completed', 24, 0, 24, NULL, 'card', 'paid', '', '2026-01-12 23:00:00', '2026-01-12 23:00:00', NULL, NULL);
INSERT INTO payments (id, booking_id, amount, method, status, refunded_amount, paid_at, created_at) VALUES ('pay-0139', 'bk-0139', 24, 'card', 'paid', 0, '2026-01-12 23:00:00', '2026-01-12 23:00:00');
INSERT INTO bookings (id, booking_ref, user_id, studio_id, date, start_time, end_time, group_type, status, base_price, equipment_price, total_price, equipment, payment_method, payment_status, notes, created_at, updated_at, cancelled_at, cancel_reason) VALUES ('bk-0140', 'H3-20260113-FMSD', 'usr-021', 'le-podium', '2026-01-20', '16:30', '17:30', 'solo', 'completed', 12, 0, 12, NULL, 'cash', 'paid', '', '2026-01-13 23:00:00', '2026-01-13 23:00:00', NULL, NULL);
INSERT INTO payments (id, booking_id, amount, method, status, refunded_amount, paid_at, created_at) VALUES ('pay-0140', 'bk-0140', 12, 'cash', 'paid', 0, '2026-01-20 23:00:00', '2026-01-13 23:00:00');
INSERT INTO bookings (id, booking_ref, user_id, studio_id, date, start_time, end_time, group_type, status, base_price, equipment_price, total_price, equipment, payment_method, payment_status, notes, created_at, updated_at, cancelled_at, cancel_reason) VALUES ('bk-0141', 'H3-20260109-OWDO', 'usr-012', 'la-scene', '2026-01-21', '18:30', '20:00', 'solo', 'completed', 18, 3, 21, '[{"id":"piano","quantity":1}]', 'card', 'paid', '', '2026-01-09 23:00:00', '2026-01-09 23:00:00', NULL, NULL);
INSERT INTO payments (id, booking_id, amount, method, status, refunded_amount, paid_at, created_at) VALUES ('pay-0141', 'bk-0141', 21, 'card', 'paid', 0, '2026-01-09 23:00:00', '2026-01-09 23:00:00');
INSERT INTO bookings (id, booking_ref, user_id, studio_id, date, start_time, end_time, group_type, status, base_price, equipment_price, total_price, equipment, payment_method, payment_status, notes, created_at, updated_at, cancelled_at, cancel_reason) VALUES ('bk-0142', 'H3-20260119-M0T9', 'usr-035', 'le-podium', '2026-01-21', '18:00', '19:30', 'group', 'completed', 54, 3, 57, '[{"id":"mic","quantity":1}]', 'cash', 'paid', '', '2026-01-19 23:00:00', '2026-01-19 23:00:00', NULL, NULL);
INSERT INTO payments (id, booking_id, amount, method, status, refunded_amount, paid_at, created_at) VALUES ('pay-0142', 'bk-0142', 57, 'cash', 'paid', 0, '2026-01-21 23:00:00', '2026-01-19 23:00:00');
INSERT INTO bookings (id, booking_ref, user_id, studio_id, date, start_time, end_time, group_type, status, base_price, equipment_price, total_price, equipment, payment_method, payment_status, notes, created_at, updated_at, cancelled_at, cancel_reason) VALUES ('bk-0143', 'H3-20260114-8WDM', 'usr-032', 'la-scene', '2026-01-21', '17:30', '18:30', 'duo', 'completed', 24, 0, 24, NULL, 'cash', 'paid', '', '2026-01-14 23:00:00', '2026-01-14 23:00:00', NULL, NULL);
INSERT INTO payments (id, booking_id, amount, method, status, refunded_amount, paid_at, created_at) VALUES ('pay-0143', 'bk-0143', 24, 'cash', 'paid', 0, '2026-01-21 23:00:00', '2026-01-14 23:00:00');
INSERT INTO bookings (id, booking_ref, user_id, studio_id, date, start_time, end_time, group_type, status, base_price, equipment_price, total_price, equipment, payment_method, payment_status, notes, created_at, updated_at, cancelled_at, cancel_reason) VALUES ('bk-0144', 'H3-20260115-QLT0', 'usr-049', 'le-podium', '2026-01-21', '13:30', '14:30', 'duo', 'completed', 24, 0, 24, NULL, 'cash', 'paid', '', '2026-01-15 23:00:00', '2026-01-15 23:00:00', NULL, NULL);
INSERT INTO payments (id, booking_id, amount, method, status, refunded_amount, paid_at, created_at) VALUES ('pay-0144', 'bk-0144', 24, 'cash', 'paid', 0, '2026-01-21 23:00:00', '2026-01-15 23:00:00');
INSERT INTO bookings (id, booking_ref, user_id, studio_id, date, start_time, end_time, group_type, status, base_price, equipment_price, total_price, equipment, payment_method, payment_status, notes, created_at, updated_at, cancelled_at, cancel_reason) VALUES ('bk-0145', 'H3-20260115-7RIT', 'usr-039', 'la-scene', '2026-01-21', '19:00', '20:00', 'solo', 'completed', 12, 3, 15, '[{"id":"bass","quantity":1}]', 'cash', 'paid', '', '2026-01-15 23:00:00', '2026-01-15 23:00:00', NULL, NULL);
INSERT INTO payments (id, booking_id, amount, method, status, refunded_amount, paid_at, created_at) VALUES ('pay-0145', 'bk-0145', 15, 'cash', 'paid', 0, '2026-01-21 23:00:00', '2026-01-15 23:00:00');
INSERT INTO bookings (id, booking_ref, user_id, studio_id, date, start_time, end_time, group_type, status, base_price, equipment_price, total_price, equipment, payment_method, payment_status, notes, created_at, updated_at, cancelled_at, cancel_reason) VALUES ('bk-0146', 'H3-20260117-D0PP', 'usr-040', 'le-podium', '2026-01-21', '11:00', '12:00', 'duo', 'completed', 24, 0, 24, NULL, 'card', 'paid', '', '2026-01-17 23:00:00', '2026-01-17 23:00:00', NULL, NULL);
INSERT INTO payments (id, booking_id, amount, method, status, refunded_amount, paid_at, created_at) VALUES ('pay-0146', 'bk-0146', 24, 'card', 'paid', 0, '2026-01-17 23:00:00', '2026-01-17 23:00:00');
INSERT INTO bookings (id, booking_ref, user_id, studio_id, date, start_time, end_time, group_type, status, base_price, equipment_price, total_price, equipment, payment_method, payment_status, notes, created_at, updated_at, cancelled_at, cancel_reason) VALUES ('bk-0147', 'H3-20260110-VS6C', 'usr-015', 'la-scene', '2026-01-21', '18:30', '19:30', 'group', 'cancelled', 44, 0, 44, NULL, 'card', 'paid', '', '2026-01-10 23:00:00', '2026-01-10 23:00:00', '2026-01-11 23:00:00', 'Autre groupe');
INSERT INTO payments (id, booking_id, amount, method, status, refunded_amount, paid_at, created_at) VALUES ('pay-0147', 'bk-0147', 44, 'card', 'paid', 0, '2026-01-10 23:00:00', '2026-01-10 23:00:00');
INSERT INTO bookings (id, booking_ref, user_id, studio_id, date, start_time, end_time, group_type, status, base_price, equipment_price, total_price, equipment, payment_method, payment_status, notes, created_at, updated_at, cancelled_at, cancel_reason) VALUES ('bk-0148', 'H3-20260112-F8Y0', 'usr-004', 'la-scene', '2026-01-21', '20:00', '21:00', 'group', 'completed', 44, 0, 44, NULL, 'cash', 'paid', '', '2026-01-12 23:00:00', '2026-01-12 23:00:00', NULL, NULL);
INSERT INTO payments (id, booking_id, amount, method, status, refunded_amount, paid_at, created_at) VALUES ('pay-0148', 'bk-0148', 44, 'cash', 'paid', 0, '2026-01-21 23:00:00', '2026-01-12 23:00:00');
INSERT INTO bookings (id, booking_ref, user_id, studio_id, date, start_time, end_time, group_type, status, base_price, equipment_price, total_price, equipment, payment_method, payment_status, notes, created_at, updated_at, cancelled_at, cancel_reason) VALUES ('bk-0149', 'H3-20260116-REED', 'usr-014', 'la-scene', '2026-01-21', '13:30', '15:00', 'solo', 'completed', 18, 0, 18, NULL, 'cash', 'paid', '', '2026-01-16 23:00:00', '2026-01-16 23:00:00', NULL, NULL);
INSERT INTO payments (id, booking_id, amount, method, status, refunded_amount, paid_at, created_at) VALUES ('pay-0149', 'bk-0149', 18, 'cash', 'paid', 0, '2026-01-21 23:00:00', '2026-01-16 23:00:00');
INSERT INTO bookings (id, booking_ref, user_id, studio_id, date, start_time, end_time, group_type, status, base_price, equipment_price, total_price, equipment, payment_method, payment_status, notes, created_at, updated_at, cancelled_at, cancel_reason) VALUES ('bk-0150', 'H3-20260113-BF0G', 'usr-030', 'la-scene', '2026-01-21', '18:30', '19:30', 'group', 'completed', 44, 6, 50, '[{"id":"piano","quantity":2}]', 'card', 'paid', '', '2026-01-13 23:00:00', '2026-01-13 23:00:00', NULL, NULL);
INSERT INTO payments (id, booking_id, amount, method, status, refunded_amount, paid_at, created_at) VALUES ('pay-0150', 'bk-0150', 50, 'card', 'paid', 0, '2026-01-13 23:00:00', '2026-01-13 23:00:00');
INSERT INTO bookings (id, booking_ref, user_id, studio_id, date, start_time, end_time, group_type, status, base_price, equipment_price, total_price, equipment, payment_method, payment_status, notes, created_at, updated_at, cancelled_at, cancel_reason) VALUES ('bk-0151', 'H3-20260112-OZ9K', 'usr-044', 'le-podium', '2026-01-21', '14:00', '15:30', 'duo', 'completed', 36, 0, 36, NULL, 'card', 'paid', '', '2026-01-12 23:00:00', '2026-01-12 23:00:00', NULL, NULL);
INSERT INTO payments (id, booking_id, amount, method, status, refunded_amount, paid_at, created_at) VALUES ('pay-0151', 'bk-0151', 36, 'card', 'paid', 0, '2026-01-12 23:00:00', '2026-01-12 23:00:00');
INSERT INTO bookings (id, booking_ref, user_id, studio_id, date, start_time, end_time, group_type, status, base_price, equipment_price, total_price, equipment, payment_method, payment_status, notes, created_at, updated_at, cancelled_at, cancel_reason) VALUES ('bk-0152', 'H3-20260120-S4LO', 'usr-034', 'le-podium', '2026-01-21', '14:00', '15:00', 'duo', 'completed', 24, 0, 24, NULL, 'card', 'paid', '', '2026-01-20 23:00:00', '2026-01-20 23:00:00', NULL, NULL);
INSERT INTO payments (id, booking_id, amount, method, status, refunded_amount, paid_at, created_at) VALUES ('pay-0152', 'bk-0152', 24, 'card', 'paid', 0, '2026-01-20 23:00:00', '2026-01-20 23:00:00');
INSERT INTO bookings (id, booking_ref, user_id, studio_id, date, start_time, end_time, group_type, status, base_price, equipment_price, total_price, equipment, payment_method, payment_status, notes, created_at, updated_at, cancelled_at, cancel_reason) VALUES ('bk-0153', 'H3-20260119-W710', 'usr-013', 'le-podium', '2026-01-22', '22:30', '23:30', 'solo', 'completed', 12, 0, 12, NULL, 'card', 'paid', '', '2026-01-19 23:00:00', '2026-01-19 23:00:00', NULL, NULL);
INSERT INTO payments (id, booking_id, amount, method, status, refunded_amount, paid_at, created_at) VALUES ('pay-0153', 'bk-0153', 12, 'card', 'paid', 0, '2026-01-19 23:00:00', '2026-01-19 23:00:00');
INSERT INTO bookings (id, booking_ref, user_id, studio_id, date, start_time, end_time, group_type, status, base_price, equipment_price, total_price, equipment, payment_method, payment_status, notes, created_at, updated_at, cancelled_at, cancel_reason) VALUES ('bk-0154', 'H3-20260120-PUPT', 'usr-008', 'le-podium', '2026-01-22', '19:00', '20:00', 'duo', 'completed', 24, 11, 35, '[{"id":"mic","quantity":2},{"id":"piano","quantity":2}]', 'cash', 'paid', '', '2026-01-20 23:00:00', '2026-01-20 23:00:00', NULL, NULL);
INSERT INTO payments (id, booking_id, amount, method, status, refunded_amount, paid_at, created_at) VALUES ('pay-0154', 'bk-0154', 35, 'cash', 'paid', 0, '2026-01-22 23:00:00', '2026-01-20 23:00:00');
INSERT INTO bookings (id, booking_ref, user_id, studio_id, date, start_time, end_time, group_type, status, base_price, equipment_price, total_price, equipment, payment_method, payment_status, notes, created_at, updated_at, cancelled_at, cancel_reason) VALUES ('bk-0155', 'H3-20260120-HDYY', 'usr-036', 'le-podium', '2026-01-22', '09:00', '10:00', 'group', 'completed', 30, 0, 30, NULL, 'cash', 'paid', '', '2026-01-20 23:00:00', '2026-01-20 23:00:00', NULL, NULL);
INSERT INTO payments (id, booking_id, amount, method, status, refunded_amount, paid_at, created_at) VALUES ('pay-0155', 'bk-0155', 30, 'cash', 'paid', 0, '2026-01-22 23:00:00', '2026-01-20 23:00:00');
INSERT INTO bookings (id, booking_ref, user_id, studio_id, date, start_time, end_time, group_type, status, base_price, equipment_price, total_price, equipment, payment_method, payment_status, notes, created_at, updated_at, cancelled_at, cancel_reason) VALUES ('bk-0156', 'H3-20260111-6A24', 'usr-046', 'le-podium', '2026-01-22', '18:30', '19:30', 'duo', 'completed', 24, 0, 24, NULL, 'card', 'paid', '', '2026-01-11 23:00:00', '2026-01-11 23:00:00', NULL, NULL);
INSERT INTO payments (id, booking_id, amount, method, status, refunded_amount, paid_at, created_at) VALUES ('pay-0156', 'bk-0156', 24, 'card', 'paid', 0, '2026-01-11 23:00:00', '2026-01-11 23:00:00');
INSERT INTO bookings (id, booking_ref, user_id, studio_id, date, start_time, end_time, group_type, status, base_price, equipment_price, total_price, equipment, payment_method, payment_status, notes, created_at, updated_at, cancelled_at, cancel_reason) VALUES ('bk-0157', 'H3-20260113-FWGT', 'usr-008', 'le-podium', '2026-01-22', '14:00', '15:00', 'group', 'completed', 30, 0, 30, NULL, 'cash', 'paid', '', '2026-01-13 23:00:00', '2026-01-13 23:00:00', NULL, NULL);
INSERT INTO payments (id, booking_id, amount, method, status, refunded_amount, paid_at, created_at) VALUES ('pay-0157', 'bk-0157', 30, 'cash', 'paid', 0, '2026-01-22 23:00:00', '2026-01-13 23:00:00');
INSERT INTO bookings (id, booking_ref, user_id, studio_id, date, start_time, end_time, group_type, status, base_price, equipment_price, total_price, equipment, payment_method, payment_status, notes, created_at, updated_at, cancelled_at, cancel_reason) VALUES ('bk-0158', 'H3-20260113-P2WA', 'usr-048', 'le-podium', '2026-01-22', '10:00', '11:00', 'group', 'completed', 30, 0, 30, NULL, 'card', 'paid', '', '2026-01-13 23:00:00', '2026-01-13 23:00:00', NULL, NULL);
INSERT INTO payments (id, booking_id, amount, method, status, refunded_amount, paid_at, created_at) VALUES ('pay-0158', 'bk-0158', 30, 'card', 'paid', 0, '2026-01-13 23:00:00', '2026-01-13 23:00:00');
INSERT INTO bookings (id, booking_ref, user_id, studio_id, date, start_time, end_time, group_type, status, base_price, equipment_price, total_price, equipment, payment_method, payment_status, notes, created_at, updated_at, cancelled_at, cancel_reason) VALUES ('bk-0159', 'H3-20260110-6N2P', 'usr-040', 'le-podium', '2026-01-22', '17:00', '18:30', 'duo', 'completed', 36, 0, 36, NULL, 'cash', 'paid', '', '2026-01-10 23:00:00', '2026-01-10 23:00:00', NULL, NULL);
INSERT INTO payments (id, booking_id, amount, method, status, refunded_amount, paid_at, created_at) VALUES ('pay-0159', 'bk-0159', 36, 'cash', 'paid', 0, '2026-01-22 23:00:00', '2026-01-10 23:00:00');
INSERT INTO bookings (id, booking_ref, user_id, studio_id, date, start_time, end_time, group_type, status, base_price, equipment_price, total_price, equipment, payment_method, payment_status, notes, created_at, updated_at, cancelled_at, cancel_reason) VALUES ('bk-0160', 'H3-20260121-76E1', 'usr-036', 'la-scene', '2026-01-22', '20:30', '21:30', 'solo', 'completed', 12, 0, 12, NULL, 'card', 'paid', '', '2026-01-21 23:00:00', '2026-01-21 23:00:00', NULL, NULL);
INSERT INTO payments (id, booking_id, amount, method, status, refunded_amount, paid_at, created_at) VALUES ('pay-0160', 'bk-0160', 12, 'card', 'paid', 0, '2026-01-21 23:00:00', '2026-01-21 23:00:00');
INSERT INTO bookings (id, booking_ref, user_id, studio_id, date, start_time, end_time, group_type, status, base_price, equipment_price, total_price, equipment, payment_method, payment_status, notes, created_at, updated_at, cancelled_at, cancel_reason) VALUES ('bk-0161', 'H3-20260110-BXT2', 'usr-040', 'la-scene', '2026-01-22', '21:30', '22:30', 'group', 'completed', 44, 0, 44, NULL, 'card', 'paid', '', '2026-01-10 23:00:00', '2026-01-10 23:00:00', NULL, NULL);
INSERT INTO payments (id, booking_id, amount, method, status, refunded_amount, paid_at, created_at) VALUES ('pay-0161', 'bk-0161', 44, 'card', 'paid', 0, '2026-01-10 23:00:00', '2026-01-10 23:00:00');
INSERT INTO bookings (id, booking_ref, user_id, studio_id, date, start_time, end_time, group_type, status, base_price, equipment_price, total_price, equipment, payment_method, payment_status, notes, created_at, updated_at, cancelled_at, cancel_reason) VALUES ('bk-0162', 'H3-20260108-L5MF', 'usr-002', 'le-podium', '2026-01-22', '13:00', '14:00', 'duo', 'no-show', 24, 0, 24, NULL, 'card', 'paid', '', '2026-01-08 23:00:00', '2026-01-08 23:00:00', NULL, NULL);
INSERT INTO payments (id, booking_id, amount, method, status, refunded_amount, paid_at, created_at) VALUES ('pay-0162', 'bk-0162', 24, 'card', 'paid', 0, '2026-01-08 23:00:00', '2026-01-08 23:00:00');
INSERT INTO bookings (id, booking_ref, user_id, studio_id, date, start_time, end_time, group_type, status, base_price, equipment_price, total_price, equipment, payment_method, payment_status, notes, created_at, updated_at, cancelled_at, cancel_reason) VALUES ('bk-0163', 'H3-20260111-P5UH', 'usr-031', 'la-scene', '2026-01-22', '18:30', '20:00', 'solo', 'completed', 18, 0, 18, NULL, 'cash', 'paid', '', '2026-01-11 23:00:00', '2026-01-11 23:00:00', NULL, NULL);
INSERT INTO payments (id, booking_id, amount, method, status, refunded_amount, paid_at, created_at) VALUES ('pay-0163', 'bk-0163', 18, 'cash', 'paid', 0, '2026-01-22 23:00:00', '2026-01-11 23:00:00');
INSERT INTO bookings (id, booking_ref, user_id, studio_id, date, start_time, end_time, group_type, status, base_price, equipment_price, total_price, equipment, payment_method, payment_status, notes, created_at, updated_at, cancelled_at, cancel_reason) VALUES ('bk-0164', 'H3-20260115-HPP0', 'usr-023', 'le-podium', '2026-01-22', '22:00', '23:00', 'group', 'completed', 36, 3, 39, '[{"id":"mic","quantity":1}]', 'cash', 'paid', '', '2026-01-15 23:00:00', '2026-01-15 23:00:00', NULL, NULL);
INSERT INTO payments (id, booking_id, amount, method, status, refunded_amount, paid_at, created_at) VALUES ('pay-0164', 'bk-0164', 39, 'cash', 'paid', 0, '2026-01-22 23:00:00', '2026-01-15 23:00:00');
INSERT INTO bookings (id, booking_ref, user_id, studio_id, date, start_time, end_time, group_type, status, base_price, equipment_price, total_price, equipment, payment_method, payment_status, notes, created_at, updated_at, cancelled_at, cancel_reason) VALUES ('bk-0165', 'H3-20260116-ZD0E', 'usr-021', 'la-scene', '2026-01-22', '09:30', '10:30', 'duo', 'completed', 24, 3, 27, '[{"id":"mic","quantity":1}]', 'cash', 'paid', '', '2026-01-16 23:00:00', '2026-01-16 23:00:00', NULL, NULL);
INSERT INTO payments (id, booking_id, amount, method, status, refunded_amount, paid_at, created_at) VALUES ('pay-0165', 'bk-0165', 27, 'cash', 'paid', 0, '2026-01-22 23:00:00', '2026-01-16 23:00:00');
INSERT INTO bookings (id, booking_ref, user_id, studio_id, date, start_time, end_time, group_type, status, base_price, equipment_price, total_price, equipment, payment_method, payment_status, notes, created_at, updated_at, cancelled_at, cancel_reason) VALUES ('bk-0166', 'H3-20260117-6FWH', 'usr-050', 'la-scene', '2026-01-22', '11:30', '12:30', 'group', 'completed', 36, 0, 36, NULL, 'card', 'paid', '', '2026-01-17 23:00:00', '2026-01-17 23:00:00', NULL, NULL);
INSERT INTO payments (id, booking_id, amount, method, status, refunded_amount, paid_at, created_at) VALUES ('pay-0166', 'bk-0166', 36, 'card', 'paid', 0, '2026-01-17 23:00:00', '2026-01-17 23:00:00');
INSERT INTO bookings (id, booking_ref, user_id, studio_id, date, start_time, end_time, group_type, status, base_price, equipment_price, total_price, equipment, payment_method, payment_status, notes, created_at, updated_at, cancelled_at, cancel_reason) VALUES ('bk-0167', 'H3-20260114-GVJ7', 'usr-046', 'le-podium', '2026-01-22', '13:00', '14:00', 'solo', 'completed', 12, 11, 23, '[{"id":"mic","quantity":2},{"id":"guitar","quantity":2}]', 'cash', 'paid', '', '2026-01-14 23:00:00', '2026-01-14 23:00:00', NULL, NULL);
INSERT INTO payments (id, booking_id, amount, method, status, refunded_amount, paid_at, created_at) VALUES ('pay-0167', 'bk-0167', 23, 'cash', 'paid', 0, '2026-01-22 23:00:00', '2026-01-14 23:00:00');
INSERT INTO bookings (id, booking_ref, user_id, studio_id, date, start_time, end_time, group_type, status, base_price, equipment_price, total_price, equipment, payment_method, payment_status, notes, created_at, updated_at, cancelled_at, cancel_reason) VALUES ('bk-0168', 'H3-20260119-TM84', 'usr-035', 'le-podium', '2026-01-22', '18:00', '19:30', 'group', 'completed', 54, 0, 54, NULL, 'cash', 'paid', '', '2026-01-19 23:00:00', '2026-01-19 23:00:00', NULL, NULL);
INSERT INTO payments (id, booking_id, amount, method, status, refunded_amount, paid_at, created_at) VALUES ('pay-0168', 'bk-0168', 54, 'cash', 'paid', 0, '2026-01-22 23:00:00', '2026-01-19 23:00:00');
INSERT INTO bookings (id, booking_ref, user_id, studio_id, date, start_time, end_time, group_type, status, base_price, equipment_price, total_price, equipment, payment_method, payment_status, notes, created_at, updated_at, cancelled_at, cancel_reason) VALUES ('bk-0169', 'H3-20260113-UF8B', 'usr-023', 'la-scene', '2026-01-22', '19:30', '20:30', 'duo', 'completed', 24, 3, 27, '[{"id":"bass","quantity":2}]', 'card', 'paid', '', '2026-01-13 23:00:00', '2026-01-13 23:00:00', NULL, NULL);
INSERT INTO payments (id, booking_id, amount, method, status, refunded_amount, paid_at, created_at) VALUES ('pay-0169', 'bk-0169', 27, 'card', 'paid', 0, '2026-01-13 23:00:00', '2026-01-13 23:00:00');
INSERT INTO bookings (id, booking_ref, user_id, studio_id, date, start_time, end_time, group_type, status, base_price, equipment_price, total_price, equipment, payment_method, payment_status, notes, created_at, updated_at, cancelled_at, cancel_reason) VALUES ('bk-0170', 'H3-20260121-VEMS', 'usr-029', 'le-podium', '2026-01-22', '22:00', '23:00', 'solo', 'completed', 12, 0, 12, NULL, 'card', 'paid', '', '2026-01-21 23:00:00', '2026-01-21 23:00:00', NULL, NULL);
INSERT INTO payments (id, booking_id, amount, method, status, refunded_amount, paid_at, created_at) VALUES ('pay-0170', 'bk-0170', 12, 'card', 'paid', 0, '2026-01-21 23:00:00', '2026-01-21 23:00:00');
INSERT INTO bookings (id, booking_ref, user_id, studio_id, date, start_time, end_time, group_type, status, base_price, equipment_price, total_price, equipment, payment_method, payment_status, notes, created_at, updated_at, cancelled_at, cancel_reason) VALUES ('bk-0171', 'H3-20260108-89TG', 'usr-038', 'le-podium', '2026-01-22', '14:00', '15:00', 'solo', 'completed', 12, 3, 15, '[{"id":"bass","quantity":1}]', 'card', 'paid', '', '2026-01-08 23:00:00', '2026-01-08 23:00:00', NULL, NULL);
INSERT INTO payments (id, booking_id, amount, method, status, refunded_amount, paid_at, created_at) VALUES ('pay-0171', 'bk-0171', 15, 'card', 'paid', 0, '2026-01-08 23:00:00', '2026-01-08 23:00:00');
INSERT INTO bookings (id, booking_ref, user_id, studio_id, date, start_time, end_time, group_type, status, base_price, equipment_price, total_price, equipment, payment_method, payment_status, notes, created_at, updated_at, cancelled_at, cancel_reason) VALUES ('bk-0172', 'H3-20260115-63GB', 'usr-024', 'le-podium', '2026-01-22', '21:00', '22:30', 'group', 'completed', 54, 3, 57, '[{"id":"piano","quantity":1}]', 'cash', 'paid', '', '2026-01-15 23:00:00', '2026-01-15 23:00:00', NULL, NULL);
INSERT INTO payments (id, booking_id, amount, method, status, refunded_amount, paid_at, created_at) VALUES ('pay-0172', 'bk-0172', 57, 'cash', 'paid', 0, '2026-01-22 23:00:00', '2026-01-15 23:00:00');
INSERT INTO bookings (id, booking_ref, user_id, studio_id, date, start_time, end_time, group_type, status, base_price, equipment_price, total_price, equipment, payment_method, payment_status, notes, created_at, updated_at, cancelled_at, cancel_reason) VALUES ('bk-0173', 'H3-20260112-33Y6', 'usr-011', 'le-podium', '2026-01-23', '15:00', '16:30', 'duo', 'completed', 36, 0, 36, NULL, 'card', 'paid', '', '2026-01-12 23:00:00', '2026-01-12 23:00:00', NULL, NULL);
INSERT INTO payments (id, booking_id, amount, method, status, refunded_amount, paid_at, created_at) VALUES ('pay-0173', 'bk-0173', 36, 'card', 'paid', 0, '2026-01-12 23:00:00', '2026-01-12 23:00:00');
INSERT INTO bookings (id, booking_ref, user_id, studio_id, date, start_time, end_time, group_type, status, base_price, equipment_price, total_price, equipment, payment_method, payment_status, notes, created_at, updated_at, cancelled_at, cancel_reason) VALUES ('bk-0174', 'H3-20260117-DAN4', 'usr-038', 'le-podium', '2026-01-23', '10:00', '11:30', 'duo', 'completed', 36, 0, 36, NULL, 'card', 'paid', '', '2026-01-17 23:00:00', '2026-01-17 23:00:00', NULL, NULL);
INSERT INTO payments (id, booking_id, amount, method, status, refunded_amount, paid_at, created_at) VALUES ('pay-0174', 'bk-0174', 36, 'card', 'paid', 0, '2026-01-17 23:00:00', '2026-01-17 23:00:00');
INSERT INTO bookings (id, booking_ref, user_id, studio_id, date, start_time, end_time, group_type, status, base_price, equipment_price, total_price, equipment, payment_method, payment_status, notes, created_at, updated_at, cancelled_at, cancel_reason) VALUES ('bk-0175', 'H3-20260109-CIPQ', 'usr-034', 'le-podium', '2026-01-23', '18:00', '19:00', 'solo', 'cancelled', 12, 3, 15, '[{"id":"cymbal","quantity":2}]', 'card', 'paid', '', '2026-01-09 23:00:00', '2026-01-09 23:00:00', '2026-01-11 23:00:00', 'Empêchement');
INSERT INTO payments (id, booking_id, amount, method, status, refunded_amount, paid_at, created_at) VALUES ('pay-0175', 'bk-0175', 15, 'card', 'paid', 0, '2026-01-09 23:00:00', '2026-01-09 23:00:00');
INSERT INTO bookings (id, booking_ref, user_id, studio_id, date, start_time, end_time, group_type, status, base_price, equipment_price, total_price, equipment, payment_method, payment_status, notes, created_at, updated_at, cancelled_at, cancel_reason) VALUES ('bk-0176', 'H3-20260117-QHCG', 'usr-050', 'le-podium', '2026-01-23', '17:30', '18:30', 'group', 'completed', 36, 0, 36, NULL, 'card', 'paid', '', '2026-01-17 23:00:00', '2026-01-17 23:00:00', NULL, NULL);
INSERT INTO payments (id, booking_id, amount, method, status, refunded_amount, paid_at, created_at) VALUES ('pay-0176', 'bk-0176', 36, 'card', 'paid', 0, '2026-01-17 23:00:00', '2026-01-17 23:00:00');
INSERT INTO bookings (id, booking_ref, user_id, studio_id, date, start_time, end_time, group_type, status, base_price, equipment_price, total_price, equipment, payment_method, payment_status, notes, created_at, updated_at, cancelled_at, cancel_reason) VALUES ('bk-0177', 'H3-20260121-XC3B', 'usr-019', 'la-scene', '2026-01-23', '15:00', '16:30', 'group', 'completed', 66, 9, 75, '[{"id":"piano","quantity":2},{"id":"bass","quantity":1}]', 'cash', 'paid', '', '2026-01-21 23:00:00', '2026-01-21 23:00:00', NULL, NULL);
INSERT INTO payments (id, booking_id, amount, method, status, refunded_amount, paid_at, created_at) VALUES ('pay-0177', 'bk-0177', 75, 'cash', 'paid', 0, '2026-01-23 23:00:00', '2026-01-21 23:00:00');
INSERT INTO bookings (id, booking_ref, user_id, studio_id, date, start_time, end_time, group_type, status, base_price, equipment_price, total_price, equipment, payment_method, payment_status, notes, created_at, updated_at, cancelled_at, cancel_reason) VALUES ('bk-0178', 'H3-20260119-1N03', 'usr-006', 'le-podium', '2026-01-23', '10:00', '11:30', 'solo', 'completed', 18, 0, 18, NULL, 'cash', 'paid', '', '2026-01-19 23:00:00', '2026-01-19 23:00:00', NULL, NULL);
INSERT INTO payments (id, booking_id, amount, method, status, refunded_amount, paid_at, created_at) VALUES ('pay-0178', 'bk-0178', 18, 'cash', 'paid', 0, '2026-01-23 23:00:00', '2026-01-19 23:00:00');
INSERT INTO bookings (id, booking_ref, user_id, studio_id, date, start_time, end_time, group_type, status, base_price, equipment_price, total_price, equipment, payment_method, payment_status, notes, created_at, updated_at, cancelled_at, cancel_reason) VALUES ('bk-0179', 'H3-20260109-J3PQ', 'usr-008', 'la-scene', '2026-01-23', '20:30', '21:30', 'solo', 'completed', 12, 0, 12, NULL, 'card', 'paid', '', '2026-01-09 23:00:00', '2026-01-09 23:00:00', NULL, NULL);
INSERT INTO payments (id, booking_id, amount, method, status, refunded_amount, paid_at, created_at) VALUES ('pay-0179', 'bk-0179', 12, 'card', 'paid', 0, '2026-01-09 23:00:00', '2026-01-09 23:00:00');
INSERT INTO bookings (id, booking_ref, user_id, studio_id, date, start_time, end_time, group_type, status, base_price, equipment_price, total_price, equipment, payment_method, payment_status, notes, created_at, updated_at, cancelled_at, cancel_reason) VALUES ('bk-0180', 'H3-20260118-6G3P', 'usr-048', 'la-scene', '2026-01-23', '21:30', '22:30', 'group', 'completed', 44, 0, 44, NULL, 'card', 'paid', '', '2026-01-18 23:00:00', '2026-01-18 23:00:00', NULL, NULL);
INSERT INTO payments (id, booking_id, amount, method, status, refunded_amount, paid_at, created_at) VALUES ('pay-0180', 'bk-0180', 44, 'card', 'paid', 0, '2026-01-18 23:00:00', '2026-01-18 23:00:00');
INSERT INTO bookings (id, booking_ref, user_id, studio_id, date, start_time, end_time, group_type, status, base_price, equipment_price, total_price, equipment, payment_method, payment_status, notes, created_at, updated_at, cancelled_at, cancel_reason) VALUES ('bk-0181', 'H3-20260117-E4M6', 'usr-036', 'la-scene', '2026-01-23', '18:00', '19:30', 'solo', 'no-show', 18, 0, 18, NULL, 'cash', 'pending', '', '2026-01-17 23:00:00', '2026-01-17 23:00:00', NULL, NULL);
INSERT INTO payments (id, booking_id, amount, method, status, refunded_amount, paid_at, created_at) VALUES ('pay-0181', 'bk-0181', 18, 'cash', 'pending', 0, NULL, '2026-01-17 23:00:00');
INSERT INTO bookings (id, booking_ref, user_id, studio_id, date, start_time, end_time, group_type, status, base_price, equipment_price, total_price, equipment, payment_method, payment_status, notes, created_at, updated_at, cancelled_at, cancel_reason) VALUES ('bk-0182', 'H3-20260110-HA4N', 'usr-043', 'la-scene', '2026-01-23', '10:00', '11:00', 'group', 'completed', 44, 0, 44, NULL, 'cash', 'paid', '', '2026-01-10 23:00:00', '2026-01-10 23:00:00', NULL, NULL);
INSERT INTO payments (id, booking_id, amount, method, status, refunded_amount, paid_at, created_at) VALUES ('pay-0182', 'bk-0182', 44, 'cash', 'paid', 0, '2026-01-23 23:00:00', '2026-01-10 23:00:00');
INSERT INTO bookings (id, booking_ref, user_id, studio_id, date, start_time, end_time, group_type, status, base_price, equipment_price, total_price, equipment, payment_method, payment_status, notes, created_at, updated_at, cancelled_at, cancel_reason) VALUES ('bk-0183', 'H3-20260110-R7FV', 'usr-031', 'la-scene', '2026-01-23', '19:30', '20:30', 'solo', 'completed', 12, 6, 18, '[{"id":"cymbal","quantity":2},{"id":"mic","quantity":1}]', 'card', 'paid', '', '2026-01-10 23:00:00', '2026-01-10 23:00:00', NULL, NULL);
INSERT INTO payments (id, booking_id, amount, method, status, refunded_amount, paid_at, created_at) VALUES ('pay-0183', 'bk-0183', 18, 'card', 'paid', 0, '2026-01-10 23:00:00', '2026-01-10 23:00:00');
INSERT INTO bookings (id, booking_ref, user_id, studio_id, date, start_time, end_time, group_type, status, base_price, equipment_price, total_price, equipment, payment_method, payment_status, notes, created_at, updated_at, cancelled_at, cancel_reason) VALUES ('bk-0184', 'H3-20260109-9K6H', 'usr-011', 'la-scene', '2026-01-23', '12:30', '13:30', 'duo', 'cancelled', 24, 0, 24, NULL, 'cash', 'pending', '', '2026-01-09 23:00:00', '2026-01-09 23:00:00', '2026-01-11 23:00:00', 'Changement de plans');
INSERT INTO payments (id, booking_id, amount, method, status, refunded_amount, paid_at, created_at) VALUES ('pay-0184', 'bk-0184', 24, 'cash', 'pending', 0, NULL, '2026-01-09 23:00:00');
INSERT INTO bookings (id, booking_ref, user_id, studio_id, date, start_time, end_time, group_type, status, base_price, equipment_price, total_price, equipment, payment_method, payment_status, notes, created_at, updated_at, cancelled_at, cancel_reason) VALUES ('bk-0185', 'H3-20260111-WYWX', 'usr-037', 'la-scene', '2026-01-23', '22:30', '23:30', 'solo', 'completed', 12, 0, 12, NULL, 'cash', 'paid', '', '2026-01-11 23:00:00', '2026-01-11 23:00:00', NULL, NULL);
INSERT INTO payments (id, booking_id, amount, method, status, refunded_amount, paid_at, created_at) VALUES ('pay-0185', 'bk-0185', 12, 'cash', 'paid', 0, '2026-01-23 23:00:00', '2026-01-11 23:00:00');
INSERT INTO bookings (id, booking_ref, user_id, studio_id, date, start_time, end_time, group_type, status, base_price, equipment_price, total_price, equipment, payment_method, payment_status, notes, created_at, updated_at, cancelled_at, cancel_reason) VALUES ('bk-0186', 'H3-20260111-PW8F', 'usr-048', 'la-scene', '2026-01-23', '09:00', '10:00', 'group', 'completed', 44, 9, 53, '[{"id":"piano","quantity":2},{"id":"guitar","quantity":1}]', 'card', 'paid', '', '2026-01-11 23:00:00', '2026-01-11 23:00:00', NULL, NULL);
INSERT INTO payments (id, booking_id, amount, method, status, refunded_amount, paid_at, created_at) VALUES ('pay-0186', 'bk-0186', 53, 'card', 'paid', 0, '2026-01-11 23:00:00', '2026-01-11 23:00:00');
INSERT INTO bookings (id, booking_ref, user_id, studio_id, date, start_time, end_time, group_type, status, base_price, equipment_price, total_price, equipment, payment_method, payment_status, notes, created_at, updated_at, cancelled_at, cancel_reason) VALUES ('bk-0187', 'H3-20260113-T6LS', 'usr-046', 'le-podium', '2026-01-23', '12:30', '14:00', 'solo', 'completed', 18, 0, 18, NULL, 'card', 'paid', '', '2026-01-13 23:00:00', '2026-01-13 23:00:00', NULL, NULL);
INSERT INTO payments (id, booking_id, amount, method, status, refunded_amount, paid_at, created_at) VALUES ('pay-0187', 'bk-0187', 18, 'card', 'paid', 0, '2026-01-13 23:00:00', '2026-01-13 23:00:00');
INSERT INTO bookings (id, booking_ref, user_id, studio_id, date, start_time, end_time, group_type, status, base_price, equipment_price, total_price, equipment, payment_method, payment_status, notes, created_at, updated_at, cancelled_at, cancel_reason) VALUES ('bk-0188', 'H3-20260122-N3JL', 'usr-015', 'la-scene', '2026-01-23', '09:00', '10:30', 'group', 'completed', 66, 0, 66, NULL, 'card', 'paid', '', '2026-01-22 23:00:00', '2026-01-22 23:00:00', NULL, NULL);
INSERT INTO payments (id, booking_id, amount, method, status, refunded_amount, paid_at, created_at) VALUES ('pay-0188', 'bk-0188', 66, 'card', 'paid', 0, '2026-01-22 23:00:00', '2026-01-22 23:00:00');
INSERT INTO bookings (id, booking_ref, user_id, studio_id, date, start_time, end_time, group_type, status, base_price, equipment_price, total_price, equipment, payment_method, payment_status, notes, created_at, updated_at, cancelled_at, cancel_reason) VALUES ('bk-0189', 'H3-20260109-J02C', 'usr-049', 'la-scene', '2026-01-23', '19:30', '20:30', 'group', 'completed', 44, 6, 50, '[{"id":"mic","quantity":1},{"id":"bass","quantity":2}]', 'card', 'paid', '', '2026-01-09 23:00:00', '2026-01-09 23:00:00', NULL, NULL);
INSERT INTO payments (id, booking_id, amount, method, status, refunded_amount, paid_at, created_at) VALUES ('pay-0189', 'bk-0189', 50, 'card', 'paid', 0, '2026-01-09 23:00:00', '2026-01-09 23:00:00');
INSERT INTO bookings (id, booking_ref, user_id, studio_id, date, start_time, end_time, group_type, status, base_price, equipment_price, total_price, equipment, payment_method, payment_status, notes, created_at, updated_at, cancelled_at, cancel_reason) VALUES ('bk-0190', 'H3-20260110-CZ8J', 'usr-044', 'le-podium', '2026-01-23', '16:00', '17:00', 'duo', 'completed', 24, 0, 24, NULL, 'cash', 'paid', '', '2026-01-10 23:00:00', '2026-01-10 23:00:00', NULL, NULL);
INSERT INTO payments (id, booking_id, amount, method, status, refunded_amount, paid_at, created_at) VALUES ('pay-0190', 'bk-0190', 24, 'cash', 'paid', 0, '2026-01-23 23:00:00', '2026-01-10 23:00:00');
INSERT INTO bookings (id, booking_ref, user_id, studio_id, date, start_time, end_time, group_type, status, base_price, equipment_price, total_price, equipment, payment_method, payment_status, notes, created_at, updated_at, cancelled_at, cancel_reason) VALUES ('bk-0191', 'H3-20260122-R3MU', 'usr-019', 'le-podium', '2026-01-23', '14:30', '15:30', 'solo', 'completed', 12, 0, 12, NULL, 'card', 'paid', '', '2026-01-22 23:00:00', '2026-01-22 23:00:00', NULL, NULL);
INSERT INTO payments (id, booking_id, amount, method, status, refunded_amount, paid_at, created_at) VALUES ('pay-0191', 'bk-0191', 12, 'card', 'paid', 0, '2026-01-22 23:00:00', '2026-01-22 23:00:00');
INSERT INTO bookings (id, booking_ref, user_id, studio_id, date, start_time, end_time, group_type, status, base_price, equipment_price, total_price, equipment, payment_method, payment_status, notes, created_at, updated_at, cancelled_at, cancel_reason) VALUES ('bk-0192', 'H3-20260113-9AG6', 'usr-027', 'la-scene', '2026-01-23', '22:30', '23:30', 'solo', 'completed', 12, 0, 12, NULL, 'card', 'paid', '', '2026-01-13 23:00:00', '2026-01-13 23:00:00', NULL, NULL);
INSERT INTO payments (id, booking_id, amount, method, status, refunded_amount, paid_at, created_at) VALUES ('pay-0192', 'bk-0192', 12, 'card', 'paid', 0, '2026-01-13 23:00:00', '2026-01-13 23:00:00');
INSERT INTO bookings (id, booking_ref, user_id, studio_id, date, start_time, end_time, group_type, status, base_price, equipment_price, total_price, equipment, payment_method, payment_status, notes, created_at, updated_at, cancelled_at, cancel_reason) VALUES ('bk-0193', 'H3-20260119-BC12', 'usr-050', 'le-podium', '2026-01-24', '09:30', '10:30', 'solo', 'cancelled', 12, 6, 18, '[{"id":"guitar","quantity":1},{"id":"cymbal","quantity":1}]', 'card', 'paid', '', '2026-01-19 23:00:00', '2026-01-19 23:00:00', '2026-01-21 23:00:00', 'Autre groupe');
INSERT INTO payments (id, booking_id, amount, method, status, refunded_amount, paid_at, created_at) VALUES ('pay-0193', 'bk-0193', 18, 'card', 'paid', 0, '2026-01-19 23:00:00', '2026-01-19 23:00:00');
INSERT INTO bookings (id, booking_ref, user_id, studio_id, date, start_time, end_time, group_type, status, base_price, equipment_price, total_price, equipment, payment_method, payment_status, notes, created_at, updated_at, cancelled_at, cancel_reason) VALUES ('bk-0194', 'H3-20260122-6MHG', 'usr-024', 'le-podium', '2026-01-24', '11:30', '13:00', 'solo', 'completed', 18, 0, 18, NULL, 'card', 'paid', '', '2026-01-22 23:00:00', '2026-01-22 23:00:00', NULL, NULL);
INSERT INTO payments (id, booking_id, amount, method, status, refunded_amount, paid_at, created_at) VALUES ('pay-0194', 'bk-0194', 18, 'card', 'paid', 0, '2026-01-22 23:00:00', '2026-01-22 23:00:00');
INSERT INTO bookings (id, booking_ref, user_id, studio_id, date, start_time, end_time, group_type, status, base_price, equipment_price, total_price, equipment, payment_method, payment_status, notes, created_at, updated_at, cancelled_at, cancel_reason) VALUES ('bk-0195', 'H3-20260111-GNH7', 'usr-038', 'le-podium', '2026-01-24', '19:00', '20:00', 'group', 'completed', 36, 11, 47, '[{"id":"piano","quantity":2},{"id":"mic","quantity":2}]', 'cash', 'paid', '', '2026-01-11 23:00:00', '2026-01-11 23:00:00', NULL, NULL);
INSERT INTO payments (id, booking_id, amount, method, status, refunded_amount, paid_at, created_at) VALUES ('pay-0195', 'bk-0195', 47, 'cash', 'paid', 0, '2026-01-24 23:00:00', '2026-01-11 23:00:00');
INSERT INTO bookings (id, booking_ref, user_id, studio_id, date, start_time, end_time, group_type, status, base_price, equipment_price, total_price, equipment, payment_method, payment_status, notes, created_at, updated_at, cancelled_at, cancel_reason) VALUES ('bk-0196', 'H3-20260123-D90O', 'usr-036', 'le-podium', '2026-01-24', '21:30', '22:30', 'duo', 'completed', 24, 6, 30, '[{"id":"guitar","quantity":2}]', 'cash', 'paid', '', '2026-01-23 23:00:00', '2026-01-23 23:00:00', NULL, NULL);
INSERT INTO payments (id, booking_id, amount, method, status, refunded_amount, paid_at, created_at) VALUES ('pay-0196', 'bk-0196', 30, 'cash', 'paid', 0, '2026-01-24 23:00:00', '2026-01-23 23:00:00');
INSERT INTO bookings (id, booking_ref, user_id, studio_id, date, start_time, end_time, group_type, status, base_price, equipment_price, total_price, equipment, payment_method, payment_status, notes, created_at, updated_at, cancelled_at, cancel_reason) VALUES ('bk-0197', 'H3-20260123-LRR9', 'usr-034', 'le-podium', '2026-01-24', '16:00', '17:30', 'group', 'completed', 54, 0, 54, NULL, 'card', 'paid', '', '2026-01-23 23:00:00', '2026-01-23 23:00:00', NULL, NULL);
INSERT INTO payments (id, booking_id, amount, method, status, refunded_amount, paid_at, created_at) VALUES ('pay-0197', 'bk-0197', 54, 'card', 'paid', 0, '2026-01-23 23:00:00', '2026-01-23 23:00:00');
INSERT INTO bookings (id, booking_ref, user_id, studio_id, date, start_time, end_time, group_type, status, base_price, equipment_price, total_price, equipment, payment_method, payment_status, notes, created_at, updated_at, cancelled_at, cancel_reason) VALUES ('bk-0198', 'H3-20260112-3ED9', 'usr-047', 'la-scene', '2026-01-24', '13:00', '14:00', 'duo', 'completed', 24, 0, 24, NULL, 'card', 'paid', '', '2026-01-12 23:00:00', '2026-01-12 23:00:00', NULL, NULL);
INSERT INTO payments (id, booking_id, amount, method, status, refunded_amount, paid_at, created_at) VALUES ('pay-0198', 'bk-0198', 24, 'card', 'paid', 0, '2026-01-12 23:00:00', '2026-01-12 23:00:00');
INSERT INTO bookings (id, booking_ref, user_id, studio_id, date, start_time, end_time, group_type, status, base_price, equipment_price, total_price, equipment, payment_method, payment_status, notes, created_at, updated_at, cancelled_at, cancel_reason) VALUES ('bk-0199', 'H3-20260115-F5JT', 'usr-027', 'la-scene', '2026-01-24', '13:00', '14:30', 'group', 'completed', 66, 0, 66, NULL, 'card', 'paid', '', '2026-01-15 23:00:00', '2026-01-15 23:00:00', NULL, NULL);
INSERT INTO payments (id, booking_id, amount, method, status, refunded_amount, paid_at, created_at) VALUES ('pay-0199', 'bk-0199', 66, 'card', 'paid', 0, '2026-01-15 23:00:00', '2026-01-15 23:00:00');
INSERT INTO bookings (id, booking_ref, user_id, studio_id, date, start_time, end_time, group_type, status, base_price, equipment_price, total_price, equipment, payment_method, payment_status, notes, created_at, updated_at, cancelled_at, cancel_reason) VALUES ('bk-0200', 'H3-20260119-0RIZ', 'usr-028', 'le-podium', '2026-01-24', '14:30', '15:30', 'solo', 'completed', 12, 0, 12, NULL, 'card', 'paid', '', '2026-01-19 23:00:00', '2026-01-19 23:00:00', NULL, NULL);
INSERT INTO payments (id, booking_id, amount, method, status, refunded_amount, paid_at, created_at) VALUES ('pay-0200', 'bk-0200', 12, 'card', 'paid', 0, '2026-01-19 23:00:00', '2026-01-19 23:00:00');
INSERT INTO bookings (id, booking_ref, user_id, studio_id, date, start_time, end_time, group_type, status, base_price, equipment_price, total_price, equipment, payment_method, payment_status, notes, created_at, updated_at, cancelled_at, cancel_reason) VALUES ('bk-0201', 'H3-20260116-D33A', 'usr-024', 'la-scene', '2026-01-24', '15:30', '17:00', 'solo', 'cancelled', 18, 9, 27, '[{"id":"mic","quantity":1},{"id":"piano","quantity":2}]', 'card', 'paid', '', '2026-01-16 23:00:00', '2026-01-16 23:00:00', '2026-01-18 23:00:00', 'Autre groupe');
INSERT INTO payments (id, booking_id, amount, method, status, refunded_amount, paid_at, created_at) VALUES ('pay-0201', 'bk-0201', 27, 'card', 'paid', 0, '2026-01-16 23:00:00', '2026-01-16 23:00:00');
INSERT INTO bookings (id, booking_ref, user_id, studio_id, date, start_time, end_time, group_type, status, base_price, equipment_price, total_price, equipment, payment_method, payment_status, notes, created_at, updated_at, cancelled_at, cancel_reason) VALUES ('bk-0202', 'H3-20260122-2GL1', 'usr-016', 'le-podium', '2026-01-24', '17:00', '18:30', 'solo', 'completed', 18, 0, 18, NULL, 'card', 'paid', '', '2026-01-22 23:00:00', '2026-01-22 23:00:00', NULL, NULL);
INSERT INTO payments (id, booking_id, amount, method, status, refunded_amount, paid_at, created_at) VALUES ('pay-0202', 'bk-0202', 18, 'card', 'paid', 0, '2026-01-22 23:00:00', '2026-01-22 23:00:00');
INSERT INTO bookings (id, booking_ref, user_id, studio_id, date, start_time, end_time, group_type, status, base_price, equipment_price, total_price, equipment, payment_method, payment_status, notes, created_at, updated_at, cancelled_at, cancel_reason) VALUES ('bk-0203', 'H3-20260111-JH2Q', 'usr-041', 'le-podium', '2026-01-24', '10:00', '11:30', 'group', 'completed', 54, 11, 65, '[{"id":"piano","quantity":2},{"id":"mic","quantity":2}]', 'card', 'paid', '', '2026-01-11 23:00:00', '2026-01-11 23:00:00', NULL, NULL);
INSERT INTO payments (id, booking_id, amount, method, status, refunded_amount, paid_at, created_at) VALUES ('pay-0203', 'bk-0203', 65, 'card', 'paid', 0, '2026-01-11 23:00:00', '2026-01-11 23:00:00');
INSERT INTO bookings (id, booking_ref, user_id, studio_id, date, start_time, end_time, group_type, status, base_price, equipment_price, total_price, equipment, payment_method, payment_status, notes, created_at, updated_at, cancelled_at, cancel_reason) VALUES ('bk-0204', 'H3-20260115-DAWK', 'usr-007', 'le-podium', '2026-01-24', '12:30', '13:30', 'duo', 'completed', 24, 6, 30, '[{"id":"cymbal","quantity":2},{"id":"bass","quantity":1}]', 'cash', 'paid', '', '2026-01-15 23:00:00', '2026-01-15 23:00:00', NULL, NULL);
INSERT INTO payments (id, booking_id, amount, method, status, refunded_amount, paid_at, created_at) VALUES ('pay-0204', 'bk-0204', 30, 'cash', 'paid', 0, '2026-01-24 23:00:00', '2026-01-15 23:00:00');
INSERT INTO bookings (id, booking_ref, user_id, studio_id, date, start_time, end_time, group_type, status, base_price, equipment_price, total_price, equipment, payment_method, payment_status, notes, created_at, updated_at, cancelled_at, cancel_reason) VALUES ('bk-0205', 'H3-20260113-7YDX', 'usr-040', 'la-scene', '2026-01-24', '16:30', '18:00', 'duo', 'completed', 36, 6, 42, '[{"id":"piano","quantity":2}]', 'cash', 'paid', '', '2026-01-13 23:00:00', '2026-01-13 23:00:00', NULL, NULL);
INSERT INTO payments (id, booking_id, amount, method, status, refunded_amount, paid_at, created_at) VALUES ('pay-0205', 'bk-0205', 42, 'cash', 'paid', 0, '2026-01-24 23:00:00', '2026-01-13 23:00:00');
INSERT INTO bookings (id, booking_ref, user_id, studio_id, date, start_time, end_time, group_type, status, base_price, equipment_price, total_price, equipment, payment_method, payment_status, notes, created_at, updated_at, cancelled_at, cancel_reason) VALUES ('bk-0206', 'H3-20260118-W3K2', 'usr-042', 'le-podium', '2026-01-24', '14:30', '15:30', 'duo', 'completed', 24, 0, 24, NULL, 'cash', 'paid', '', '2026-01-18 23:00:00', '2026-01-18 23:00:00', NULL, NULL);
INSERT INTO payments (id, booking_id, amount, method, status, refunded_amount, paid_at, created_at) VALUES ('pay-0206', 'bk-0206', 24, 'cash', 'paid', 0, '2026-01-24 23:00:00', '2026-01-18 23:00:00');
INSERT INTO bookings (id, booking_ref, user_id, studio_id, date, start_time, end_time, group_type, status, base_price, equipment_price, total_price, equipment, payment_method, payment_status, notes, created_at, updated_at, cancelled_at, cancel_reason) VALUES ('bk-0207', 'H3-20260118-ITFG', 'usr-032', 'la-scene', '2026-01-24', '11:30', '12:30', 'solo', 'completed', 12, 0, 12, NULL, 'cash', 'paid', '', '2026-01-18 23:00:00', '2026-01-18 23:00:00', NULL, NULL);
INSERT INTO payments (id, booking_id, amount, method, status, refunded_amount, paid_at, created_at) VALUES ('pay-0207', 'bk-0207', 12, 'cash', 'paid', 0, '2026-01-24 23:00:00', '2026-01-18 23:00:00');
INSERT INTO bookings (id, booking_ref, user_id, studio_id, date, start_time, end_time, group_type, status, base_price, equipment_price, total_price, equipment, payment_method, payment_status, notes, created_at, updated_at, cancelled_at, cancel_reason) VALUES ('bk-0208', 'H3-20260110-FJGO', 'usr-049', 'le-podium', '2026-01-24', '11:00', '12:00', 'duo', 'cancelled', 24, 0, 24, NULL, 'cash', 'pending', '', '2026-01-10 23:00:00', '2026-01-10 23:00:00', '2026-01-13 23:00:00', 'Autre groupe');
INSERT INTO payments (id, booking_id, amount, method, status, refunded_amount, paid_at, created_at) VALUES ('pay-0208', 'bk-0208', 24, 'cash', 'pending', 0, NULL, '2026-01-10 23:00:00');
INSERT INTO bookings (id, booking_ref, user_id, studio_id, date, start_time, end_time, group_type, status, base_price, equipment_price, total_price, equipment, payment_method, payment_status, notes, created_at, updated_at, cancelled_at, cancel_reason) VALUES ('bk-0209', 'H3-20260116-I4FT', 'usr-019', 'la-scene', '2026-01-24', '14:00', '15:00', 'solo', 'completed', 12, 0, 12, NULL, 'card', 'paid', '', '2026-01-16 23:00:00', '2026-01-16 23:00:00', NULL, NULL);
INSERT INTO payments (id, booking_id, amount, method, status, refunded_amount, paid_at, created_at) VALUES ('pay-0209', 'bk-0209', 12, 'card', 'paid', 0, '2026-01-16 23:00:00', '2026-01-16 23:00:00');
INSERT INTO bookings (id, booking_ref, user_id, studio_id, date, start_time, end_time, group_type, status, base_price, equipment_price, total_price, equipment, payment_method, payment_status, notes, created_at, updated_at, cancelled_at, cancel_reason) VALUES ('bk-0210', 'H3-20260111-GQ8R', 'usr-027', 'la-scene', '2026-01-24', '10:00', '11:30', 'group', 'completed', 66, 9, 75, '[{"id":"piano","quantity":2},{"id":"cymbal","quantity":2}]', 'cash', 'paid', '', '2026-01-11 23:00:00', '2026-01-11 23:00:00', NULL, NULL);
INSERT INTO payments (id, booking_id, amount, method, status, refunded_amount, paid_at, created_at) VALUES ('pay-0210', 'bk-0210', 75, 'cash', 'paid', 0, '2026-01-24 23:00:00', '2026-01-11 23:00:00');
INSERT INTO bookings (id, booking_ref, user_id, studio_id, date, start_time, end_time, group_type, status, base_price, equipment_price, total_price, equipment, payment_method, payment_status, notes, created_at, updated_at, cancelled_at, cancel_reason) VALUES ('bk-0211', 'H3-20260123-AGTX', 'usr-034', 'le-podium', '2026-01-24', '19:00', '20:00', 'solo', 'completed', 12, 6, 18, '[{"id":"guitar","quantity":2}]', 'cash', 'paid', '', '2026-01-23 23:00:00', '2026-01-23 23:00:00', NULL, NULL);
INSERT INTO payments (id, booking_id, amount, method, status, refunded_amount, paid_at, created_at) VALUES ('pay-0211', 'bk-0211', 18, 'cash', 'paid', 0, '2026-01-24 23:00:00', '2026-01-23 23:00:00');
INSERT INTO bookings (id, booking_ref, user_id, studio_id, date, start_time, end_time, group_type, status, base_price, equipment_price, total_price, equipment, payment_method, payment_status, notes, created_at, updated_at, cancelled_at, cancel_reason) VALUES ('bk-0212', 'H3-20260116-3G2M', 'usr-039', 'le-podium', '2026-01-24', '22:00', '23:00', 'solo', 'completed', 12, 0, 12, NULL, 'card', 'paid', '', '2026-01-16 23:00:00', '2026-01-16 23:00:00', NULL, NULL);
INSERT INTO payments (id, booking_id, amount, method, status, refunded_amount, paid_at, created_at) VALUES ('pay-0212', 'bk-0212', 12, 'card', 'paid', 0, '2026-01-16 23:00:00', '2026-01-16 23:00:00');
INSERT INTO bookings (id, booking_ref, user_id, studio_id, date, start_time, end_time, group_type, status, base_price, equipment_price, total_price, equipment, payment_method, payment_status, notes, created_at, updated_at, cancelled_at, cancel_reason) VALUES ('bk-0213', 'H3-20260122-7ZRA', 'usr-047', 'le-podium', '2026-01-24', '10:30', '11:30', 'duo', 'completed', 24, 0, 24, NULL, 'cash', 'paid', '', '2026-01-22 23:00:00', '2026-01-22 23:00:00', NULL, NULL);
INSERT INTO payments (id, booking_id, amount, method, status, refunded_amount, paid_at, created_at) VALUES ('pay-0213', 'bk-0213', 24, 'cash', 'paid', 0, '2026-01-24 23:00:00', '2026-01-22 23:00:00');
INSERT INTO bookings (id, booking_ref, user_id, studio_id, date, start_time, end_time, group_type, status, base_price, equipment_price, total_price, equipment, payment_method, payment_status, notes, created_at, updated_at, cancelled_at, cancel_reason) VALUES ('bk-0214', 'H3-20260122-5DLK', 'usr-013', 'la-scene', '2026-01-24', '09:00', '10:00', 'duo', 'completed', 24, 0, 24, NULL, 'card', 'paid', '', '2026-01-22 23:00:00', '2026-01-22 23:00:00', NULL, NULL);
INSERT INTO payments (id, booking_id, amount, method, status, refunded_amount, paid_at, created_at) VALUES ('pay-0214', 'bk-0214', 24, 'card', 'paid', 0, '2026-01-22 23:00:00', '2026-01-22 23:00:00');
INSERT INTO bookings (id, booking_ref, user_id, studio_id, date, start_time, end_time, group_type, status, base_price, equipment_price, total_price, equipment, payment_method, payment_status, notes, created_at, updated_at, cancelled_at, cancel_reason) VALUES ('bk-0215', 'H3-20260111-R5KH', 'usr-048', 'le-podium', '2026-01-24', '13:30', '14:30', 'solo', 'completed', 12, 0, 12, NULL, 'cash', 'paid', '', '2026-01-11 23:00:00', '2026-01-11 23:00:00', NULL, NULL);
INSERT INTO payments (id, booking_id, amount, method, status, refunded_amount, paid_at, created_at) VALUES ('pay-0215', 'bk-0215', 12, 'cash', 'paid', 0, '2026-01-24 23:00:00', '2026-01-11 23:00:00');
INSERT INTO bookings (id, booking_ref, user_id, studio_id, date, start_time, end_time, group_type, status, base_price, equipment_price, total_price, equipment, payment_method, payment_status, notes, created_at, updated_at, cancelled_at, cancel_reason) VALUES ('bk-0216', 'H3-20260120-UDFD', 'usr-041', 'la-scene', '2026-01-25', '21:00', '22:30', 'solo', 'completed', 18, 0, 18, NULL, 'card', 'paid', '', '2026-01-20 23:00:00', '2026-01-20 23:00:00', NULL, NULL);
INSERT INTO payments (id, booking_id, amount, method, status, refunded_amount, paid_at, created_at) VALUES ('pay-0216', 'bk-0216', 18, 'card', 'paid', 0, '2026-01-20 23:00:00', '2026-01-20 23:00:00');
INSERT INTO bookings (id, booking_ref, user_id, studio_id, date, start_time, end_time, group_type, status, base_price, equipment_price, total_price, equipment, payment_method, payment_status, notes, created_at, updated_at, cancelled_at, cancel_reason) VALUES ('bk-0217', 'H3-20260124-ED1L', 'usr-044', 'le-podium', '2026-01-25', '09:30', '10:30', 'group', 'completed', 30, 0, 30, NULL, 'card', 'paid', '', '2026-01-24 23:00:00', '2026-01-24 23:00:00', NULL, NULL);
INSERT INTO payments (id, booking_id, amount, method, status, refunded_amount, paid_at, created_at) VALUES ('pay-0217', 'bk-0217', 30, 'card', 'paid', 0, '2026-01-24 23:00:00', '2026-01-24 23:00:00');
INSERT INTO bookings (id, booking_ref, user_id, studio_id, date, start_time, end_time, group_type, status, base_price, equipment_price, total_price, equipment, payment_method, payment_status, notes, created_at, updated_at, cancelled_at, cancel_reason) VALUES ('bk-0218', 'H3-20260121-6J1I', 'usr-019', 'le-podium', '2026-01-25', '20:00', '21:00', 'group', 'completed', 36, 0, 36, NULL, 'card', 'paid', '', '2026-01-21 23:00:00', '2026-01-21 23:00:00', NULL, NULL);
INSERT INTO payments (id, booking_id, amount, method, status, refunded_amount, paid_at, created_at) VALUES ('pay-0218', 'bk-0218', 36, 'card', 'paid', 0, '2026-01-21 23:00:00', '2026-01-21 23:00:00');
INSERT INTO bookings (id, booking_ref, user_id, studio_id, date, start_time, end_time, group_type, status, base_price, equipment_price, total_price, equipment, payment_method, payment_status, notes, created_at, updated_at, cancelled_at, cancel_reason) VALUES ('bk-0219', 'H3-20260123-XMOX', 'usr-037', 'la-scene', '2026-01-25', '11:30', '12:30', 'solo', 'completed', 12, 9, 21, '[{"id":"guitar","quantity":2},{"id":"bass","quantity":1}]', 'card', 'paid', '', '2026-01-23 23:00:00', '2026-01-23 23:00:00', NULL, NULL);
INSERT INTO payments (id, booking_id, amount, method, status, refunded_amount, paid_at, created_at) VALUES ('pay-0219', 'bk-0219', 21, 'card', 'paid', 0, '2026-01-23 23:00:00', '2026-01-23 23:00:00');
INSERT INTO bookings (id, booking_ref, user_id, studio_id, date, start_time, end_time, group_type, status, base_price, equipment_price, total_price, equipment, payment_method, payment_status, notes, created_at, updated_at, cancelled_at, cancel_reason) VALUES ('bk-0220', 'H3-20260111-KIQV', 'usr-042', 'la-scene', '2026-01-25', '11:00', '12:00', 'group', 'completed', 36, 0, 36, NULL, 'cash', 'paid', '', '2026-01-11 23:00:00', '2026-01-11 23:00:00', NULL, NULL);
INSERT INTO payments (id, booking_id, amount, method, status, refunded_amount, paid_at, created_at) VALUES ('pay-0220', 'bk-0220', 36, 'cash', 'paid', 0, '2026-01-25 23:00:00', '2026-01-11 23:00:00');
INSERT INTO bookings (id, booking_ref, user_id, studio_id, date, start_time, end_time, group_type, status, base_price, equipment_price, total_price, equipment, payment_method, payment_status, notes, created_at, updated_at, cancelled_at, cancel_reason) VALUES ('bk-0221', 'H3-20260122-U4GE', 'usr-049', 'la-scene', '2026-01-25', '22:00', '23:00', 'solo', 'completed', 12, 6, 18, '[{"id":"piano","quantity":2}]', 'card', 'paid', '', '2026-01-22 23:00:00', '2026-01-22 23:00:00', NULL, NULL);
INSERT INTO payments (id, booking_id, amount, method, status, refunded_amount, paid_at, created_at) VALUES ('pay-0221', 'bk-0221', 18, 'card', 'paid', 0, '2026-01-22 23:00:00', '2026-01-22 23:00:00');
INSERT INTO bookings (id, booking_ref, user_id, studio_id, date, start_time, end_time, group_type, status, base_price, equipment_price, total_price, equipment, payment_method, payment_status, notes, created_at, updated_at, cancelled_at, cancel_reason) VALUES ('bk-0222', 'H3-20260115-8KXI', 'usr-005', 'la-scene', '2026-01-25', '09:30', '11:00', 'duo', 'completed', 36, 0, 36, NULL, 'card', 'paid', '', '2026-01-15 23:00:00', '2026-01-15 23:00:00', NULL, NULL);
INSERT INTO payments (id, booking_id, amount, method, status, refunded_amount, paid_at, created_at) VALUES ('pay-0222', 'bk-0222', 36, 'card', 'paid', 0, '2026-01-15 23:00:00', '2026-01-15 23:00:00');
INSERT INTO bookings (id, booking_ref, user_id, studio_id, date, start_time, end_time, group_type, status, base_price, equipment_price, total_price, equipment, payment_method, payment_status, notes, created_at, updated_at, cancelled_at, cancel_reason) VALUES ('bk-0223', 'H3-20260121-D1VX', 'usr-009', 'le-podium', '2026-01-25', '09:00', '10:00', 'duo', 'completed', 24, 0, 24, NULL, 'card', 'paid', '', '2026-01-21 23:00:00', '2026-01-21 23:00:00', NULL, NULL);
INSERT INTO payments (id, booking_id, amount, method, status, refunded_amount, paid_at, created_at) VALUES ('pay-0223', 'bk-0223', 24, 'card', 'paid', 0, '2026-01-21 23:00:00', '2026-01-21 23:00:00');
INSERT INTO bookings (id, booking_ref, user_id, studio_id, date, start_time, end_time, group_type, status, base_price, equipment_price, total_price, equipment, payment_method, payment_status, notes, created_at, updated_at, cancelled_at, cancel_reason) VALUES ('bk-0224', 'H3-20260114-XBAM', 'usr-037', 'la-scene', '2026-01-25', '21:30', '22:30', 'solo', 'completed', 12, 0, 12, NULL, 'cash', 'paid', '', '2026-01-14 23:00:00', '2026-01-14 23:00:00', NULL, NULL);
INSERT INTO payments (id, booking_id, amount, method, status, refunded_amount, paid_at, created_at) VALUES ('pay-0224', 'bk-0224', 12, 'cash', 'paid', 0, '2026-01-25 23:00:00', '2026-01-14 23:00:00');
INSERT INTO bookings (id, booking_ref, user_id, studio_id, date, start_time, end_time, group_type, status, base_price, equipment_price, total_price, equipment, payment_method, payment_status, notes, created_at, updated_at, cancelled_at, cancel_reason) VALUES ('bk-0225', 'H3-20260114-6ARG', 'usr-004', 'le-podium', '2026-01-25', '18:30', '19:30', 'group', 'completed', 36, 6, 42, '[{"id":"mic","quantity":1},{"id":"guitar","quantity":1}]', 'cash', 'paid', '', '2026-01-14 23:00:00', '2026-01-14 23:00:00', NULL, NULL);
INSERT INTO payments (id, booking_id, amount, method, status, refunded_amount, paid_at, created_at) VALUES ('pay-0225', 'bk-0225', 42, 'cash', 'paid', 0, '2026-01-25 23:00:00', '2026-01-14 23:00:00');
INSERT INTO bookings (id, booking_ref, user_id, studio_id, date, start_time, end_time, group_type, status, base_price, equipment_price, total_price, equipment, payment_method, payment_status, notes, created_at, updated_at, cancelled_at, cancel_reason) VALUES ('bk-0226', 'H3-20260113-TASV', 'usr-029', 'la-scene', '2026-01-25', '11:00', '12:00', 'duo', 'completed', 24, 0, 24, NULL, 'cash', 'paid', '', '2026-01-13 23:00:00', '2026-01-13 23:00:00', NULL, NULL);
INSERT INTO payments (id, booking_id, amount, method, status, refunded_amount, paid_at, created_at) VALUES ('pay-0226', 'bk-0226', 24, 'cash', 'paid', 0, '2026-01-25 23:00:00', '2026-01-13 23:00:00');
INSERT INTO bookings (id, booking_ref, user_id, studio_id, date, start_time, end_time, group_type, status, base_price, equipment_price, total_price, equipment, payment_method, payment_status, notes, created_at, updated_at, cancelled_at, cancel_reason) VALUES ('bk-0227', 'H3-20260122-J4VW', 'usr-037', 'le-podium', '2026-01-25', '18:00', '19:00', 'duo', 'completed', 24, 3, 27, '[{"id":"piano","quantity":1}]', 'card', 'paid', '', '2026-01-22 23:00:00', '2026-01-22 23:00:00', NULL, NULL);
INSERT INTO payments (id, booking_id, amount, method, status, refunded_amount, paid_at, created_at) VALUES ('pay-0227', 'bk-0227', 27, 'card', 'paid', 0, '2026-01-22 23:00:00', '2026-01-22 23:00:00');
INSERT INTO bookings (id, booking_ref, user_id, studio_id, date, start_time, end_time, group_type, status, base_price, equipment_price, total_price, equipment, payment_method, payment_status, notes, created_at, updated_at, cancelled_at, cancel_reason) VALUES ('bk-0228', 'H3-20260116-HVDR', 'usr-007', 'le-podium', '2026-01-26', '16:00', '17:00', 'group', 'completed', 30, 0, 30, NULL, 'card', 'paid', '', '2026-01-16 23:00:00', '2026-01-16 23:00:00', NULL, NULL);
INSERT INTO payments (id, booking_id, amount, method, status, refunded_amount, paid_at, created_at) VALUES ('pay-0228', 'bk-0228', 30, 'card', 'paid', 0, '2026-01-16 23:00:00', '2026-01-16 23:00:00');
INSERT INTO bookings (id, booking_ref, user_id, studio_id, date, start_time, end_time, group_type, status, base_price, equipment_price, total_price, equipment, payment_method, payment_status, notes, created_at, updated_at, cancelled_at, cancel_reason) VALUES ('bk-0229', 'H3-20260113-Q6P4', 'usr-006', 'le-podium', '2026-01-26', '19:30', '20:30', 'group', 'completed', 36, 0, 36, NULL, 'card', 'paid', '', '2026-01-13 23:00:00', '2026-01-13 23:00:00', NULL, NULL);
INSERT INTO payments (id, booking_id, amount, method, status, refunded_amount, paid_at, created_at) VALUES ('pay-0229', 'bk-0229', 36, 'card', 'paid', 0, '2026-01-13 23:00:00', '2026-01-13 23:00:00');
INSERT INTO bookings (id, booking_ref, user_id, studio_id, date, start_time, end_time, group_type, status, base_price, equipment_price, total_price, equipment, payment_method, payment_status, notes, created_at, updated_at, cancelled_at, cancel_reason) VALUES ('bk-0230', 'H3-20260120-D6Y4', 'usr-042', 'le-podium', '2026-01-26', '14:00', '15:00', 'group', 'completed', 30, 0, 30, NULL, 'cash', 'paid', '', '2026-01-20 23:00:00', '2026-01-20 23:00:00', NULL, NULL);
INSERT INTO payments (id, booking_id, amount, method, status, refunded_amount, paid_at, created_at) VALUES ('pay-0230', 'bk-0230', 30, 'cash', 'paid', 0, '2026-01-26 23:00:00', '2026-01-20 23:00:00');
INSERT INTO bookings (id, booking_ref, user_id, studio_id, date, start_time, end_time, group_type, status, base_price, equipment_price, total_price, equipment, payment_method, payment_status, notes, created_at, updated_at, cancelled_at, cancel_reason) VALUES ('bk-0231', 'H3-20260115-290W', 'usr-045', 'la-scene', '2026-01-26', '09:30', '10:30', 'solo', 'completed', 12, 0, 12, NULL, 'cash', 'paid', '', '2026-01-15 23:00:00', '2026-01-15 23:00:00', NULL, NULL);
INSERT INTO payments (id, booking_id, amount, method, status, refunded_amount, paid_at, created_at) VALUES ('pay-0231', 'bk-0231', 12, 'cash', 'paid', 0, '2026-01-26 23:00:00', '2026-01-15 23:00:00');
INSERT INTO bookings (id, booking_ref, user_id, studio_id, date, start_time, end_time, group_type, status, base_price, equipment_price, total_price, equipment, payment_method, payment_status, notes, created_at, updated_at, cancelled_at, cancel_reason) VALUES ('bk-0232', 'H3-20260125-1F6Q', 'usr-038', 'la-scene', '2026-01-26', '17:30', '19:00', 'duo', 'completed', 36, 0, 36, NULL, 'card', 'paid', '', '2026-01-25 23:00:00', '2026-01-25 23:00:00', NULL, NULL);
INSERT INTO payments (id, booking_id, amount, method, status, refunded_amount, paid_at, created_at) VALUES ('pay-0232', 'bk-0232', 36, 'card', 'paid', 0, '2026-01-25 23:00:00', '2026-01-25 23:00:00');
INSERT INTO bookings (id, booking_ref, user_id, studio_id, date, start_time, end_time, group_type, status, base_price, equipment_price, total_price, equipment, payment_method, payment_status, notes, created_at, updated_at, cancelled_at, cancel_reason) VALUES ('bk-0233', 'H3-20260114-C1T9', 'usr-044', 'la-scene', '2026-01-26', '10:30', '11:30', 'duo', 'completed', 24, 0, 24, NULL, 'card', 'paid', '', '2026-01-14 23:00:00', '2026-01-14 23:00:00', NULL, NULL);
INSERT INTO payments (id, booking_id, amount, method, status, refunded_amount, paid_at, created_at) VALUES ('pay-0233', 'bk-0233', 24, 'card', 'paid', 0, '2026-01-14 23:00:00', '2026-01-14 23:00:00');
INSERT INTO bookings (id, booking_ref, user_id, studio_id, date, start_time, end_time, group_type, status, base_price, equipment_price, total_price, equipment, payment_method, payment_status, notes, created_at, updated_at, cancelled_at, cancel_reason) VALUES ('bk-0234', 'H3-20260124-6KTG', 'usr-030', 'la-scene', '2026-01-26', '09:30', '11:00', 'duo', 'completed', 36, 9, 45, '[{"id":"guitar","quantity":2},{"id":"piano","quantity":1}]', 'card', 'paid', '', '2026-01-24 23:00:00', '2026-01-24 23:00:00', NULL, NULL);
INSERT INTO payments (id, booking_id, amount, method, status, refunded_amount, paid_at, created_at) VALUES ('pay-0234', 'bk-0234', 45, 'card', 'paid', 0, '2026-01-24 23:00:00', '2026-01-24 23:00:00');
INSERT INTO bookings (id, booking_ref, user_id, studio_id, date, start_time, end_time, group_type, status, base_price, equipment_price, total_price, equipment, payment_method, payment_status, notes, created_at, updated_at, cancelled_at, cancel_reason) VALUES ('bk-0235', 'H3-20260123-V5LG', 'usr-002', 'le-podium', '2026-01-26', '10:00', '11:00', 'solo', 'no-show', 12, 0, 12, NULL, 'cash', 'pending', '', '2026-01-23 23:00:00', '2026-01-23 23:00:00', NULL, NULL);
INSERT INTO payments (id, booking_id, amount, method, status, refunded_amount, paid_at, created_at) VALUES ('pay-0235', 'bk-0235', 12, 'cash', 'pending', 0, NULL, '2026-01-23 23:00:00');
INSERT INTO bookings (id, booking_ref, user_id, studio_id, date, start_time, end_time, group_type, status, base_price, equipment_price, total_price, equipment, payment_method, payment_status, notes, created_at, updated_at, cancelled_at, cancel_reason) VALUES ('bk-0236', 'H3-20260120-R578', 'usr-028', 'la-scene', '2026-01-26', '11:00', '12:00', 'duo', 'no-show', 24, 5, 29, '[{"id":"mic","quantity":2}]', 'card', 'paid', '', '2026-01-20 23:00:00', '2026-01-20 23:00:00', NULL, NULL);
INSERT INTO payments (id, booking_id, amount, method, status, refunded_amount, paid_at, created_at) VALUES ('pay-0236', 'bk-0236', 29, 'card', 'paid', 0, '2026-01-20 23:00:00', '2026-01-20 23:00:00');
INSERT INTO bookings (id, booking_ref, user_id, studio_id, date, start_time, end_time, group_type, status, base_price, equipment_price, total_price, equipment, payment_method, payment_status, notes, created_at, updated_at, cancelled_at, cancel_reason) VALUES ('bk-0237', 'H3-20260123-QPML', 'usr-044', 'le-podium', '2026-01-26', '19:00', '20:00', 'duo', 'completed', 24, 0, 24, NULL, 'card', 'paid', '', '2026-01-23 23:00:00', '2026-01-23 23:00:00', NULL, NULL);
INSERT INTO payments (id, booking_id, amount, method, status, refunded_amount, paid_at, created_at) VALUES ('pay-0237', 'bk-0237', 24, 'card', 'paid', 0, '2026-01-23 23:00:00', '2026-01-23 23:00:00');
INSERT INTO bookings (id, booking_ref, user_id, studio_id, date, start_time, end_time, group_type, status, base_price, equipment_price, total_price, equipment, payment_method, payment_status, notes, created_at, updated_at, cancelled_at, cancel_reason) VALUES ('bk-0238', 'H3-20260121-3G8R', 'usr-009', 'la-scene', '2026-01-26', '19:00', '20:00', 'group', 'completed', 44, 0, 44, NULL, 'cash', 'paid', '', '2026-01-21 23:00:00', '2026-01-21 23:00:00', NULL, NULL);
INSERT INTO payments (id, booking_id, amount, method, status, refunded_amount, paid_at, created_at) VALUES ('pay-0238', 'bk-0238', 44, 'cash', 'paid', 0, '2026-01-26 23:00:00', '2026-01-21 23:00:00');
INSERT INTO bookings (id, booking_ref, user_id, studio_id, date, start_time, end_time, group_type, status, base_price, equipment_price, total_price, equipment, payment_method, payment_status, notes, created_at, updated_at, cancelled_at, cancel_reason) VALUES ('bk-0239', 'H3-20260119-4DQU', 'usr-039', 'le-podium', '2026-01-26', '14:30', '15:30', 'duo', 'completed', 24, 0, 24, NULL, 'card', 'paid', '', '2026-01-19 23:00:00', '2026-01-19 23:00:00', NULL, NULL);
INSERT INTO payments (id, booking_id, amount, method, status, refunded_amount, paid_at, created_at) VALUES ('pay-0239', 'bk-0239', 24, 'card', 'paid', 0, '2026-01-19 23:00:00', '2026-01-19 23:00:00');
INSERT INTO bookings (id, booking_ref, user_id, studio_id, date, start_time, end_time, group_type, status, base_price, equipment_price, total_price, equipment, payment_method, payment_status, notes, created_at, updated_at, cancelled_at, cancel_reason) VALUES ('bk-0240', 'H3-20260112-WHF7', 'usr-031', 'la-scene', '2026-01-26', '19:00', '20:30', 'duo', 'completed', 36, 0, 36, NULL, 'cash', 'paid', '', '2026-01-12 23:00:00', '2026-01-12 23:00:00', NULL, NULL);
INSERT INTO payments (id, booking_id, amount, method, status, refunded_amount, paid_at, created_at) VALUES ('pay-0240', 'bk-0240', 36, 'cash', 'paid', 0, '2026-01-26 23:00:00', '2026-01-12 23:00:00');
INSERT INTO bookings (id, booking_ref, user_id, studio_id, date, start_time, end_time, group_type, status, base_price, equipment_price, total_price, equipment, payment_method, payment_status, notes, created_at, updated_at, cancelled_at, cancel_reason) VALUES ('bk-0241', 'H3-20260125-6NK4', 'usr-018', 'le-podium', '2026-01-27', '12:00', '13:00', 'duo', 'completed', 24, 6, 30, '[{"id":"piano","quantity":2}]', 'cash', 'paid', '', '2026-01-25 23:00:00', '2026-01-25 23:00:00', NULL, NULL);
INSERT INTO payments (id, booking_id, amount, method, status, refunded_amount, paid_at, created_at) VALUES ('pay-0241', 'bk-0241', 30, 'cash', 'paid', 0, '2026-01-27 23:00:00', '2026-01-25 23:00:00');
INSERT INTO bookings (id, booking_ref, user_id, studio_id, date, start_time, end_time, group_type, status, base_price, equipment_price, total_price, equipment, payment_method, payment_status, notes, created_at, updated_at, cancelled_at, cancel_reason) VALUES ('bk-0242', 'H3-20260118-G606', 'usr-041', 'la-scene', '2026-01-27', '10:00', '11:30', 'group', 'completed', 54, 0, 54, NULL, 'card', 'paid', '', '2026-01-18 23:00:00', '2026-01-18 23:00:00', NULL, NULL);
INSERT INTO payments (id, booking_id, amount, method, status, refunded_amount, paid_at, created_at) VALUES ('pay-0242', 'bk-0242', 54, 'card', 'paid', 0, '2026-01-18 23:00:00', '2026-01-18 23:00:00');
INSERT INTO bookings (id, booking_ref, user_id, studio_id, date, start_time, end_time, group_type, status, base_price, equipment_price, total_price, equipment, payment_method, payment_status, notes, created_at, updated_at, cancelled_at, cancel_reason) VALUES ('bk-0243', 'H3-20260125-GC43', 'usr-015', 'le-podium', '2026-01-27', '21:00', '22:00', 'solo', 'completed', 12, 0, 12, NULL, 'card', 'paid', '', '2026-01-25 23:00:00', '2026-01-25 23:00:00', NULL, NULL);
INSERT INTO payments (id, booking_id, amount, method, status, refunded_amount, paid_at, created_at) VALUES ('pay-0243', 'bk-0243', 12, 'card', 'paid', 0, '2026-01-25 23:00:00', '2026-01-25 23:00:00');
INSERT INTO bookings (id, booking_ref, user_id, studio_id, date, start_time, end_time, group_type, status, base_price, equipment_price, total_price, equipment, payment_method, payment_status, notes, created_at, updated_at, cancelled_at, cancel_reason) VALUES ('bk-0244', 'H3-20260116-7ZDQ', 'usr-003', 'la-scene', '2026-01-27', '12:00', '13:00', 'duo', 'completed', 24, 6, 30, '[{"id":"piano","quantity":1},{"id":"guitar","quantity":1}]', 'card', 'paid', '', '2026-01-16 23:00:00', '2026-01-16 23:00:00', NULL, NULL);
INSERT INTO payments (id, booking_id, amount, method, status, refunded_amount, paid_at, created_at) VALUES ('pay-0244', 'bk-0244', 30, 'card', 'paid', 0, '2026-01-16 23:00:00', '2026-01-16 23:00:00');
INSERT INTO bookings (id, booking_ref, user_id, studio_id, date, start_time, end_time, group_type, status, base_price, equipment_price, total_price, equipment, payment_method, payment_status, notes, created_at, updated_at, cancelled_at, cancel_reason) VALUES ('bk-0245', 'H3-20260118-39S2', 'usr-005', 'le-podium', '2026-01-27', '20:30', '21:30', 'solo', 'completed', 12, 0, 12, NULL, 'card', 'paid', '', '2026-01-18 23:00:00', '2026-01-18 23:00:00', NULL, NULL);
INSERT INTO payments (id, booking_id, amount, method, status, refunded_amount, paid_at, created_at) VALUES ('pay-0245', 'bk-0245', 12, 'card', 'paid', 0, '2026-01-18 23:00:00', '2026-01-18 23:00:00');
INSERT INTO bookings (id, booking_ref, user_id, studio_id, date, start_time, end_time, group_type, status, base_price, equipment_price, total_price, equipment, payment_method, payment_status, notes, created_at, updated_at, cancelled_at, cancel_reason) VALUES ('bk-0246', 'H3-20260120-2AXK', 'usr-012', 'le-podium', '2026-01-27', '16:30', '17:30', 'solo', 'no-show', 12, 3, 15, '[{"id":"cymbal","quantity":1}]', 'card', 'paid', '', '2026-01-20 23:00:00', '2026-01-20 23:00:00', NULL, NULL);
INSERT INTO payments (id, booking_id, amount, method, status, refunded_amount, paid_at, created_at) VALUES ('pay-0246', 'bk-0246', 15, 'card', 'paid', 0, '2026-01-20 23:00:00', '2026-01-20 23:00:00');
INSERT INTO bookings (id, booking_ref, user_id, studio_id, date, start_time, end_time, group_type, status, base_price, equipment_price, total_price, equipment, payment_method, payment_status, notes, created_at, updated_at, cancelled_at, cancel_reason) VALUES ('bk-0247', 'H3-20260124-3EV7', 'usr-010', 'la-scene', '2026-01-27', '22:30', '23:30', 'duo', 'completed', 24, 0, 24, NULL, 'card', 'paid', '', '2026-01-24 23:00:00', '2026-01-24 23:00:00', NULL, NULL);
INSERT INTO payments (id, booking_id, amount, method, status, refunded_amount, paid_at, created_at) VALUES ('pay-0247', 'bk-0247', 24, 'card', 'paid', 0, '2026-01-24 23:00:00', '2026-01-24 23:00:00');
INSERT INTO bookings (id, booking_ref, user_id, studio_id, date, start_time, end_time, group_type, status, base_price, equipment_price, total_price, equipment, payment_method, payment_status, notes, created_at, updated_at, cancelled_at, cancel_reason) VALUES ('bk-0248', 'H3-20260122-X4BJ', 'usr-036', 'la-scene', '2026-01-27', '09:00', '10:00', 'group', 'completed', 36, 3, 39, '[{"id":"mic","quantity":1}]', 'card', 'paid', '', '2026-01-22 23:00:00', '2026-01-22 23:00:00', NULL, NULL);
INSERT INTO payments (id, booking_id, amount, method, status, refunded_amount, paid_at, created_at) VALUES ('pay-0248', 'bk-0248', 39, 'card', 'paid', 0, '2026-01-22 23:00:00', '2026-01-22 23:00:00');
INSERT INTO bookings (id, booking_ref, user_id, studio_id, date, start_time, end_time, group_type, status, base_price, equipment_price, total_price, equipment, payment_method, payment_status, notes, created_at, updated_at, cancelled_at, cancel_reason) VALUES ('bk-0249', 'H3-20260114-OJ1K', 'usr-021', 'la-scene', '2026-01-27', '11:00', '12:00', 'group', 'completed', 36, 0, 36, NULL, 'cash', 'paid', '', '2026-01-14 23:00:00', '2026-01-14 23:00:00', NULL, NULL);
INSERT INTO payments (id, booking_id, amount, method, status, refunded_amount, paid_at, created_at) VALUES ('pay-0249', 'bk-0249', 36, 'cash', 'paid', 0, '2026-01-27 23:00:00', '2026-01-14 23:00:00');
INSERT INTO bookings (id, booking_ref, user_id, studio_id, date, start_time, end_time, group_type, status, base_price, equipment_price, total_price, equipment, payment_method, payment_status, notes, created_at, updated_at, cancelled_at, cancel_reason) VALUES ('bk-0250', 'H3-20260116-X4DK', 'usr-029', 'le-podium', '2026-01-27', '18:00', '19:00', 'duo', 'completed', 24, 0, 24, NULL, 'card', 'paid', '', '2026-01-16 23:00:00', '2026-01-16 23:00:00', NULL, NULL);
INSERT INTO payments (id, booking_id, amount, method, status, refunded_amount, paid_at, created_at) VALUES ('pay-0250', 'bk-0250', 24, 'card', 'paid', 0, '2026-01-16 23:00:00', '2026-01-16 23:00:00');
INSERT INTO bookings (id, booking_ref, user_id, studio_id, date, start_time, end_time, group_type, status, base_price, equipment_price, total_price, equipment, payment_method, payment_status, notes, created_at, updated_at, cancelled_at, cancel_reason) VALUES ('bk-0251', 'H3-20260125-34D3', 'usr-008', 'la-scene', '2026-01-27', '17:00', '18:00', 'duo', 'no-show', 24, 0, 24, NULL, 'card', 'paid', '', '2026-01-25 23:00:00', '2026-01-25 23:00:00', NULL, NULL);
INSERT INTO payments (id, booking_id, amount, method, status, refunded_amount, paid_at, created_at) VALUES ('pay-0251', 'bk-0251', 24, 'card', 'paid', 0, '2026-01-25 23:00:00', '2026-01-25 23:00:00');
INSERT INTO bookings (id, booking_ref, user_id, studio_id, date, start_time, end_time, group_type, status, base_price, equipment_price, total_price, equipment, payment_method, payment_status, notes, created_at, updated_at, cancelled_at, cancel_reason) VALUES ('bk-0252', 'H3-20260123-5VOJ', 'usr-018', 'la-scene', '2026-01-27', '21:00', '22:30', 'duo', 'completed', 36, 0, 36, NULL, 'card', 'paid', '', '2026-01-23 23:00:00', '2026-01-23 23:00:00', NULL, NULL);
INSERT INTO payments (id, booking_id, amount, method, status, refunded_amount, paid_at, created_at) VALUES ('pay-0252', 'bk-0252', 36, 'card', 'paid', 0, '2026-01-23 23:00:00', '2026-01-23 23:00:00');
INSERT INTO bookings (id, booking_ref, user_id, studio_id, date, start_time, end_time, group_type, status, base_price, equipment_price, total_price, equipment, payment_method, payment_status, notes, created_at, updated_at, cancelled_at, cancel_reason) VALUES ('bk-0253', 'H3-20260115-K2EV', 'usr-034', 'la-scene', '2026-01-27', '13:00', '14:00', 'solo', 'completed', 12, 0, 12, NULL, 'cash', 'paid', '', '2026-01-15 23:00:00', '2026-01-15 23:00:00', NULL, NULL);
INSERT INTO payments (id, booking_id, amount, method, status, refunded_amount, paid_at, created_at) VALUES ('pay-0253', 'bk-0253', 12, 'cash', 'paid', 0, '2026-01-27 23:00:00', '2026-01-15 23:00:00');
INSERT INTO bookings (id, booking_ref, user_id, studio_id, date, start_time, end_time, group_type, status, base_price, equipment_price, total_price, equipment, payment_method, payment_status, notes, created_at, updated_at, cancelled_at, cancel_reason) VALUES ('bk-0254', 'H3-20260115-MWTT', 'usr-043', 'la-scene', '2026-01-27', '17:00', '18:00', 'solo', 'completed', 12, 3, 15, '[{"id":"cymbal","quantity":2}]', 'cash', 'paid', '', '2026-01-15 23:00:00', '2026-01-15 23:00:00', NULL, NULL);
INSERT INTO payments (id, booking_id, amount, method, status, refunded_amount, paid_at, created_at) VALUES ('pay-0254', 'bk-0254', 15, 'cash', 'paid', 0, '2026-01-27 23:00:00', '2026-01-15 23:00:00');
INSERT INTO bookings (id, booking_ref, user_id, studio_id, date, start_time, end_time, group_type, status, base_price, equipment_price, total_price, equipment, payment_method, payment_status, notes, created_at, updated_at, cancelled_at, cancel_reason) VALUES ('bk-0255', 'H3-20260123-D0S6', 'usr-009', 'la-scene', '2026-01-27', '20:00', '21:00', 'group', 'completed', 44, 0, 44, NULL, 'cash', 'paid', '', '2026-01-23 23:00:00', '2026-01-23 23:00:00', NULL, NULL);
INSERT INTO payments (id, booking_id, amount, method, status, refunded_amount, paid_at, created_at) VALUES ('pay-0255', 'bk-0255', 44, 'cash', 'paid', 0, '2026-01-27 23:00:00', '2026-01-23 23:00:00');
INSERT INTO bookings (id, booking_ref, user_id, studio_id, date, start_time, end_time, group_type, status, base_price, equipment_price, total_price, equipment, payment_method, payment_status, notes, created_at, updated_at, cancelled_at, cancel_reason) VALUES ('bk-0256', 'H3-20260121-SVEA', 'usr-020', 'le-podium', '2026-01-27', '17:30', '18:30', 'group', 'completed', 33, 0, 33, NULL, 'cash', 'paid', '', '2026-01-21 23:00:00', '2026-01-21 23:00:00', NULL, NULL);
INSERT INTO payments (id, booking_id, amount, method, status, refunded_amount, paid_at, created_at) VALUES ('pay-0256', 'bk-0256', 33, 'cash', 'paid', 0, '2026-01-27 23:00:00', '2026-01-21 23:00:00');
INSERT INTO bookings (id, booking_ref, user_id, studio_id, date, start_time, end_time, group_type, status, base_price, equipment_price, total_price, equipment, payment_method, payment_status, notes, created_at, updated_at, cancelled_at, cancel_reason) VALUES ('bk-0257', 'H3-20260122-JY6Y', 'usr-028', 'la-scene', '2026-01-28', '16:00', '17:00', 'duo', 'completed', 24, 0, 24, NULL, 'card', 'paid', '', '2026-01-22 23:00:00', '2026-01-22 23:00:00', NULL, NULL);
INSERT INTO payments (id, booking_id, amount, method, status, refunded_amount, paid_at, created_at) VALUES ('pay-0257', 'bk-0257', 24, 'card', 'paid', 0, '2026-01-22 23:00:00', '2026-01-22 23:00:00');
INSERT INTO bookings (id, booking_ref, user_id, studio_id, date, start_time, end_time, group_type, status, base_price, equipment_price, total_price, equipment, payment_method, payment_status, notes, created_at, updated_at, cancelled_at, cancel_reason) VALUES ('bk-0258', 'H3-20260114-PO8I', 'usr-025', 'le-podium', '2026-01-28', '10:30', '11:30', 'group', 'completed', 30, 0, 30, NULL, 'card', 'paid', '', '2026-01-14 23:00:00', '2026-01-14 23:00:00', NULL, NULL);
INSERT INTO payments (id, booking_id, amount, method, status, refunded_amount, paid_at, created_at) VALUES ('pay-0258', 'bk-0258', 30, 'card', 'paid', 0, '2026-01-14 23:00:00', '2026-01-14 23:00:00');
INSERT INTO bookings (id, booking_ref, user_id, studio_id, date, start_time, end_time, group_type, status, base_price, equipment_price, total_price, equipment, payment_method, payment_status, notes, created_at, updated_at, cancelled_at, cancel_reason) VALUES ('bk-0259', 'H3-20260117-U9Q3', 'usr-005', 'le-podium', '2026-01-28', '18:30', '19:30', 'solo', 'completed', 12, 3, 15, '[{"id":"piano","quantity":1}]', 'card', 'paid', '', '2026-01-17 23:00:00', '2026-01-17 23:00:00', NULL, NULL);
INSERT INTO payments (id, booking_id, amount, method, status, refunded_amount, paid_at, created_at) VALUES ('pay-0259', 'bk-0259', 15, 'card', 'paid', 0, '2026-01-17 23:00:00', '2026-01-17 23:00:00');
INSERT INTO bookings (id, booking_ref, user_id, studio_id, date, start_time, end_time, group_type, status, base_price, equipment_price, total_price, equipment, payment_method, payment_status, notes, created_at, updated_at, cancelled_at, cancel_reason) VALUES ('bk-0260', 'H3-20260117-JRR7', 'usr-015', 'la-scene', '2026-01-28', '22:00', '23:30', 'group', 'completed', 66, 0, 66, NULL, 'cash', 'paid', '', '2026-01-17 23:00:00', '2026-01-17 23:00:00', NULL, NULL);
INSERT INTO payments (id, booking_id, amount, method, status, refunded_amount, paid_at, created_at) VALUES ('pay-0260', 'bk-0260', 66, 'cash', 'paid', 0, '2026-01-28 23:00:00', '2026-01-17 23:00:00');
INSERT INTO bookings (id, booking_ref, user_id, studio_id, date, start_time, end_time, group_type, status, base_price, equipment_price, total_price, equipment, payment_method, payment_status, notes, created_at, updated_at, cancelled_at, cancel_reason) VALUES ('bk-0261', 'H3-20260118-YXV6', 'usr-009', 'le-podium', '2026-01-28', '18:30', '19:30', 'solo', 'completed', 12, 0, 12, NULL, 'card', 'paid', '', '2026-01-18 23:00:00', '2026-01-18 23:00:00', NULL, NULL);
INSERT INTO payments (id, booking_id, amount, method, status, refunded_amount, paid_at, created_at) VALUES ('pay-0261', 'bk-0261', 12, 'card', 'paid', 0, '2026-01-18 23:00:00', '2026-01-18 23:00:00');
INSERT INTO bookings (id, booking_ref, user_id, studio_id, date, start_time, end_time, group_type, status, base_price, equipment_price, total_price, equipment, payment_method, payment_status, notes, created_at, updated_at, cancelled_at, cancel_reason) VALUES ('bk-0262', 'H3-20260123-YY2B', 'usr-019', 'la-scene', '2026-01-28', '14:00', '15:00', 'duo', 'completed', 24, 0, 24, NULL, 'card', 'paid', '', '2026-01-23 23:00:00', '2026-01-23 23:00:00', NULL, NULL);
INSERT INTO payments (id, booking_id, amount, method, status, refunded_amount, paid_at, created_at) VALUES ('pay-0262', 'bk-0262', 24, 'card', 'paid', 0, '2026-01-23 23:00:00', '2026-01-23 23:00:00');
INSERT INTO bookings (id, booking_ref, user_id, studio_id, date, start_time, end_time, group_type, status, base_price, equipment_price, total_price, equipment, payment_method, payment_status, notes, created_at, updated_at, cancelled_at, cancel_reason) VALUES ('bk-0263', 'H3-20260119-BCW0', 'usr-022', 'le-podium', '2026-01-28', '12:30', '13:30', 'solo', 'completed', 12, 0, 12, NULL, 'card', 'paid', '', '2026-01-19 23:00:00', '2026-01-19 23:00:00', NULL, NULL);
INSERT INTO payments (id, booking_id, amount, method, status, refunded_amount, paid_at, created_at) VALUES ('pay-0263', 'bk-0263', 12, 'card', 'paid', 0, '2026-01-19 23:00:00', '2026-01-19 23:00:00');
INSERT INTO bookings (id, booking_ref, user_id, studio_id, date, start_time, end_time, group_type, status, base_price, equipment_price, total_price, equipment, payment_method, payment_status, notes, created_at, updated_at, cancelled_at, cancel_reason) VALUES ('bk-0264', 'H3-20260116-HDT0', 'usr-032', 'le-podium', '2026-01-28', '09:00', '10:30', 'duo', 'completed', 36, 0, 36, NULL, 'card', 'paid', '', '2026-01-16 23:00:00', '2026-01-16 23:00:00', NULL, NULL);
INSERT INTO payments (id, booking_id, amount, method, status, refunded_amount, paid_at, created_at) VALUES ('pay-0264', 'bk-0264', 36, 'card', 'paid', 0, '2026-01-16 23:00:00', '2026-01-16 23:00:00');
INSERT INTO bookings (id, booking_ref, user_id, studio_id, date, start_time, end_time, group_type, status, base_price, equipment_price, total_price, equipment, payment_method, payment_status, notes, created_at, updated_at, cancelled_at, cancel_reason) VALUES ('bk-0265', 'H3-20260126-CEL9', 'usr-013', 'le-podium', '2026-01-28', '12:00', '13:30', 'duo', 'no-show', 36, 0, 36, NULL, 'card', 'paid', '', '2026-01-26 23:00:00', '2026-01-26 23:00:00', NULL, NULL);
INSERT INTO payments (id, booking_id, amount, method, status, refunded_amount, paid_at, created_at) VALUES ('pay-0265', 'bk-0265', 36, 'card', 'paid', 0, '2026-01-26 23:00:00', '2026-01-26 23:00:00');
INSERT INTO bookings (id, booking_ref, user_id, studio_id, date, start_time, end_time, group_type, status, base_price, equipment_price, total_price, equipment, payment_method, payment_status, notes, created_at, updated_at, cancelled_at, cancel_reason) VALUES ('bk-0266', 'H3-20260120-S3A5', 'usr-039', 'la-scene', '2026-01-28', '21:30', '22:30', 'group', 'completed', 44, 0, 44, NULL, 'card', 'paid', '', '2026-01-20 23:00:00', '2026-01-20 23:00:00', NULL, NULL);
INSERT INTO payments (id, booking_id, amount, method, status, refunded_amount, paid_at, created_at) VALUES ('pay-0266', 'bk-0266', 44, 'card', 'paid', 0, '2026-01-20 23:00:00', '2026-01-20 23:00:00');
INSERT INTO bookings (id, booking_ref, user_id, studio_id, date, start_time, end_time, group_type, status, base_price, equipment_price, total_price, equipment, payment_method, payment_status, notes, created_at, updated_at, cancelled_at, cancel_reason) VALUES ('bk-0267', 'H3-20260114-K81P', 'usr-002', 'la-scene', '2026-01-28', '11:00', '12:00', 'group', 'completed', 36, 0, 36, NULL, 'card', 'paid', '', '2026-01-14 23:00:00', '2026-01-14 23:00:00', NULL, NULL);
INSERT INTO payments (id, booking_id, amount, method, status, refunded_amount, paid_at, created_at) VALUES ('pay-0267', 'bk-0267', 36, 'card', 'paid', 0, '2026-01-14 23:00:00', '2026-01-14 23:00:00');
INSERT INTO bookings (id, booking_ref, user_id, studio_id, date, start_time, end_time, group_type, status, base_price, equipment_price, total_price, equipment, payment_method, payment_status, notes, created_at, updated_at, cancelled_at, cancel_reason) VALUES ('bk-0268', 'H3-20260127-OTFO', 'usr-030', 'la-scene', '2026-01-28', '16:00', '17:30', 'solo', 'completed', 18, 0, 18, NULL, 'card', 'paid', '', '2026-01-27 23:00:00', '2026-01-27 23:00:00', NULL, NULL);
INSERT INTO payments (id, booking_id, amount, method, status, refunded_amount, paid_at, created_at) VALUES ('pay-0268', 'bk-0268', 18, 'card', 'paid', 0, '2026-01-27 23:00:00', '2026-01-27 23:00:00');
INSERT INTO bookings (id, booking_ref, user_id, studio_id, date, start_time, end_time, group_type, status, base_price, equipment_price, total_price, equipment, payment_method, payment_status, notes, created_at, updated_at, cancelled_at, cancel_reason) VALUES ('bk-0269', 'H3-20260126-EHIY', 'usr-004', 'la-scene', '2026-01-29', '19:30', '21:00', 'duo', 'completed', 36, 0, 36, NULL, 'card', 'paid', '', '2026-01-26 23:00:00', '2026-01-26 23:00:00', NULL, NULL);
INSERT INTO payments (id, booking_id, amount, method, status, refunded_amount, paid_at, created_at) VALUES ('pay-0269', 'bk-0269', 36, 'card', 'paid', 0, '2026-01-26 23:00:00', '2026-01-26 23:00:00');
INSERT INTO bookings (id, booking_ref, user_id, studio_id, date, start_time, end_time, group_type, status, base_price, equipment_price, total_price, equipment, payment_method, payment_status, notes, created_at, updated_at, cancelled_at, cancel_reason) VALUES ('bk-0270', 'H3-20260116-2C16', 'usr-042', 'le-podium', '2026-01-29', '15:30', '17:00', 'duo', 'completed', 36, 0, 36, NULL, 'card', 'paid', '', '2026-01-16 23:00:00', '2026-01-16 23:00:00', NULL, NULL);
INSERT INTO payments (id, booking_id, amount, method, status, refunded_amount, paid_at, created_at) VALUES ('pay-0270', 'bk-0270', 36, 'card', 'paid', 0, '2026-01-16 23:00:00', '2026-01-16 23:00:00');
INSERT INTO bookings (id, booking_ref, user_id, studio_id, date, start_time, end_time, group_type, status, base_price, equipment_price, total_price, equipment, payment_method, payment_status, notes, created_at, updated_at, cancelled_at, cancel_reason) VALUES ('bk-0271', 'H3-20260119-PCQ9', 'usr-025', 'la-scene', '2026-01-29', '12:00', '13:00', 'duo', 'completed', 24, 0, 24, NULL, 'card', 'paid', '', '2026-01-19 23:00:00', '2026-01-19 23:00:00', NULL, NULL);
INSERT INTO payments (id, booking_id, amount, method, status, refunded_amount, paid_at, created_at) VALUES ('pay-0271', 'bk-0271', 24, 'card', 'paid', 0, '2026-01-19 23:00:00', '2026-01-19 23:00:00');
INSERT INTO bookings (id, booking_ref, user_id, studio_id, date, start_time, end_time, group_type, status, base_price, equipment_price, total_price, equipment, payment_method, payment_status, notes, created_at, updated_at, cancelled_at, cancel_reason) VALUES ('bk-0272', 'H3-20260116-PF24', 'usr-033', 'la-scene', '2026-01-29', '11:30', '12:30', 'duo', 'completed', 24, 6, 30, '[{"id":"piano","quantity":1},{"id":"cymbal","quantity":2}]', 'card', 'paid', '', '2026-01-16 23:00:00', '2026-01-16 23:00:00', NULL, NULL);
INSERT INTO payments (id, booking_id, amount, method, status, refunded_amount, paid_at, created_at) VALUES ('pay-0272', 'bk-0272', 30, 'card', 'paid', 0, '2026-01-16 23:00:00', '2026-01-16 23:00:00');
INSERT INTO bookings (id, booking_ref, user_id, studio_id, date, start_time, end_time, group_type, status, base_price, equipment_price, total_price, equipment, payment_method, payment_status, notes, created_at, updated_at, cancelled_at, cancel_reason) VALUES ('bk-0273', 'H3-20260125-XX9S', 'usr-044', 'la-scene', '2026-01-29', '11:30', '13:00', 'solo', 'completed', 18, 0, 18, NULL, 'cash', 'paid', '', '2026-01-25 23:00:00', '2026-01-25 23:00:00', NULL, NULL);
INSERT INTO payments (id, booking_id, amount, method, status, refunded_amount, paid_at, created_at) VALUES ('pay-0273', 'bk-0273', 18, 'cash', 'paid', 0, '2026-01-29 23:00:00', '2026-01-25 23:00:00');
INSERT INTO bookings (id, booking_ref, user_id, studio_id, date, start_time, end_time, group_type, status, base_price, equipment_price, total_price, equipment, payment_method, payment_status, notes, created_at, updated_at, cancelled_at, cancel_reason) VALUES ('bk-0274', 'H3-20260119-RWLA', 'usr-034', 'la-scene', '2026-01-29', '11:00', '12:00', 'duo', 'no-show', 24, 3, 27, '[{"id":"guitar","quantity":1}]', 'cash', 'pending', '', '2026-01-19 23:00:00', '2026-01-19 23:00:00', NULL, NULL);
INSERT INTO payments (id, booking_id, amount, method, status, refunded_amount, paid_at, created_at) VALUES ('pay-0274', 'bk-0274', 27, 'cash', 'pending', 0, NULL, '2026-01-19 23:00:00');
INSERT INTO bookings (id, booking_ref, user_id, studio_id, date, start_time, end_time, group_type, status, base_price, equipment_price, total_price, equipment, payment_method, payment_status, notes, created_at, updated_at, cancelled_at, cancel_reason) VALUES ('bk-0275', 'H3-20260117-MQOR', 'usr-023', 'le-podium', '2026-01-29', '10:00', '11:00', 'duo', 'completed', 24, 3, 27, '[{"id":"cymbal","quantity":2}]', 'cash', 'paid', '', '2026-01-17 23:00:00', '2026-01-17 23:00:00', NULL, NULL);
INSERT INTO payments (id, booking_id, amount, method, status, refunded_amount, paid_at, created_at) VALUES ('pay-0275', 'bk-0275', 27, 'cash', 'paid', 0, '2026-01-29 23:00:00', '2026-01-17 23:00:00');
INSERT INTO bookings (id, booking_ref, user_id, studio_id, date, start_time, end_time, group_type, status, base_price, equipment_price, total_price, equipment, payment_method, payment_status, notes, created_at, updated_at, cancelled_at, cancel_reason) VALUES ('bk-0276', 'H3-20260119-CRP6', 'usr-043', 'le-podium', '2026-01-29', '20:00', '21:30', 'group', 'completed', 54, 9, 63, '[{"id":"bass","quantity":1},{"id":"piano","quantity":2}]', 'cash', 'paid', '', '2026-01-19 23:00:00', '2026-01-19 23:00:00', NULL, NULL);
INSERT INTO payments (id, booking_id, amount, method, status, refunded_amount, paid_at, created_at) VALUES ('pay-0276', 'bk-0276', 63, 'cash', 'paid', 0, '2026-01-29 23:00:00', '2026-01-19 23:00:00');
INSERT INTO bookings (id, booking_ref, user_id, studio_id, date, start_time, end_time, group_type, status, base_price, equipment_price, total_price, equipment, payment_method, payment_status, notes, created_at, updated_at, cancelled_at, cancel_reason) VALUES ('bk-0277', 'H3-20260116-K869', 'usr-010', 'la-scene', '2026-01-29', '20:00', '21:00', 'group', 'completed', 44, 0, 44, NULL, 'card', 'paid', '', '2026-01-16 23:00:00', '2026-01-16 23:00:00', NULL, NULL);
INSERT INTO payments (id, booking_id, amount, method, status, refunded_amount, paid_at, created_at) VALUES ('pay-0277', 'bk-0277', 44, 'card', 'paid', 0, '2026-01-16 23:00:00', '2026-01-16 23:00:00');
INSERT INTO bookings (id, booking_ref, user_id, studio_id, date, start_time, end_time, group_type, status, base_price, equipment_price, total_price, equipment, payment_method, payment_status, notes, created_at, updated_at, cancelled_at, cancel_reason) VALUES ('bk-0278', 'H3-20260119-ITS1', 'usr-011', 'le-podium', '2026-01-29', '16:30', '17:30', 'solo', 'completed', 12, 0, 12, NULL, 'card', 'paid', '', '2026-01-19 23:00:00', '2026-01-19 23:00:00', NULL, NULL);
INSERT INTO payments (id, booking_id, amount, method, status, refunded_amount, paid_at, created_at) VALUES ('pay-0278', 'bk-0278', 12, 'card', 'paid', 0, '2026-01-19 23:00:00', '2026-01-19 23:00:00');
INSERT INTO bookings (id, booking_ref, user_id, studio_id, date, start_time, end_time, group_type, status, base_price, equipment_price, total_price, equipment, payment_method, payment_status, notes, created_at, updated_at, cancelled_at, cancel_reason) VALUES ('bk-0279', 'H3-20260117-51P1', 'usr-011', 'la-scene', '2026-01-29', '13:30', '14:30', 'group', 'completed', 36, 0, 36, NULL, 'card', 'paid', '', '2026-01-17 23:00:00', '2026-01-17 23:00:00', NULL, NULL);
INSERT INTO payments (id, booking_id, amount, method, status, refunded_amount, paid_at, created_at) VALUES ('pay-0279', 'bk-0279', 36, 'card', 'paid', 0, '2026-01-17 23:00:00', '2026-01-17 23:00:00');
INSERT INTO bookings (id, booking_ref, user_id, studio_id, date, start_time, end_time, group_type, status, base_price, equipment_price, total_price, equipment, payment_method, payment_status, notes, created_at, updated_at, cancelled_at, cancel_reason) VALUES ('bk-0280', 'H3-20260121-NXYG', 'usr-018', 'la-scene', '2026-01-29', '13:00', '14:00', 'group', 'completed', 36, 0, 36, NULL, 'cash', 'paid', '', '2026-01-21 23:00:00', '2026-01-21 23:00:00', NULL, NULL);
INSERT INTO payments (id, booking_id, amount, method, status, refunded_amount, paid_at, created_at) VALUES ('pay-0280', 'bk-0280', 36, 'cash', 'paid', 0, '2026-01-29 23:00:00', '2026-01-21 23:00:00');
INSERT INTO bookings (id, booking_ref, user_id, studio_id, date, start_time, end_time, group_type, status, base_price, equipment_price, total_price, equipment, payment_method, payment_status, notes, created_at, updated_at, cancelled_at, cancel_reason) VALUES ('bk-0281', 'H3-20260115-C8P1', 'usr-040', 'la-scene', '2026-01-29', '19:00', '20:00', 'duo', 'completed', 24, 3, 27, '[{"id":"bass","quantity":2}]', 'cash', 'paid', '', '2026-01-15 23:00:00', '2026-01-15 23:00:00', NULL, NULL);
INSERT INTO payments (id, booking_id, amount, method, status, refunded_amount, paid_at, created_at) VALUES ('pay-0281', 'bk-0281', 27, 'cash', 'paid', 0, '2026-01-29 23:00:00', '2026-01-15 23:00:00');
INSERT INTO bookings (id, booking_ref, user_id, studio_id, date, start_time, end_time, group_type, status, base_price, equipment_price, total_price, equipment, payment_method, payment_status, notes, created_at, updated_at, cancelled_at, cancel_reason) VALUES ('bk-0282', 'H3-20260123-AG85', 'usr-035', 'le-podium', '2026-01-30', '13:00', '14:30', 'duo', 'completed', 36, 0, 36, NULL, 'card', 'paid', '', '2026-01-23 23:00:00', '2026-01-23 23:00:00', NULL, NULL);
INSERT INTO payments (id, booking_id, amount, method, status, refunded_amount, paid_at, created_at) VALUES ('pay-0282', 'bk-0282', 36, 'card', 'paid', 0, '2026-01-23 23:00:00', '2026-01-23 23:00:00');
INSERT INTO bookings (id, booking_ref, user_id, studio_id, date, start_time, end_time, group_type, status, base_price, equipment_price, total_price, equipment, payment_method, payment_status, notes, created_at, updated_at, cancelled_at, cancel_reason) VALUES ('bk-0283', 'H3-20260129-WXSQ', 'usr-022', 'la-scene', '2026-01-30', '12:00', '13:00', 'solo', 'completed', 12, 0, 12, NULL, 'card', 'paid', '', '2026-01-29 23:00:00', '2026-01-29 23:00:00', NULL, NULL);
INSERT INTO payments (id, booking_id, amount, method, status, refunded_amount, paid_at, created_at) VALUES ('pay-0283', 'bk-0283', 12, 'card', 'paid', 0, '2026-01-29 23:00:00', '2026-01-29 23:00:00');
INSERT INTO bookings (id, booking_ref, user_id, studio_id, date, start_time, end_time, group_type, status, base_price, equipment_price, total_price, equipment, payment_method, payment_status, notes, created_at, updated_at, cancelled_at, cancel_reason) VALUES ('bk-0284', 'H3-20260129-XNHW', 'usr-047', 'la-scene', '2026-01-30', '15:00', '16:00', 'group', 'completed', 44, 0, 44, NULL, 'cash', 'paid', '', '2026-01-29 23:00:00', '2026-01-29 23:00:00', NULL, NULL);
INSERT INTO payments (id, booking_id, amount, method, status, refunded_amount, paid_at, created_at) VALUES ('pay-0284', 'bk-0284', 44, 'cash', 'paid', 0, '2026-01-30 23:00:00', '2026-01-29 23:00:00');
INSERT INTO bookings (id, booking_ref, user_id, studio_id, date, start_time, end_time, group_type, status, base_price, equipment_price, total_price, equipment, payment_method, payment_status, notes, created_at, updated_at, cancelled_at, cancel_reason) VALUES ('bk-0285', 'H3-20260120-GT3A', 'usr-007', 'la-scene', '2026-01-30', '19:30', '20:30', 'group', 'completed', 44, 0, 44, NULL, 'card', 'paid', '', '2026-01-20 23:00:00', '2026-01-20 23:00:00', NULL, NULL);
INSERT INTO payments (id, booking_id, amount, method, status, refunded_amount, paid_at, created_at) VALUES ('pay-0285', 'bk-0285', 44, 'card', 'paid', 0, '2026-01-20 23:00:00', '2026-01-20 23:00:00');
INSERT INTO bookings (id, booking_ref, user_id, studio_id, date, start_time, end_time, group_type, status, base_price, equipment_price, total_price, equipment, payment_method, payment_status, notes, created_at, updated_at, cancelled_at, cancel_reason) VALUES ('bk-0286', 'H3-20260124-IVUW', 'usr-050', 'la-scene', '2026-01-30', '19:30', '20:30', 'solo', 'completed', 12, 0, 12, NULL, 'cash', 'paid', '', '2026-01-24 23:00:00', '2026-01-24 23:00:00', NULL, NULL);
INSERT INTO payments (id, booking_id, amount, method, status, refunded_amount, paid_at, created_at) VALUES ('pay-0286', 'bk-0286', 12, 'cash', 'paid', 0, '2026-01-30 23:00:00', '2026-01-24 23:00:00');
INSERT INTO bookings (id, booking_ref, user_id, studio_id, date, start_time, end_time, group_type, status, base_price, equipment_price, total_price, equipment, payment_method, payment_status, notes, created_at, updated_at, cancelled_at, cancel_reason) VALUES ('bk-0287', 'H3-20260128-T3TC', 'usr-048', 'le-podium', '2026-01-30', '14:00', '15:00', 'duo', 'completed', 24, 9, 33, '[{"id":"cymbal","quantity":1},{"id":"piano","quantity":2}]', 'card', 'paid', '', '2026-01-28 23:00:00', '2026-01-28 23:00:00', NULL, NULL);
INSERT INTO payments (id, booking_id, amount, method, status, refunded_amount, paid_at, created_at) VALUES ('pay-0287', 'bk-0287', 33, 'card', 'paid', 0, '2026-01-28 23:00:00', '2026-01-28 23:00:00');
INSERT INTO bookings (id, booking_ref, user_id, studio_id, date, start_time, end_time, group_type, status, base_price, equipment_price, total_price, equipment, payment_method, payment_status, notes, created_at, updated_at, cancelled_at, cancel_reason) VALUES ('bk-0288', 'H3-20260125-F38W', 'usr-002', 'le-podium', '2026-01-30', '10:00', '11:30', 'solo', 'completed', 18, 0, 18, NULL, 'card', 'paid', '', '2026-01-25 23:00:00', '2026-01-25 23:00:00', NULL, NULL);
INSERT INTO payments (id, booking_id, amount, method, status, refunded_amount, paid_at, created_at) VALUES ('pay-0288', 'bk-0288', 18, 'card', 'paid', 0, '2026-01-25 23:00:00', '2026-01-25 23:00:00');
INSERT INTO bookings (id, booking_ref, user_id, studio_id, date, start_time, end_time, group_type, status, base_price, equipment_price, total_price, equipment, payment_method, payment_status, notes, created_at, updated_at, cancelled_at, cancel_reason) VALUES ('bk-0289', 'H3-20260125-C58T', 'usr-039', 'le-podium', '2026-01-30', '19:00', '20:00', 'group', 'completed', 36, 0, 36, NULL, 'cash', 'paid', '', '2026-01-25 23:00:00', '2026-01-25 23:00:00', NULL, NULL);
INSERT INTO payments (id, booking_id, amount, method, status, refunded_amount, paid_at, created_at) VALUES ('pay-0289', 'bk-0289', 36, 'cash', 'paid', 0, '2026-01-30 23:00:00', '2026-01-25 23:00:00');
INSERT INTO bookings (id, booking_ref, user_id, studio_id, date, start_time, end_time, group_type, status, base_price, equipment_price, total_price, equipment, payment_method, payment_status, notes, created_at, updated_at, cancelled_at, cancel_reason) VALUES ('bk-0290', 'H3-20260120-EDZX', 'usr-041', 'la-scene', '2026-01-30', '16:30', '17:30', 'group', 'completed', 44, 0, 44, NULL, 'cash', 'paid', '', '2026-01-20 23:00:00', '2026-01-20 23:00:00', NULL, NULL);
INSERT INTO payments (id, booking_id, amount, method, status, refunded_amount, paid_at, created_at) VALUES ('pay-0290', 'bk-0290', 44, 'cash', 'paid', 0, '2026-01-30 23:00:00', '2026-01-20 23:00:00');
INSERT INTO bookings (id, booking_ref, user_id, studio_id, date, start_time, end_time, group_type, status, base_price, equipment_price, total_price, equipment, payment_method, payment_status, notes, created_at, updated_at, cancelled_at, cancel_reason) VALUES ('bk-0291', 'H3-20260124-H7XU', 'usr-017', 'le-podium', '2026-01-30', '21:30', '22:30', 'solo', 'completed', 12, 6, 18, '[{"id":"bass","quantity":2},{"id":"guitar","quantity":1}]', 'card', 'paid', '', '2026-01-24 23:00:00', '2026-01-24 23:00:00', NULL, NULL);
INSERT INTO payments (id, booking_id, amount, method, status, refunded_amount, paid_at, created_at) VALUES ('pay-0291', 'bk-0291', 18, 'card', 'paid', 0, '2026-01-24 23:00:00', '2026-01-24 23:00:00');
INSERT INTO bookings (id, booking_ref, user_id, studio_id, date, start_time, end_time, group_type, status, base_price, equipment_price, total_price, equipment, payment_method, payment_status, notes, created_at, updated_at, cancelled_at, cancel_reason) VALUES ('bk-0292', 'H3-20260117-9CBI', 'usr-035', 'le-podium', '2026-01-30', '18:00', '19:00', 'solo', 'completed', 12, 0, 12, NULL, 'card', 'paid', '', '2026-01-17 23:00:00', '2026-01-17 23:00:00', NULL, NULL);
INSERT INTO payments (id, booking_id, amount, method, status, refunded_amount, paid_at, created_at) VALUES ('pay-0292', 'bk-0292', 12, 'card', 'paid', 0, '2026-01-17 23:00:00', '2026-01-17 23:00:00');
INSERT INTO bookings (id, booking_ref, user_id, studio_id, date, start_time, end_time, group_type, status, base_price, equipment_price, total_price, equipment, payment_method, payment_status, notes, created_at, updated_at, cancelled_at, cancel_reason) VALUES ('bk-0293', 'H3-20260129-E7RV', 'usr-045', 'le-podium', '2026-01-30', '13:30', '14:30', 'duo', 'completed', 24, 0, 24, NULL, 'card', 'paid', '', '2026-01-29 23:00:00', '2026-01-29 23:00:00', NULL, NULL);
INSERT INTO payments (id, booking_id, amount, method, status, refunded_amount, paid_at, created_at) VALUES ('pay-0293', 'bk-0293', 24, 'card', 'paid', 0, '2026-01-29 23:00:00', '2026-01-29 23:00:00');
INSERT INTO bookings (id, booking_ref, user_id, studio_id, date, start_time, end_time, group_type, status, base_price, equipment_price, total_price, equipment, payment_method, payment_status, notes, created_at, updated_at, cancelled_at, cancel_reason) VALUES ('bk-0294', 'H3-20260126-B7DY', 'usr-001', 'la-scene', '2026-01-30', '11:30', '12:30', 'solo', 'completed', 12, 6, 18, '[{"id":"piano","quantity":1},{"id":"cymbal","quantity":1}]', 'cash', 'paid', '', '2026-01-26 23:00:00', '2026-01-26 23:00:00', NULL, NULL);
INSERT INTO payments (id, booking_id, amount, method, status, refunded_amount, paid_at, created_at) VALUES ('pay-0294', 'bk-0294', 18, 'cash', 'paid', 0, '2026-01-30 23:00:00', '2026-01-26 23:00:00');
INSERT INTO bookings (id, booking_ref, user_id, studio_id, date, start_time, end_time, group_type, status, base_price, equipment_price, total_price, equipment, payment_method, payment_status, notes, created_at, updated_at, cancelled_at, cancel_reason) VALUES ('bk-0295', 'H3-20260117-LG2O', 'usr-040', 'le-podium', '2026-01-30', '19:00', '20:00', 'solo', 'completed', 12, 0, 12, NULL, 'cash', 'paid', '', '2026-01-17 23:00:00', '2026-01-17 23:00:00', NULL, NULL);
INSERT INTO payments (id, booking_id, amount, method, status, refunded_amount, paid_at, created_at) VALUES ('pay-0295', 'bk-0295', 12, 'cash', 'paid', 0, '2026-01-30 23:00:00', '2026-01-17 23:00:00');
INSERT INTO bookings (id, booking_ref, user_id, studio_id, date, start_time, end_time, group_type, status, base_price, equipment_price, total_price, equipment, payment_method, payment_status, notes, created_at, updated_at, cancelled_at, cancel_reason) VALUES ('bk-0296', 'H3-20260129-RPS5', 'usr-020', 'la-scene', '2026-01-30', '18:30', '19:30', 'duo', 'completed', 24, 3, 27, '[{"id":"bass","quantity":2}]', 'card', 'paid', '', '2026-01-29 23:00:00', '2026-01-29 23:00:00', NULL, NULL);
INSERT INTO payments (id, booking_id, amount, method, status, refunded_amount, paid_at, created_at) VALUES ('pay-0296', 'bk-0296', 27, 'card', 'paid', 0, '2026-01-29 23:00:00', '2026-01-29 23:00:00');
INSERT INTO bookings (id, booking_ref, user_id, studio_id, date, start_time, end_time, group_type, status, base_price, equipment_price, total_price, equipment, payment_method, payment_status, notes, created_at, updated_at, cancelled_at, cancel_reason) VALUES ('bk-0297', 'H3-20260124-8AT0', 'usr-028', 'le-podium', '2026-01-30', '22:00', '23:00', 'duo', 'completed', 24, 0, 24, NULL, 'card', 'paid', '', '2026-01-24 23:00:00', '2026-01-24 23:00:00', NULL, NULL);
INSERT INTO payments (id, booking_id, amount, method, status, refunded_amount, paid_at, created_at) VALUES ('pay-0297', 'bk-0297', 24, 'card', 'paid', 0, '2026-01-24 23:00:00', '2026-01-24 23:00:00');
INSERT INTO bookings (id, booking_ref, user_id, studio_id, date, start_time, end_time, group_type, status, base_price, equipment_price, total_price, equipment, payment_method, payment_status, notes, created_at, updated_at, cancelled_at, cancel_reason) VALUES ('bk-0298', 'H3-20260128-S1IF', 'usr-042', 'le-podium', '2026-01-30', '11:30', '12:30', 'duo', 'completed', 24, 0, 24, NULL, 'cash', 'paid', '', '2026-01-28 23:00:00', '2026-01-28 23:00:00', NULL, NULL);
INSERT INTO payments (id, booking_id, amount, method, status, refunded_amount, paid_at, created_at) VALUES ('pay-0298', 'bk-0298', 24, 'cash', 'paid', 0, '2026-01-30 23:00:00', '2026-01-28 23:00:00');
INSERT INTO bookings (id, booking_ref, user_id, studio_id, date, start_time, end_time, group_type, status, base_price, equipment_price, total_price, equipment, payment_method, payment_status, notes, created_at, updated_at, cancelled_at, cancel_reason) VALUES ('bk-0299', 'H3-20260128-EGZ2', 'usr-005', 'le-podium', '2026-01-30', '17:00', '18:30', 'duo', 'completed', 36, 0, 36, NULL, 'cash', 'paid', '', '2026-01-28 23:00:00', '2026-01-28 23:00:00', NULL, NULL);
INSERT INTO payments (id, booking_id, amount, method, status, refunded_amount, paid_at, created_at) VALUES ('pay-0299', 'bk-0299', 36, 'cash', 'paid', 0, '2026-01-30 23:00:00', '2026-01-28 23:00:00');
INSERT INTO bookings (id, booking_ref, user_id, studio_id, date, start_time, end_time, group_type, status, base_price, equipment_price, total_price, equipment, payment_method, payment_status, notes, created_at, updated_at, cancelled_at, cancel_reason) VALUES ('bk-0300', 'H3-20260117-5AYX', 'usr-038', 'la-scene', '2026-01-30', '11:00', '12:30', 'solo', 'completed', 18, 8, 26, '[{"id":"mic","quantity":2},{"id":"cymbal","quantity":2}]', 'card', 'paid', '', '2026-01-17 23:00:00', '2026-01-17 23:00:00', NULL, NULL);
INSERT INTO payments (id, booking_id, amount, method, status, refunded_amount, paid_at, created_at) VALUES ('pay-0300', 'bk-0300', 26, 'card', 'paid', 0, '2026-01-17 23:00:00', '2026-01-17 23:00:00');
INSERT INTO bookings (id, booking_ref, user_id, studio_id, date, start_time, end_time, group_type, status, base_price, equipment_price, total_price, equipment, payment_method, payment_status, notes, created_at, updated_at, cancelled_at, cancel_reason) VALUES ('bk-0301', 'H3-20260125-32MW', 'usr-042', 'la-scene', '2026-01-30', '17:30', '18:30', 'group', 'completed', 44, 0, 44, NULL, 'cash', 'paid', '', '2026-01-25 23:00:00', '2026-01-25 23:00:00', NULL, NULL);
INSERT INTO payments (id, booking_id, amount, method, status, refunded_amount, paid_at, created_at) VALUES ('pay-0301', 'bk-0301', 44, 'cash', 'paid', 0, '2026-01-30 23:00:00', '2026-01-25 23:00:00');
INSERT INTO bookings (id, booking_ref, user_id, studio_id, date, start_time, end_time, group_type, status, base_price, equipment_price, total_price, equipment, payment_method, payment_status, notes, created_at, updated_at, cancelled_at, cancel_reason) VALUES ('bk-0302', 'H3-20260129-2Z80', 'usr-014', 'le-podium', '2026-01-30', '20:00', '21:00', 'solo', 'completed', 12, 0, 12, NULL, 'card', 'paid', '', '2026-01-29 23:00:00', '2026-01-29 23:00:00', NULL, NULL);
INSERT INTO payments (id, booking_id, amount, method, status, refunded_amount, paid_at, created_at) VALUES ('pay-0302', 'bk-0302', 12, 'card', 'paid', 0, '2026-01-29 23:00:00', '2026-01-29 23:00:00');
INSERT INTO bookings (id, booking_ref, user_id, studio_id, date, start_time, end_time, group_type, status, base_price, equipment_price, total_price, equipment, payment_method, payment_status, notes, created_at, updated_at, cancelled_at, cancel_reason) VALUES ('bk-0303', 'H3-20260121-XXNM', 'usr-023', 'le-podium', '2026-01-30', '14:30', '15:30', 'solo', 'completed', 12, 0, 12, NULL, 'cash', 'paid', '', '2026-01-21 23:00:00', '2026-01-21 23:00:00', NULL, NULL);
INSERT INTO payments (id, booking_id, amount, method, status, refunded_amount, paid_at, created_at) VALUES ('pay-0303', 'bk-0303', 12, 'cash', 'paid', 0, '2026-01-30 23:00:00', '2026-01-21 23:00:00');
INSERT INTO bookings (id, booking_ref, user_id, studio_id, date, start_time, end_time, group_type, status, base_price, equipment_price, total_price, equipment, payment_method, payment_status, notes, created_at, updated_at, cancelled_at, cancel_reason) VALUES ('bk-0304', 'H3-20260119-2VVX', 'usr-041', 'le-podium', '2026-01-30', '15:30', '16:30', 'solo', 'completed', 12, 3, 15, '[{"id":"bass","quantity":2}]', 'cash', 'paid', '', '2026-01-19 23:00:00', '2026-01-19 23:00:00', NULL, NULL);
INSERT INTO payments (id, booking_id, amount, method, status, refunded_amount, paid_at, created_at) VALUES ('pay-0304', 'bk-0304', 15, 'cash', 'paid', 0, '2026-01-30 23:00:00', '2026-01-19 23:00:00');
INSERT INTO bookings (id, booking_ref, user_id, studio_id, date, start_time, end_time, group_type, status, base_price, equipment_price, total_price, equipment, payment_method, payment_status, notes, created_at, updated_at, cancelled_at, cancel_reason) VALUES ('bk-0305', 'H3-20260127-LNEQ', 'usr-008', 'la-scene', '2026-01-31', '10:00', '11:00', 'group', 'completed', 44, 0, 44, NULL, 'card', 'paid', '', '2026-01-27 23:00:00', '2026-01-27 23:00:00', NULL, NULL);
INSERT INTO payments (id, booking_id, amount, method, status, refunded_amount, paid_at, created_at) VALUES ('pay-0305', 'bk-0305', 44, 'card', 'paid', 0, '2026-01-27 23:00:00', '2026-01-27 23:00:00');
INSERT INTO bookings (id, booking_ref, user_id, studio_id, date, start_time, end_time, group_type, status, base_price, equipment_price, total_price, equipment, payment_method, payment_status, notes, created_at, updated_at, cancelled_at, cancel_reason) VALUES ('bk-0306', 'H3-20260118-CTAS', 'usr-036', 'la-scene', '2026-01-31', '12:00', '13:30', 'duo', 'no-show', 36, 0, 36, NULL, 'card', 'paid', '', '2026-01-18 23:00:00', '2026-01-18 23:00:00', NULL, NULL);
INSERT INTO payments (id, booking_id, amount, method, status, refunded_amount, paid_at, created_at) VALUES ('pay-0306', 'bk-0306', 36, 'card', 'paid', 0, '2026-01-18 23:00:00', '2026-01-18 23:00:00');
INSERT INTO bookings (id, booking_ref, user_id, studio_id, date, start_time, end_time, group_type, status, base_price, equipment_price, total_price, equipment, payment_method, payment_status, notes, created_at, updated_at, cancelled_at, cancel_reason) VALUES ('bk-0307', 'H3-20260127-1UUJ', 'usr-016', 'le-podium', '2026-01-31', '19:00', '20:30', 'duo', 'completed', 36, 3, 39, '[{"id":"cymbal","quantity":2}]', 'card', 'paid', '', '2026-01-27 23:00:00', '2026-01-27 23:00:00', NULL, NULL);
INSERT INTO payments (id, booking_id, amount, method, status, refunded_amount, paid_at, created_at) VALUES ('pay-0307', 'bk-0307', 39, 'card', 'paid', 0, '2026-01-27 23:00:00', '2026-01-27 23:00:00');
INSERT INTO bookings (id, booking_ref, user_id, studio_id, date, start_time, end_time, group_type, status, base_price, equipment_price, total_price, equipment, payment_method, payment_status, notes, created_at, updated_at, cancelled_at, cancel_reason) VALUES ('bk-0308', 'H3-20260119-H7DL', 'usr-029', 'le-podium', '2026-01-31', '16:30', '18:00', 'solo', 'completed', 18, 0, 18, NULL, 'cash', 'paid', '', '2026-01-19 23:00:00', '2026-01-19 23:00:00', NULL, NULL);
INSERT INTO payments (id, booking_id, amount, method, status, refunded_amount, paid_at, created_at) VALUES ('pay-0308', 'bk-0308', 18, 'cash', 'paid', 0, '2026-01-31 23:00:00', '2026-01-19 23:00:00');
INSERT INTO bookings (id, booking_ref, user_id, studio_id, date, start_time, end_time, group_type, status, base_price, equipment_price, total_price, equipment, payment_method, payment_status, notes, created_at, updated_at, cancelled_at, cancel_reason) VALUES ('bk-0309', 'H3-20260128-2TYD', 'usr-040', 'le-podium', '2026-01-31', '17:30', '18:30', 'group', 'completed', 36, 3, 39, '[{"id":"cymbal","quantity":2}]', 'card', 'paid', '', '2026-01-28 23:00:00', '2026-01-28 23:00:00', NULL, NULL);
INSERT INTO payments (id, booking_id, amount, method, status, refunded_amount, paid_at, created_at) VALUES ('pay-0309', 'bk-0309', 39, 'card', 'paid', 0, '2026-01-28 23:00:00', '2026-01-28 23:00:00');
INSERT INTO bookings (id, booking_ref, user_id, studio_id, date, start_time, end_time, group_type, status, base_price, equipment_price, total_price, equipment, payment_method, payment_status, notes, created_at, updated_at, cancelled_at, cancel_reason) VALUES ('bk-0310', 'H3-20260125-3DNB', 'usr-043', 'la-scene', '2026-01-31', '10:30', '11:30', 'group', 'completed', 44, 0, 44, NULL, 'cash', 'paid', '', '2026-01-25 23:00:00', '2026-01-25 23:00:00', NULL, NULL);
INSERT INTO payments (id, booking_id, amount, method, status, refunded_amount, paid_at, created_at) VALUES ('pay-0310', 'bk-0310', 44, 'cash', 'paid', 0, '2026-01-31 23:00:00', '2026-01-25 23:00:00');
INSERT INTO bookings (id, booking_ref, user_id, studio_id, date, start_time, end_time, group_type, status, base_price, equipment_price, total_price, equipment, payment_method, payment_status, notes, created_at, updated_at, cancelled_at, cancel_reason) VALUES ('bk-0311', 'H3-20260121-MS0U', 'usr-014', 'le-podium', '2026-01-31', '17:30', '18:30', 'group', 'completed', 36, 0, 36, NULL, 'card', 'paid', '', '2026-01-21 23:00:00', '2026-01-21 23:00:00', NULL, NULL);
INSERT INTO payments (id, booking_id, amount, method, status, refunded_amount, paid_at, created_at) VALUES ('pay-0311', 'bk-0311', 36, 'card', 'paid', 0, '2026-01-21 23:00:00', '2026-01-21 23:00:00');
INSERT INTO bookings (id, booking_ref, user_id, studio_id, date, start_time, end_time, group_type, status, base_price, equipment_price, total_price, equipment, payment_method, payment_status, notes, created_at, updated_at, cancelled_at, cancel_reason) VALUES ('bk-0312', 'H3-20260124-HTVV', 'usr-046', 'le-podium', '2026-01-31', '21:30', '22:30', 'solo', 'completed', 12, 0, 12, NULL, 'card', 'paid', '', '2026-01-24 23:00:00', '2026-01-24 23:00:00', NULL, NULL);
INSERT INTO payments (id, booking_id, amount, method, status, refunded_amount, paid_at, created_at) VALUES ('pay-0312', 'bk-0312', 12, 'card', 'paid', 0, '2026-01-24 23:00:00', '2026-01-24 23:00:00');
INSERT INTO bookings (id, booking_ref, user_id, studio_id, date, start_time, end_time, group_type, status, base_price, equipment_price, total_price, equipment, payment_method, payment_status, notes, created_at, updated_at, cancelled_at, cancel_reason) VALUES ('bk-0313', 'H3-20260122-SNGK', 'usr-003', 'le-podium', '2026-01-31', '14:00', '15:00', 'group', 'completed', 36, 3, 39, '[{"id":"bass","quantity":1}]', 'cash', 'paid', '', '2026-01-22 23:00:00', '2026-01-22 23:00:00', NULL, NULL);
INSERT INTO payments (id, booking_id, amount, method, status, refunded_amount, paid_at, created_at) VALUES ('pay-0313', 'bk-0313', 39, 'cash', 'paid', 0, '2026-01-31 23:00:00', '2026-01-22 23:00:00');
INSERT INTO bookings (id, booking_ref, user_id, studio_id, date, start_time, end_time, group_type, status, base_price, equipment_price, total_price, equipment, payment_method, payment_status, notes, created_at, updated_at, cancelled_at, cancel_reason) VALUES ('bk-0314', 'H3-20260124-97VK', 'usr-039', 'la-scene', '2026-01-31', '09:00', '10:00', 'duo', 'completed', 24, 0, 24, NULL, 'cash', 'paid', '', '2026-01-24 23:00:00', '2026-01-24 23:00:00', NULL, NULL);
INSERT INTO payments (id, booking_id, amount, method, status, refunded_amount, paid_at, created_at) VALUES ('pay-0314', 'bk-0314', 24, 'cash', 'paid', 0, '2026-01-31 23:00:00', '2026-01-24 23:00:00');
INSERT INTO bookings (id, booking_ref, user_id, studio_id, date, start_time, end_time, group_type, status, base_price, equipment_price, total_price, equipment, payment_method, payment_status, notes, created_at, updated_at, cancelled_at, cancel_reason) VALUES ('bk-0315', 'H3-20260120-WGOM', 'usr-038', 'le-podium', '2026-01-31', '22:00', '23:30', 'group', 'completed', 54, 0, 54, NULL, 'cash', 'paid', '', '2026-01-20 23:00:00', '2026-01-20 23:00:00', NULL, NULL);
INSERT INTO payments (id, booking_id, amount, method, status, refunded_amount, paid_at, created_at) VALUES ('pay-0315', 'bk-0315', 54, 'cash', 'paid', 0, '2026-01-31 23:00:00', '2026-01-20 23:00:00');
INSERT INTO bookings (id, booking_ref, user_id, studio_id, date, start_time, end_time, group_type, status, base_price, equipment_price, total_price, equipment, payment_method, payment_status, notes, created_at, updated_at, cancelled_at, cancel_reason) VALUES ('bk-0316', 'H3-20260130-7898', 'usr-023', 'la-scene', '2026-01-31', '21:30', '22:30', 'duo', 'completed', 24, 0, 24, NULL, 'cash', 'paid', '', '2026-01-30 23:00:00', '2026-01-30 23:00:00', NULL, NULL);
INSERT INTO payments (id, booking_id, amount, method, status, refunded_amount, paid_at, created_at) VALUES ('pay-0316', 'bk-0316', 24, 'cash', 'paid', 0, '2026-01-31 23:00:00', '2026-01-30 23:00:00');
INSERT INTO bookings (id, booking_ref, user_id, studio_id, date, start_time, end_time, group_type, status, base_price, equipment_price, total_price, equipment, payment_method, payment_status, notes, created_at, updated_at, cancelled_at, cancel_reason) VALUES ('bk-0317', 'H3-20260119-0SCU', 'usr-010', 'le-podium', '2026-01-31', '19:30', '20:30', 'duo', 'completed', 24, 0, 24, NULL, 'card', 'paid', '', '2026-01-19 23:00:00', '2026-01-19 23:00:00', NULL, NULL);
INSERT INTO payments (id, booking_id, amount, method, status, refunded_amount, paid_at, created_at) VALUES ('pay-0317', 'bk-0317', 24, 'card', 'paid', 0, '2026-01-19 23:00:00', '2026-01-19 23:00:00');
INSERT INTO bookings (id, booking_ref, user_id, studio_id, date, start_time, end_time, group_type, status, base_price, equipment_price, total_price, equipment, payment_method, payment_status, notes, created_at, updated_at, cancelled_at, cancel_reason) VALUES ('bk-0318', 'H3-20260117-EPX2', 'usr-008', 'le-podium', '2026-01-31', '15:30', '16:30', 'duo', 'completed', 24, 0, 24, NULL, 'cash', 'paid', '', '2026-01-17 23:00:00', '2026-01-17 23:00:00', NULL, NULL);
INSERT INTO payments (id, booking_id, amount, method, status, refunded_amount, paid_at, created_at) VALUES ('pay-0318', 'bk-0318', 24, 'cash', 'paid', 0, '2026-01-31 23:00:00', '2026-01-17 23:00:00');
INSERT INTO bookings (id, booking_ref, user_id, studio_id, date, start_time, end_time, group_type, status, base_price, equipment_price, total_price, equipment, payment_method, payment_status, notes, created_at, updated_at, cancelled_at, cancel_reason) VALUES ('bk-0319', 'H3-20260127-XKEA', 'usr-050', 'le-podium', '2026-01-31', '18:30', '19:30', 'solo', 'completed', 12, 0, 12, NULL, 'cash', 'paid', '', '2026-01-27 23:00:00', '2026-01-27 23:00:00', NULL, NULL);
INSERT INTO payments (id, booking_id, amount, method, status, refunded_amount, paid_at, created_at) VALUES ('pay-0319', 'bk-0319', 12, 'cash', 'paid', 0, '2026-01-31 23:00:00', '2026-01-27 23:00:00');
INSERT INTO bookings (id, booking_ref, user_id, studio_id, date, start_time, end_time, group_type, status, base_price, equipment_price, total_price, equipment, payment_method, payment_status, notes, created_at, updated_at, cancelled_at, cancel_reason) VALUES ('bk-0320', 'H3-20260123-XHQY', 'usr-012', 'la-scene', '2026-01-31', '13:00', '14:00', 'solo', 'completed', 12, 0, 12, NULL, 'card', 'paid', '', '2026-01-23 23:00:00', '2026-01-23 23:00:00', NULL, NULL);
INSERT INTO payments (id, booking_id, amount, method, status, refunded_amount, paid_at, created_at) VALUES ('pay-0320', 'bk-0320', 12, 'card', 'paid', 0, '2026-01-23 23:00:00', '2026-01-23 23:00:00');
INSERT INTO bookings (id, booking_ref, user_id, studio_id, date, start_time, end_time, group_type, status, base_price, equipment_price, total_price, equipment, payment_method, payment_status, notes, created_at, updated_at, cancelled_at, cancel_reason) VALUES ('bk-0321', 'H3-20260124-KDFO', 'usr-032', 'le-podium', '2026-01-31', '15:30', '16:30', 'group', 'no-show', 36, 0, 36, NULL, 'card', 'paid', '', '2026-01-24 23:00:00', '2026-01-24 23:00:00', NULL, NULL);
INSERT INTO payments (id, booking_id, amount, method, status, refunded_amount, paid_at, created_at) VALUES ('pay-0321', 'bk-0321', 36, 'card', 'paid', 0, '2026-01-24 23:00:00', '2026-01-24 23:00:00');
INSERT INTO bookings (id, booking_ref, user_id, studio_id, date, start_time, end_time, group_type, status, base_price, equipment_price, total_price, equipment, payment_method, payment_status, notes, created_at, updated_at, cancelled_at, cancel_reason) VALUES ('bk-0322', 'H3-20260119-5M3R', 'usr-001', 'la-scene', '2026-01-31', '15:30', '16:30', 'group', 'completed', 44, 3, 47, '[{"id":"bass","quantity":1}]', 'card', 'paid', '', '2026-01-19 23:00:00', '2026-01-19 23:00:00', NULL, NULL);
INSERT INTO payments (id, booking_id, amount, method, status, refunded_amount, paid_at, created_at) VALUES ('pay-0322', 'bk-0322', 47, 'card', 'paid', 0, '2026-01-19 23:00:00', '2026-01-19 23:00:00');
INSERT INTO bookings (id, booking_ref, user_id, studio_id, date, start_time, end_time, group_type, status, base_price, equipment_price, total_price, equipment, payment_method, payment_status, notes, created_at, updated_at, cancelled_at, cancel_reason) VALUES ('bk-0323', 'H3-20260123-P0ZZ', 'usr-034', 'la-scene', '2026-01-31', '12:30', '13:30', 'duo', 'completed', 24, 6, 30, '[{"id":"mic","quantity":1},{"id":"bass","quantity":2}]', 'card', 'paid', '', '2026-01-23 23:00:00', '2026-01-23 23:00:00', NULL, NULL);
INSERT INTO payments (id, booking_id, amount, method, status, refunded_amount, paid_at, created_at) VALUES ('pay-0323', 'bk-0323', 30, 'card', 'paid', 0, '2026-01-23 23:00:00', '2026-01-23 23:00:00');
INSERT INTO bookings (id, booking_ref, user_id, studio_id, date, start_time, end_time, group_type, status, base_price, equipment_price, total_price, equipment, payment_method, payment_status, notes, created_at, updated_at, cancelled_at, cancel_reason) VALUES ('bk-0324', 'H3-20260122-B4JH', 'usr-016', 'le-podium', '2026-01-31', '10:30', '11:30', 'duo', 'completed', 24, 0, 24, NULL, 'cash', 'paid', '', '2026-01-22 23:00:00', '2026-01-22 23:00:00', NULL, NULL);
INSERT INTO payments (id, booking_id, amount, method, status, refunded_amount, paid_at, created_at) VALUES ('pay-0324', 'bk-0324', 24, 'cash', 'paid', 0, '2026-01-31 23:00:00', '2026-01-22 23:00:00');
INSERT INTO bookings (id, booking_ref, user_id, studio_id, date, start_time, end_time, group_type, status, base_price, equipment_price, total_price, equipment, payment_method, payment_status, notes, created_at, updated_at, cancelled_at, cancel_reason) VALUES ('bk-0325', 'H3-20260126-TWIK', 'usr-031', 'la-scene', '2026-01-31', '17:00', '18:00', 'duo', 'completed', 24, 0, 24, NULL, 'card', 'paid', '', '2026-01-26 23:00:00', '2026-01-26 23:00:00', NULL, NULL);
INSERT INTO payments (id, booking_id, amount, method, status, refunded_amount, paid_at, created_at) VALUES ('pay-0325', 'bk-0325', 24, 'card', 'paid', 0, '2026-01-26 23:00:00', '2026-01-26 23:00:00');
INSERT INTO bookings (id, booking_ref, user_id, studio_id, date, start_time, end_time, group_type, status, base_price, equipment_price, total_price, equipment, payment_method, payment_status, notes, created_at, updated_at, cancelled_at, cancel_reason) VALUES ('bk-0326', 'H3-20260120-8MJ8', 'usr-045', 'la-scene', '2026-02-01', '22:00', '23:30', 'duo', 'completed', 36, 3, 39, '[{"id":"mic","quantity":1}]', 'card', 'paid', '', '2026-01-20 23:00:00', '2026-01-20 23:00:00', NULL, NULL);
INSERT INTO payments (id, booking_id, amount, method, status, refunded_amount, paid_at, created_at) VALUES ('pay-0326', 'bk-0326', 39, 'card', 'paid', 0, '2026-01-20 23:00:00', '2026-01-20 23:00:00');
INSERT INTO bookings (id, booking_ref, user_id, studio_id, date, start_time, end_time, group_type, status, base_price, equipment_price, total_price, equipment, payment_method, payment_status, notes, created_at, updated_at, cancelled_at, cancel_reason) VALUES ('bk-0327', 'H3-20260122-BHF6', 'usr-004', 'le-podium', '2026-02-01', '11:00', '12:00', 'group', 'completed', 30, 0, 30, NULL, 'card', 'paid', '', '2026-01-22 23:00:00', '2026-01-22 23:00:00', NULL, NULL);
INSERT INTO payments (id, booking_id, amount, method, status, refunded_amount, paid_at, created_at) VALUES ('pay-0327', 'bk-0327', 30, 'card', 'paid', 0, '2026-01-22 23:00:00', '2026-01-22 23:00:00');
INSERT INTO bookings (id, booking_ref, user_id, studio_id, date, start_time, end_time, group_type, status, base_price, equipment_price, total_price, equipment, payment_method, payment_status, notes, created_at, updated_at, cancelled_at, cancel_reason) VALUES ('bk-0328', 'H3-20260121-IQMG', 'usr-038', 'la-scene', '2026-02-01', '09:30', '11:00', 'solo', 'cancelled', 18, 0, 18, NULL, 'card', 'paid', '', '2026-01-21 23:00:00', '2026-01-21 23:00:00', '2026-01-23 23:00:00', 'Autre groupe');
INSERT INTO payments (id, booking_id, amount, method, status, refunded_amount, paid_at, created_at) VALUES ('pay-0328', 'bk-0328', 18, 'card', 'paid', 0, '2026-01-21 23:00:00', '2026-01-21 23:00:00');
INSERT INTO bookings (id, booking_ref, user_id, studio_id, date, start_time, end_time, group_type, status, base_price, equipment_price, total_price, equipment, payment_method, payment_status, notes, created_at, updated_at, cancelled_at, cancel_reason) VALUES ('bk-0329', 'H3-20260125-HAYX', 'usr-006', 'la-scene', '2026-02-01', '21:00', '22:00', 'solo', 'completed', 12, 3, 15, '[{"id":"bass","quantity":1}]', 'cash', 'paid', '', '2026-01-25 23:00:00', '2026-01-25 23:00:00', NULL, NULL);
INSERT INTO payments (id, booking_id, amount, method, status, refunded_amount, paid_at, created_at) VALUES ('pay-0329', 'bk-0329', 15, 'cash', 'paid', 0, '2026-02-01 23:00:00', '2026-01-25 23:00:00');
INSERT INTO bookings (id, booking_ref, user_id, studio_id, date, start_time, end_time, group_type, status, base_price, equipment_price, total_price, equipment, payment_method, payment_status, notes, created_at, updated_at, cancelled_at, cancel_reason) VALUES ('bk-0330', 'H3-20260130-HUTT', 'usr-036', 'la-scene', '2026-02-01', '19:30', '21:00', 'solo', 'completed', 18, 0, 18, NULL, 'cash', 'paid', '', '2026-01-30 23:00:00', '2026-01-30 23:00:00', NULL, NULL);
INSERT INTO payments (id, booking_id, amount, method, status, refunded_amount, paid_at, created_at) VALUES ('pay-0330', 'bk-0330', 18, 'cash', 'paid', 0, '2026-02-01 23:00:00', '2026-01-30 23:00:00');
INSERT INTO bookings (id, booking_ref, user_id, studio_id, date, start_time, end_time, group_type, status, base_price, equipment_price, total_price, equipment, payment_method, payment_status, notes, created_at, updated_at, cancelled_at, cancel_reason) VALUES ('bk-0331', 'H3-20260128-VFP1', 'usr-018', 'la-scene', '2026-02-01', '16:00', '17:30', 'solo', 'completed', 18, 3, 21, '[{"id":"cymbal","quantity":1}]', 'cash', 'paid', '', '2026-01-28 23:00:00', '2026-01-28 23:00:00', NULL, NULL);
INSERT INTO payments (id, booking_id, amount, method, status, refunded_amount, paid_at, created_at) VALUES ('pay-0331', 'bk-0331', 21, 'cash', 'paid', 0, '2026-02-01 23:00:00', '2026-01-28 23:00:00');
INSERT INTO bookings (id, booking_ref, user_id, studio_id, date, start_time, end_time, group_type, status, base_price, equipment_price, total_price, equipment, payment_method, payment_status, notes, created_at, updated_at, cancelled_at, cancel_reason) VALUES ('bk-0332', 'H3-20260124-RI38', 'usr-008', 'le-podium', '2026-02-01', '10:30', '12:00', 'solo', 'completed', 18, 0, 18, NULL, 'cash', 'paid', '', '2026-01-24 23:00:00', '2026-01-24 23:00:00', NULL, NULL);
INSERT INTO payments (id, booking_id, amount, method, status, refunded_amount, paid_at, created_at) VALUES ('pay-0332', 'bk-0332', 18, 'cash', 'paid', 0, '2026-02-01 23:00:00', '2026-01-24 23:00:00');
INSERT INTO bookings (id, booking_ref, user_id, studio_id, date, start_time, end_time, group_type, status, base_price, equipment_price, total_price, equipment, payment_method, payment_status, notes, created_at, updated_at, cancelled_at, cancel_reason) VALUES ('bk-0333', 'H3-20260119-KXQV', 'usr-034', 'la-scene', '2026-02-01', '13:30', '14:30', 'group', 'completed', 36, 6, 42, '[{"id":"piano","quantity":2}]', 'card', 'paid', '', '2026-01-19 23:00:00', '2026-01-19 23:00:00', NULL, NULL);
INSERT INTO payments (id, booking_id, amount, method, status, refunded_amount, paid_at, created_at) VALUES ('pay-0333', 'bk-0333', 42, 'card', 'paid', 0, '2026-01-19 23:00:00', '2026-01-19 23:00:00');
INSERT INTO bookings (id, booking_ref, user_id, studio_id, date, start_time, end_time, group_type, status, base_price, equipment_price, total_price, equipment, payment_method, payment_status, notes, created_at, updated_at, cancelled_at, cancel_reason) VALUES ('bk-0334', 'H3-20260121-JSFW', 'usr-003', 'la-scene', '2026-02-01', '09:00', '10:30', 'solo', 'completed', 18, 0, 18, NULL, 'card', 'paid', '', '2026-01-21 23:00:00', '2026-01-21 23:00:00', NULL, NULL);
INSERT INTO payments (id, booking_id, amount, method, status, refunded_amount, paid_at, created_at) VALUES ('pay-0334', 'bk-0334', 18, 'card', 'paid', 0, '2026-01-21 23:00:00', '2026-01-21 23:00:00');
INSERT INTO bookings (id, booking_ref, user_id, studio_id, date, start_time, end_time, group_type, status, base_price, equipment_price, total_price, equipment, payment_method, payment_status, notes, created_at, updated_at, cancelled_at, cancel_reason) VALUES ('bk-0335', 'H3-20260121-A2IT', 'usr-025', 'la-scene', '2026-02-01', '19:00', '20:00', 'group', 'no-show', 44, 9, 53, '[{"id":"cymbal","quantity":1},{"id":"piano","quantity":2}]', 'card', 'paid', '', '2026-01-21 23:00:00', '2026-01-21 23:00:00', NULL, NULL);
INSERT INTO payments (id, booking_id, amount, method, status, refunded_amount, paid_at, created_at) VALUES ('pay-0335', 'bk-0335', 53, 'card', 'paid', 0, '2026-01-21 23:00:00', '2026-01-21 23:00:00');
INSERT INTO bookings (id, booking_ref, user_id, studio_id, date, start_time, end_time, group_type, status, base_price, equipment_price, total_price, equipment, payment_method, payment_status, notes, created_at, updated_at, cancelled_at, cancel_reason) VALUES ('bk-0336', 'H3-20260127-WK3Q', 'usr-015', 'la-scene', '2026-02-01', '17:30', '18:30', 'solo', 'completed', 12, 8, 20, '[{"id":"cymbal","quantity":2},{"id":"mic","quantity":2}]', 'card', 'paid', '', '2026-01-27 23:00:00', '2026-01-27 23:00:00', NULL, NULL);
INSERT INTO payments (id, booking_id, amount, method, status, refunded_amount, paid_at, created_at) VALUES ('pay-0336', 'bk-0336', 20, 'card', 'paid', 0, '2026-01-27 23:00:00', '2026-01-27 23:00:00');
INSERT INTO bookings (id, booking_ref, user_id, studio_id, date, start_time, end_time, group_type, status, base_price, equipment_price, total_price, equipment, payment_method, payment_status, notes, created_at, updated_at, cancelled_at, cancel_reason) VALUES ('bk-0337', 'H3-20260120-WLBO', 'usr-016', 'la-scene', '2026-02-01', '12:30', '14:00', 'duo', 'no-show', 36, 0, 36, NULL, 'cash', 'pending', '', '2026-01-20 23:00:00', '2026-01-20 23:00:00', NULL, NULL);
INSERT INTO payments (id, booking_id, amount, method, status, refunded_amount, paid_at, created_at) VALUES ('pay-0337', 'bk-0337', 36, 'cash', 'pending', 0, NULL, '2026-01-20 23:00:00');
INSERT INTO bookings (id, booking_ref, user_id, studio_id, date, start_time, end_time, group_type, status, base_price, equipment_price, total_price, equipment, payment_method, payment_status, notes, created_at, updated_at, cancelled_at, cancel_reason) VALUES ('bk-0338', 'H3-20260127-3MZO', 'usr-046', 'la-scene', '2026-02-01', '17:30', '18:30', 'group', 'completed', 40, 0, 40, NULL, 'card', 'paid', '', '2026-01-27 23:00:00', '2026-01-27 23:00:00', NULL, NULL);
INSERT INTO payments (id, booking_id, amount, method, status, refunded_amount, paid_at, created_at) VALUES ('pay-0338', 'bk-0338', 40, 'card', 'paid', 0, '2026-01-27 23:00:00', '2026-01-27 23:00:00');
INSERT INTO bookings (id, booking_ref, user_id, studio_id, date, start_time, end_time, group_type, status, base_price, equipment_price, total_price, equipment, payment_method, payment_status, notes, created_at, updated_at, cancelled_at, cancel_reason) VALUES ('bk-0339', 'H3-20260120-OMG3', 'usr-012', 'la-scene', '2026-02-01', '13:00', '14:30', 'duo', 'completed', 36, 0, 36, NULL, 'card', 'paid', '', '2026-01-20 23:00:00', '2026-01-20 23:00:00', NULL, NULL);
INSERT INTO payments (id, booking_id, amount, method, status, refunded_amount, paid_at, created_at) VALUES ('pay-0339', 'bk-0339', 36, 'card', 'paid', 0, '2026-01-20 23:00:00', '2026-01-20 23:00:00');
INSERT INTO bookings (id, booking_ref, user_id, studio_id, date, start_time, end_time, group_type, status, base_price, equipment_price, total_price, equipment, payment_method, payment_status, notes, created_at, updated_at, cancelled_at, cancel_reason) VALUES ('bk-0340', 'H3-20260201-OLI5', 'usr-001', 'le-podium', '2026-02-02', '20:30', '22:00', 'duo', 'completed', 36, 0, 36, NULL, 'card', 'paid', '', '2026-02-01 23:00:00', '2026-02-01 23:00:00', NULL, NULL);
INSERT INTO payments (id, booking_id, amount, method, status, refunded_amount, paid_at, created_at) VALUES ('pay-0340', 'bk-0340', 36, 'card', 'paid', 0, '2026-02-01 23:00:00', '2026-02-01 23:00:00');
INSERT INTO bookings (id, booking_ref, user_id, studio_id, date, start_time, end_time, group_type, status, base_price, equipment_price, total_price, equipment, payment_method, payment_status, notes, created_at, updated_at, cancelled_at, cancel_reason) VALUES ('bk-0341', 'H3-20260130-CIT2', 'usr-050', 'la-scene', '2026-02-02', '16:00', '17:00', 'solo', 'completed', 12, 6, 18, '[{"id":"piano","quantity":1},{"id":"cymbal","quantity":2}]', 'card', 'paid', '', '2026-01-30 23:00:00', '2026-01-30 23:00:00', NULL, NULL);
INSERT INTO payments (id, booking_id, amount, method, status, refunded_amount, paid_at, created_at) VALUES ('pay-0341', 'bk-0341', 18, 'card', 'paid', 0, '2026-01-30 23:00:00', '2026-01-30 23:00:00');
INSERT INTO bookings (id, booking_ref, user_id, studio_id, date, start_time, end_time, group_type, status, base_price, equipment_price, total_price, equipment, payment_method, payment_status, notes, created_at, updated_at, cancelled_at, cancel_reason) VALUES ('bk-0342', 'H3-20260126-VUNK', 'usr-027', 'la-scene', '2026-02-02', '19:00', '20:00', 'group', 'completed', 44, 0, 44, NULL, 'card', 'paid', '', '2026-01-26 23:00:00', '2026-01-26 23:00:00', NULL, NULL);
INSERT INTO payments (id, booking_id, amount, method, status, refunded_amount, paid_at, created_at) VALUES ('pay-0342', 'bk-0342', 44, 'card', 'paid', 0, '2026-01-26 23:00:00', '2026-01-26 23:00:00');
INSERT INTO bookings (id, booking_ref, user_id, studio_id, date, start_time, end_time, group_type, status, base_price, equipment_price, total_price, equipment, payment_method, payment_status, notes, created_at, updated_at, cancelled_at, cancel_reason) VALUES ('bk-0343', 'H3-20260125-IAY9', 'usr-014', 'le-podium', '2026-02-02', '20:30', '22:00', 'duo', 'completed', 36, 0, 36, NULL, 'cash', 'paid', '', '2026-01-25 23:00:00', '2026-01-25 23:00:00', NULL, NULL);
INSERT INTO payments (id, booking_id, amount, method, status, refunded_amount, paid_at, created_at) VALUES ('pay-0343', 'bk-0343', 36, 'cash', 'paid', 0, '2026-02-02 23:00:00', '2026-01-25 23:00:00');
INSERT INTO bookings (id, booking_ref, user_id, studio_id, date, start_time, end_time, group_type, status, base_price, equipment_price, total_price, equipment, payment_method, payment_status, notes, created_at, updated_at, cancelled_at, cancel_reason) VALUES ('bk-0344', 'H3-20260131-YGWD', 'usr-017', 'le-podium', '2026-02-02', '22:00', '23:00', 'duo', 'no-show', 24, 6, 30, '[{"id":"bass","quantity":2},{"id":"cymbal","quantity":2}]', 'card', 'paid', '', '2026-01-31 23:00:00', '2026-01-31 23:00:00', NULL, NULL);
INSERT INTO payments (id, booking_id, amount, method, status, refunded_amount, paid_at, created_at) VALUES ('pay-0344', 'bk-0344', 30, 'card', 'paid', 0, '2026-01-31 23:00:00', '2026-01-31 23:00:00');
INSERT INTO bookings (id, booking_ref, user_id, studio_id, date, start_time, end_time, group_type, status, base_price, equipment_price, total_price, equipment, payment_method, payment_status, notes, created_at, updated_at, cancelled_at, cancel_reason) VALUES ('bk-0345', 'H3-20260201-HHI7', 'usr-008', 'le-podium', '2026-02-02', '15:30', '16:30', 'solo', 'completed', 12, 0, 12, NULL, 'card', 'paid', '', '2026-02-01 23:00:00', '2026-02-01 23:00:00', NULL, NULL);
INSERT INTO payments (id, booking_id, amount, method, status, refunded_amount, paid_at, created_at) VALUES ('pay-0345', 'bk-0345', 12, 'card', 'paid', 0, '2026-02-01 23:00:00', '2026-02-01 23:00:00');
INSERT INTO bookings (id, booking_ref, user_id, studio_id, date, start_time, end_time, group_type, status, base_price, equipment_price, total_price, equipment, payment_method, payment_status, notes, created_at, updated_at, cancelled_at, cancel_reason) VALUES ('bk-0346', 'H3-20260119-MHJR', 'usr-035', 'la-scene', '2026-02-02', '16:00', '17:00', 'solo', 'completed', 12, 0, 12, NULL, 'card', 'paid', '', '2026-01-19 23:00:00', '2026-01-19 23:00:00', NULL, NULL);
INSERT INTO payments (id, booking_id, amount, method, status, refunded_amount, paid_at, created_at) VALUES ('pay-0346', 'bk-0346', 12, 'card', 'paid', 0, '2026-01-19 23:00:00', '2026-01-19 23:00:00');
INSERT INTO bookings (id, booking_ref, user_id, studio_id, date, start_time, end_time, group_type, status, base_price, equipment_price, total_price, equipment, payment_method, payment_status, notes, created_at, updated_at, cancelled_at, cancel_reason) VALUES ('bk-0347', 'H3-20260121-9Q2Q', 'usr-032', 'la-scene', '2026-02-02', '12:30', '13:30', 'solo', 'completed', 12, 0, 12, NULL, 'card', 'paid', '', '2026-01-21 23:00:00', '2026-01-21 23:00:00', NULL, NULL);
INSERT INTO payments (id, booking_id, amount, method, status, refunded_amount, paid_at, created_at) VALUES ('pay-0347', 'bk-0347', 12, 'card', 'paid', 0, '2026-01-21 23:00:00', '2026-01-21 23:00:00');
INSERT INTO bookings (id, booking_ref, user_id, studio_id, date, start_time, end_time, group_type, status, base_price, equipment_price, total_price, equipment, payment_method, payment_status, notes, created_at, updated_at, cancelled_at, cancel_reason) VALUES ('bk-0348', 'H3-20260120-FHPJ', 'usr-020', 'le-podium', '2026-02-02', '12:30', '13:30', 'duo', 'completed', 24, 0, 24, NULL, 'card', 'paid', '', '2026-01-20 23:00:00', '2026-01-20 23:00:00', NULL, NULL);
INSERT INTO payments (id, booking_id, amount, method, status, refunded_amount, paid_at, created_at) VALUES ('pay-0348', 'bk-0348', 24, 'card', 'paid', 0, '2026-01-20 23:00:00', '2026-01-20 23:00:00');
INSERT INTO bookings (id, booking_ref, user_id, studio_id, date, start_time, end_time, group_type, status, base_price, equipment_price, total_price, equipment, payment_method, payment_status, notes, created_at, updated_at, cancelled_at, cancel_reason) VALUES ('bk-0349', 'H3-20260124-UZM6', 'usr-046', 'la-scene', '2026-02-02', '20:00', '21:00', 'duo', 'completed', 24, 0, 24, NULL, 'card', 'paid', '', '2026-01-24 23:00:00', '2026-01-24 23:00:00', NULL, NULL);
INSERT INTO payments (id, booking_id, amount, method, status, refunded_amount, paid_at, created_at) VALUES ('pay-0349', 'bk-0349', 24, 'card', 'paid', 0, '2026-01-24 23:00:00', '2026-01-24 23:00:00');
INSERT INTO bookings (id, booking_ref, user_id, studio_id, date, start_time, end_time, group_type, status, base_price, equipment_price, total_price, equipment, payment_method, payment_status, notes, created_at, updated_at, cancelled_at, cancel_reason) VALUES ('bk-0350', 'H3-20260121-3SFP', 'usr-048', 'la-scene', '2026-02-02', '11:30', '12:30', 'solo', 'completed', 12, 0, 12, NULL, 'card', 'paid', '', '2026-01-21 23:00:00', '2026-01-21 23:00:00', NULL, NULL);
INSERT INTO payments (id, booking_id, amount, method, status, refunded_amount, paid_at, created_at) VALUES ('pay-0350', 'bk-0350', 12, 'card', 'paid', 0, '2026-01-21 23:00:00', '2026-01-21 23:00:00');
INSERT INTO bookings (id, booking_ref, user_id, studio_id, date, start_time, end_time, group_type, status, base_price, equipment_price, total_price, equipment, payment_method, payment_status, notes, created_at, updated_at, cancelled_at, cancel_reason) VALUES ('bk-0351', 'H3-20260128-4J1D', 'usr-032', 'le-podium', '2026-02-02', '16:00', '17:30', 'duo', 'cancelled', 36, 0, 36, NULL, 'card', 'paid', '', '2026-01-28 23:00:00', '2026-01-28 23:00:00', '2026-01-29 23:00:00', 'Maladie');
INSERT INTO payments (id, booking_id, amount, method, status, refunded_amount, paid_at, created_at) VALUES ('pay-0351', 'bk-0351', 36, 'card', 'paid', 0, '2026-01-28 23:00:00', '2026-01-28 23:00:00');
INSERT INTO bookings (id, booking_ref, user_id, studio_id, date, start_time, end_time, group_type, status, base_price, equipment_price, total_price, equipment, payment_method, payment_status, notes, created_at, updated_at, cancelled_at, cancel_reason) VALUES ('bk-0352', 'H3-20260126-MI7M', 'usr-023', 'la-scene', '2026-02-02', '21:30', '22:30', 'duo', 'completed', 24, 0, 24, NULL, 'card', 'paid', '', '2026-01-26 23:00:00', '2026-01-26 23:00:00', NULL, NULL);
INSERT INTO payments (id, booking_id, amount, method, status, refunded_amount, paid_at, created_at) VALUES ('pay-0352', 'bk-0352', 24, 'card', 'paid', 0, '2026-01-26 23:00:00', '2026-01-26 23:00:00');
INSERT INTO bookings (id, booking_ref, user_id, studio_id, date, start_time, end_time, group_type, status, base_price, equipment_price, total_price, equipment, payment_method, payment_status, notes, created_at, updated_at, cancelled_at, cancel_reason) VALUES ('bk-0353', 'H3-20260120-N92R', 'usr-013', 'la-scene', '2026-02-02', '21:30', '23:00', 'group', 'completed', 66, 0, 66, NULL, 'cash', 'paid', '', '2026-01-20 23:00:00', '2026-01-20 23:00:00', NULL, NULL);
INSERT INTO payments (id, booking_id, amount, method, status, refunded_amount, paid_at, created_at) VALUES ('pay-0353', 'bk-0353', 66, 'cash', 'paid', 0, '2026-02-02 23:00:00', '2026-01-20 23:00:00');
INSERT INTO bookings (id, booking_ref, user_id, studio_id, date, start_time, end_time, group_type, status, base_price, equipment_price, total_price, equipment, payment_method, payment_status, notes, created_at, updated_at, cancelled_at, cancel_reason) VALUES ('bk-0354', 'H3-20260201-5OMD', 'usr-034', 'le-podium', '2026-02-02', '20:00', '21:00', 'duo', 'completed', 24, 0, 24, NULL, 'card', 'paid', '', '2026-02-01 23:00:00', '2026-02-01 23:00:00', NULL, NULL);
INSERT INTO payments (id, booking_id, amount, method, status, refunded_amount, paid_at, created_at) VALUES ('pay-0354', 'bk-0354', 24, 'card', 'paid', 0, '2026-02-01 23:00:00', '2026-02-01 23:00:00');
INSERT INTO bookings (id, booking_ref, user_id, studio_id, date, start_time, end_time, group_type, status, base_price, equipment_price, total_price, equipment, payment_method, payment_status, notes, created_at, updated_at, cancelled_at, cancel_reason) VALUES ('bk-0355', 'H3-20260121-L6QT', 'usr-013', 'la-scene', '2026-02-02', '12:30', '13:30', 'solo', 'completed', 12, 11, 23, '[{"id":"piano","quantity":2},{"id":"mic","quantity":2}]', 'cash', 'paid', '', '2026-01-21 23:00:00', '2026-01-21 23:00:00', NULL, NULL);
INSERT INTO payments (id, booking_id, amount, method, status, refunded_amount, paid_at, created_at) VALUES ('pay-0355', 'bk-0355', 23, 'cash', 'paid', 0, '2026-02-02 23:00:00', '2026-01-21 23:00:00');
INSERT INTO bookings (id, booking_ref, user_id, studio_id, date, start_time, end_time, group_type, status, base_price, equipment_price, total_price, equipment, payment_method, payment_status, notes, created_at, updated_at, cancelled_at, cancel_reason) VALUES ('bk-0356', 'H3-20260122-UY9Q', 'usr-048', 'la-scene', '2026-02-02', '18:00', '19:00', 'group', 'completed', 44, 6, 50, '[{"id":"mic","quantity":1},{"id":"bass","quantity":1}]', 'cash', 'paid', '', '2026-01-22 23:00:00', '2026-01-22 23:00:00', NULL, NULL);
INSERT INTO payments (id, booking_id, amount, method, status, refunded_amount, paid_at, created_at) VALUES ('pay-0356', 'bk-0356', 50, 'cash', 'paid', 0, '2026-02-02 23:00:00', '2026-01-22 23:00:00');
INSERT INTO bookings (id, booking_ref, user_id, studio_id, date, start_time, end_time, group_type, status, base_price, equipment_price, total_price, equipment, payment_method, payment_status, notes, created_at, updated_at, cancelled_at, cancel_reason) VALUES ('bk-0357', 'H3-20260122-RJ0X', 'usr-016', 'le-podium', '2026-02-02', '11:30', '13:00', 'solo', 'completed', 18, 0, 18, NULL, 'card', 'paid', '', '2026-01-22 23:00:00', '2026-01-22 23:00:00', NULL, NULL);
INSERT INTO payments (id, booking_id, amount, method, status, refunded_amount, paid_at, created_at) VALUES ('pay-0357', 'bk-0357', 18, 'card', 'paid', 0, '2026-01-22 23:00:00', '2026-01-22 23:00:00');
INSERT INTO bookings (id, booking_ref, user_id, studio_id, date, start_time, end_time, group_type, status, base_price, equipment_price, total_price, equipment, payment_method, payment_status, notes, created_at, updated_at, cancelled_at, cancel_reason) VALUES ('bk-0358', 'H3-20260127-TASY', 'usr-004', 'la-scene', '2026-02-03', '09:00', '10:00', 'duo', 'no-show', 24, 9, 33, '[{"id":"bass","quantity":1},{"id":"piano","quantity":2}]', 'cash', 'pending', '', '2026-01-27 23:00:00', '2026-01-27 23:00:00', NULL, NULL);
INSERT INTO payments (id, booking_id, amount, method, status, refunded_amount, paid_at, created_at) VALUES ('pay-0358', 'bk-0358', 33, 'cash', 'pending', 0, NULL, '2026-01-27 23:00:00');
INSERT INTO bookings (id, booking_ref, user_id, studio_id, date, start_time, end_time, group_type, status, base_price, equipment_price, total_price, equipment, payment_method, payment_status, notes, created_at, updated_at, cancelled_at, cancel_reason) VALUES ('bk-0359', 'H3-20260125-QZ05', 'usr-023', 'la-scene', '2026-02-03', '15:30', '16:30', 'solo', 'completed', 12, 0, 12, NULL, 'card', 'paid', '', '2026-01-25 23:00:00', '2026-01-25 23:00:00', NULL, NULL);
INSERT INTO payments (id, booking_id, amount, method, status, refunded_amount, paid_at, created_at) VALUES ('pay-0359', 'bk-0359', 12, 'card', 'paid', 0, '2026-01-25 23:00:00', '2026-01-25 23:00:00');
INSERT INTO bookings (id, booking_ref, user_id, studio_id, date, start_time, end_time, group_type, status, base_price, equipment_price, total_price, equipment, payment_method, payment_status, notes, created_at, updated_at, cancelled_at, cancel_reason) VALUES ('bk-0360', 'H3-20260123-66LG', 'usr-005', 'le-podium', '2026-02-03', '15:00', '16:00', 'solo', 'completed', 12, 0, 12, NULL, 'card', 'paid', '', '2026-01-23 23:00:00', '2026-01-23 23:00:00', NULL, NULL);
INSERT INTO payments (id, booking_id, amount, method, status, refunded_amount, paid_at, created_at) VALUES ('pay-0360', 'bk-0360', 12, 'card', 'paid', 0, '2026-01-23 23:00:00', '2026-01-23 23:00:00');
INSERT INTO bookings (id, booking_ref, user_id, studio_id, date, start_time, end_time, group_type, status, base_price, equipment_price, total_price, equipment, payment_method, payment_status, notes, created_at, updated_at, cancelled_at, cancel_reason) VALUES ('bk-0361', 'H3-20260121-WAI2', 'usr-021', 'le-podium', '2026-02-03', '22:00', '23:00', 'group', 'no-show', 36, 0, 36, NULL, 'card', 'paid', '', '2026-01-21 23:00:00', '2026-01-21 23:00:00', NULL, NULL);
INSERT INTO payments (id, booking_id, amount, method, status, refunded_amount, paid_at, created_at) VALUES ('pay-0361', 'bk-0361', 36, 'card', 'paid', 0, '2026-01-21 23:00:00', '2026-01-21 23:00:00');
INSERT INTO bookings (id, booking_ref, user_id, studio_id, date, start_time, end_time, group_type, status, base_price, equipment_price, total_price, equipment, payment_method, payment_status, notes, created_at, updated_at, cancelled_at, cancel_reason) VALUES ('bk-0362', 'H3-20260124-7NJG', 'usr-020', 'la-scene', '2026-02-03', '21:00', '22:00', 'solo', 'completed', 12, 3, 15, '[{"id":"piano","quantity":1}]', 'cash', 'paid', '', '2026-01-24 23:00:00', '2026-01-24 23:00:00', NULL, NULL);
INSERT INTO payments (id, booking_id, amount, method, status, refunded_amount, paid_at, created_at) VALUES ('pay-0362', 'bk-0362', 15, 'cash', 'paid', 0, '2026-02-03 23:00:00', '2026-01-24 23:00:00');
INSERT INTO bookings (id, booking_ref, user_id, studio_id, date, start_time, end_time, group_type, status, base_price, equipment_price, total_price, equipment, payment_method, payment_status, notes, created_at, updated_at, cancelled_at, cancel_reason) VALUES ('bk-0363', 'H3-20260202-6N16', 'usr-002', 'le-podium', '2026-02-03', '14:00', '15:30', 'group', 'completed', 45, 0, 45, NULL, 'cash', 'paid', '', '2026-02-02 23:00:00', '2026-02-02 23:00:00', NULL, NULL);
INSERT INTO payments (id, booking_id, amount, method, status, refunded_amount, paid_at, created_at) VALUES ('pay-0363', 'bk-0363', 45, 'cash', 'paid', 0, '2026-02-03 23:00:00', '2026-02-02 23:00:00');
INSERT INTO bookings (id, booking_ref, user_id, studio_id, date, start_time, end_time, group_type, status, base_price, equipment_price, total_price, equipment, payment_method, payment_status, notes, created_at, updated_at, cancelled_at, cancel_reason) VALUES ('bk-0364', 'H3-20260121-2JG5', 'usr-016', 'la-scene', '2026-02-03', '11:00', '12:30', 'solo', 'completed', 18, 0, 18, NULL, 'card', 'paid', '', '2026-01-21 23:00:00', '2026-01-21 23:00:00', NULL, NULL);
INSERT INTO payments (id, booking_id, amount, method, status, refunded_amount, paid_at, created_at) VALUES ('pay-0364', 'bk-0364', 18, 'card', 'paid', 0, '2026-01-21 23:00:00', '2026-01-21 23:00:00');
INSERT INTO bookings (id, booking_ref, user_id, studio_id, date, start_time, end_time, group_type, status, base_price, equipment_price, total_price, equipment, payment_method, payment_status, notes, created_at, updated_at, cancelled_at, cancel_reason) VALUES ('bk-0365', 'H3-20260126-NE79', 'usr-024', 'la-scene', '2026-02-03', '11:30', '12:30', 'duo', 'completed', 24, 12, 36, '[{"id":"guitar","quantity":2},{"id":"piano","quantity":2}]', 'cash', 'paid', '', '2026-01-26 23:00:00', '2026-01-26 23:00:00', NULL, NULL);
INSERT INTO payments (id, booking_id, amount, method, status, refunded_amount, paid_at, created_at) VALUES ('pay-0365', 'bk-0365', 36, 'cash', 'paid', 0, '2026-02-03 23:00:00', '2026-01-26 23:00:00');
INSERT INTO bookings (id, booking_ref, user_id, studio_id, date, start_time, end_time, group_type, status, base_price, equipment_price, total_price, equipment, payment_method, payment_status, notes, created_at, updated_at, cancelled_at, cancel_reason) VALUES ('bk-0366', 'H3-20260122-JCD5', 'usr-044', 'le-podium', '2026-02-03', '12:00', '13:00', 'solo', 'no-show', 12, 0, 12, NULL, 'cash', 'pending', '', '2026-01-22 23:00:00', '2026-01-22 23:00:00', NULL, NULL);
INSERT INTO payments (id, booking_id, amount, method, status, refunded_amount, paid_at, created_at) VALUES ('pay-0366', 'bk-0366', 12, 'cash', 'pending', 0, NULL, '2026-01-22 23:00:00');
INSERT INTO bookings (id, booking_ref, user_id, studio_id, date, start_time, end_time, group_type, status, base_price, equipment_price, total_price, equipment, payment_method, payment_status, notes, created_at, updated_at, cancelled_at, cancel_reason) VALUES ('bk-0367', 'H3-20260127-68JA', 'usr-011', 'le-podium', '2026-02-03', '14:00', '15:00', 'solo', 'completed', 12, 0, 12, NULL, 'cash', 'paid', '', '2026-01-27 23:00:00', '2026-01-27 23:00:00', NULL, NULL);
INSERT INTO payments (id, booking_id, amount, method, status, refunded_amount, paid_at, created_at) VALUES ('pay-0367', 'bk-0367', 12, 'cash', 'paid', 0, '2026-02-03 23:00:00', '2026-01-27 23:00:00');
INSERT INTO bookings (id, booking_ref, user_id, studio_id, date, start_time, end_time, group_type, status, base_price, equipment_price, total_price, equipment, payment_method, payment_status, notes, created_at, updated_at, cancelled_at, cancel_reason) VALUES ('bk-0368', 'H3-20260131-P9RJ', 'usr-024', 'le-podium', '2026-02-03', '14:30', '16:00', 'duo', 'no-show', 36, 0, 36, NULL, 'card', 'paid', '', '2026-01-31 23:00:00', '2026-01-31 23:00:00', NULL, NULL);
INSERT INTO payments (id, booking_id, amount, method, status, refunded_amount, paid_at, created_at) VALUES ('pay-0368', 'bk-0368', 36, 'card', 'paid', 0, '2026-01-31 23:00:00', '2026-01-31 23:00:00');
INSERT INTO bookings (id, booking_ref, user_id, studio_id, date, start_time, end_time, group_type, status, base_price, equipment_price, total_price, equipment, payment_method, payment_status, notes, created_at, updated_at, cancelled_at, cancel_reason) VALUES ('bk-0369', 'H3-20260122-Y683', 'usr-006', 'le-podium', '2026-02-03', '10:00', '11:30', 'group', 'completed', 45, 0, 45, NULL, 'card', 'paid', '', '2026-01-22 23:00:00', '2026-01-22 23:00:00', NULL, NULL);
INSERT INTO payments (id, booking_id, amount, method, status, refunded_amount, paid_at, created_at) VALUES ('pay-0369', 'bk-0369', 45, 'card', 'paid', 0, '2026-01-22 23:00:00', '2026-01-22 23:00:00');
INSERT INTO bookings (id, booking_ref, user_id, studio_id, date, start_time, end_time, group_type, status, base_price, equipment_price, total_price, equipment, payment_method, payment_status, notes, created_at, updated_at, cancelled_at, cancel_reason) VALUES ('bk-0370', 'H3-20260122-DN9W', 'usr-039', 'le-podium', '2026-02-03', '20:30', '21:30', 'group', 'completed', 36, 0, 36, NULL, 'cash', 'paid', '', '2026-01-22 23:00:00', '2026-01-22 23:00:00', NULL, NULL);
INSERT INTO payments (id, booking_id, amount, method, status, refunded_amount, paid_at, created_at) VALUES ('pay-0370', 'bk-0370', 36, 'cash', 'paid', 0, '2026-02-03 23:00:00', '2026-01-22 23:00:00');
INSERT INTO bookings (id, booking_ref, user_id, studio_id, date, start_time, end_time, group_type, status, base_price, equipment_price, total_price, equipment, payment_method, payment_status, notes, created_at, updated_at, cancelled_at, cancel_reason) VALUES ('bk-0371', 'H3-20260125-HAG2', 'usr-014', 'la-scene', '2026-02-04', '18:30', '19:30', 'solo', 'completed', 12, 0, 12, NULL, 'cash', 'paid', '', '2026-01-25 23:00:00', '2026-01-25 23:00:00', NULL, NULL);
INSERT INTO payments (id, booking_id, amount, method, status, refunded_amount, paid_at, created_at) VALUES ('pay-0371', 'bk-0371', 12, 'cash', 'paid', 0, '2026-02-04 23:00:00', '2026-01-25 23:00:00');
INSERT INTO bookings (id, booking_ref, user_id, studio_id, date, start_time, end_time, group_type, status, base_price, equipment_price, total_price, equipment, payment_method, payment_status, notes, created_at, updated_at, cancelled_at, cancel_reason) VALUES ('bk-0372', 'H3-20260129-3W1L', 'usr-022', 'la-scene', '2026-02-04', '22:30', '23:30', 'duo', 'completed', 24, 0, 24, NULL, 'cash', 'paid', '', '2026-01-29 23:00:00', '2026-01-29 23:00:00', NULL, NULL);
INSERT INTO payments (id, booking_id, amount, method, status, refunded_amount, paid_at, created_at) VALUES ('pay-0372', 'bk-0372', 24, 'cash', 'paid', 0, '2026-02-04 23:00:00', '2026-01-29 23:00:00');
INSERT INTO bookings (id, booking_ref, user_id, studio_id, date, start_time, end_time, group_type, status, base_price, equipment_price, total_price, equipment, payment_method, payment_status, notes, created_at, updated_at, cancelled_at, cancel_reason) VALUES ('bk-0373', 'H3-20260129-WH17', 'usr-041', 'la-scene', '2026-02-04', '21:00', '22:30', 'solo', 'completed', 18, 3, 21, '[{"id":"cymbal","quantity":2}]', 'cash', 'paid', '', '2026-01-29 23:00:00', '2026-01-29 23:00:00', NULL, NULL);
INSERT INTO payments (id, booking_id, amount, method, status, refunded_amount, paid_at, created_at) VALUES ('pay-0373', 'bk-0373', 21, 'cash', 'paid', 0, '2026-02-04 23:00:00', '2026-01-29 23:00:00');
INSERT INTO bookings (id, booking_ref, user_id, studio_id, date, start_time, end_time, group_type, status, base_price, equipment_price, total_price, equipment, payment_method, payment_status, notes, created_at, updated_at, cancelled_at, cancel_reason) VALUES ('bk-0374', 'H3-20260129-R47W', 'usr-020', 'la-scene', '2026-02-04', '16:00', '17:00', 'solo', 'completed', 12, 0, 12, NULL, 'card', 'paid', '', '2026-01-29 23:00:00', '2026-01-29 23:00:00', NULL, NULL);
INSERT INTO payments (id, booking_id, amount, method, status, refunded_amount, paid_at, created_at) VALUES ('pay-0374', 'bk-0374', 12, 'card', 'paid', 0, '2026-01-29 23:00:00', '2026-01-29 23:00:00');
INSERT INTO bookings (id, booking_ref, user_id, studio_id, date, start_time, end_time, group_type, status, base_price, equipment_price, total_price, equipment, payment_method, payment_status, notes, created_at, updated_at, cancelled_at, cancel_reason) VALUES ('bk-0375', 'H3-20260201-O8BH', 'usr-045', 'le-podium', '2026-02-04', '11:00', '12:30', 'duo', 'completed', 36, 0, 36, NULL, 'cash', 'paid', '', '2026-02-01 23:00:00', '2026-02-01 23:00:00', NULL, NULL);
INSERT INTO payments (id, booking_id, amount, method, status, refunded_amount, paid_at, created_at) VALUES ('pay-0375', 'bk-0375', 36, 'cash', 'paid', 0, '2026-02-04 23:00:00', '2026-02-01 23:00:00');
INSERT INTO bookings (id, booking_ref, user_id, studio_id, date, start_time, end_time, group_type, status, base_price, equipment_price, total_price, equipment, payment_method, payment_status, notes, created_at, updated_at, cancelled_at, cancel_reason) VALUES ('bk-0376', 'H3-20260203-IE5C', 'usr-021', 'le-podium', '2026-02-04', '12:00', '13:30', 'group', 'completed', 45, 0, 45, NULL, 'card', 'paid', '', '2026-02-03 23:00:00', '2026-02-03 23:00:00', NULL, NULL);
INSERT INTO payments (id, booking_id, amount, method, status, refunded_amount, paid_at, created_at) VALUES ('pay-0376', 'bk-0376', 45, 'card', 'paid', 0, '2026-02-03 23:00:00', '2026-02-03 23:00:00');
INSERT INTO bookings (id, booking_ref, user_id, studio_id, date, start_time, end_time, group_type, status, base_price, equipment_price, total_price, equipment, payment_method, payment_status, notes, created_at, updated_at, cancelled_at, cancel_reason) VALUES ('bk-0377', 'H3-20260201-K58X', 'usr-019', 'le-podium', '2026-02-04', '10:00', '11:00', 'duo', 'completed', 24, 0, 24, NULL, 'cash', 'paid', '', '2026-02-01 23:00:00', '2026-02-01 23:00:00', NULL, NULL);
INSERT INTO payments (id, booking_id, amount, method, status, refunded_amount, paid_at, created_at) VALUES ('pay-0377', 'bk-0377', 24, 'cash', 'paid', 0, '2026-02-04 23:00:00', '2026-02-01 23:00:00');
INSERT INTO bookings (id, booking_ref, user_id, studio_id, date, start_time, end_time, group_type, status, base_price, equipment_price, total_price, equipment, payment_method, payment_status, notes, created_at, updated_at, cancelled_at, cancel_reason) VALUES ('bk-0378', 'H3-20260127-ILAR', 'usr-039', 'la-scene', '2026-02-04', '09:00', '10:00', 'group', 'completed', 36, 0, 36, NULL, 'card', 'paid', '', '2026-01-27 23:00:00', '2026-01-27 23:00:00', NULL, NULL);
INSERT INTO payments (id, booking_id, amount, method, status, refunded_amount, paid_at, created_at) VALUES ('pay-0378', 'bk-0378', 36, 'card', 'paid', 0, '2026-01-27 23:00:00', '2026-01-27 23:00:00');
INSERT INTO bookings (id, booking_ref, user_id, studio_id, date, start_time, end_time, group_type, status, base_price, equipment_price, total_price, equipment, payment_method, payment_status, notes, created_at, updated_at, cancelled_at, cancel_reason) VALUES ('bk-0379', 'H3-20260203-XKRP', 'usr-039', 'la-scene', '2026-02-04', '15:30', '16:30', 'solo', 'completed', 12, 6, 18, '[{"id":"guitar","quantity":2}]', 'card', 'paid', '', '2026-02-03 23:00:00', '2026-02-03 23:00:00', NULL, NULL);
INSERT INTO payments (id, booking_id, amount, method, status, refunded_amount, paid_at, created_at) VALUES ('pay-0379', 'bk-0379', 18, 'card', 'paid', 0, '2026-02-03 23:00:00', '2026-02-03 23:00:00');
INSERT INTO bookings (id, booking_ref, user_id, studio_id, date, start_time, end_time, group_type, status, base_price, equipment_price, total_price, equipment, payment_method, payment_status, notes, created_at, updated_at, cancelled_at, cancel_reason) VALUES ('bk-0380', 'H3-20260202-OISO', 'usr-028', 'le-podium', '2026-02-04', '12:30', '13:30', 'duo', 'completed', 24, 0, 24, NULL, 'card', 'paid', '', '2026-02-02 23:00:00', '2026-02-02 23:00:00', NULL, NULL);
INSERT INTO payments (id, booking_id, amount, method, status, refunded_amount, paid_at, created_at) VALUES ('pay-0380', 'bk-0380', 24, 'card', 'paid', 0, '2026-02-02 23:00:00', '2026-02-02 23:00:00');
INSERT INTO bookings (id, booking_ref, user_id, studio_id, date, start_time, end_time, group_type, status, base_price, equipment_price, total_price, equipment, payment_method, payment_status, notes, created_at, updated_at, cancelled_at, cancel_reason) VALUES ('bk-0381', 'H3-20260202-DZ53', 'usr-019', 'le-podium', '2026-02-04', '10:00', '11:30', 'duo', 'completed', 36, 0, 36, NULL, 'cash', 'paid', '', '2026-02-02 23:00:00', '2026-02-02 23:00:00', NULL, NULL);
INSERT INTO payments (id, booking_id, amount, method, status, refunded_amount, paid_at, created_at) VALUES ('pay-0381', 'bk-0381', 36, 'cash', 'paid', 0, '2026-02-04 23:00:00', '2026-02-02 23:00:00');
INSERT INTO bookings (id, booking_ref, user_id, studio_id, date, start_time, end_time, group_type, status, base_price, equipment_price, total_price, equipment, payment_method, payment_status, notes, created_at, updated_at, cancelled_at, cancel_reason) VALUES ('bk-0382', 'H3-20260122-P360', 'usr-040', 'le-podium', '2026-02-04', '09:00', '10:00', 'duo', 'completed', 24, 9, 33, '[{"id":"bass","quantity":1},{"id":"piano","quantity":2}]', 'cash', 'paid', '', '2026-01-22 23:00:00', '2026-01-22 23:00:00', NULL, NULL);
INSERT INTO payments (id, booking_id, amount, method, status, refunded_amount, paid_at, created_at) VALUES ('pay-0382', 'bk-0382', 33, 'cash', 'paid', 0, '2026-02-04 23:00:00', '2026-01-22 23:00:00');
INSERT INTO bookings (id, booking_ref, user_id, studio_id, date, start_time, end_time, group_type, status, base_price, equipment_price, total_price, equipment, payment_method, payment_status, notes, created_at, updated_at, cancelled_at, cancel_reason) VALUES ('bk-0383', 'H3-20260128-T6JQ', 'usr-010', 'le-podium', '2026-02-04', '22:00', '23:30', 'group', 'completed', 54, 0, 54, NULL, 'cash', 'paid', '', '2026-01-28 23:00:00', '2026-01-28 23:00:00', NULL, NULL);
INSERT INTO payments (id, booking_id, amount, method, status, refunded_amount, paid_at, created_at) VALUES ('pay-0383', 'bk-0383', 54, 'cash', 'paid', 0, '2026-02-04 23:00:00', '2026-01-28 23:00:00');
INSERT INTO bookings (id, booking_ref, user_id, studio_id, date, start_time, end_time, group_type, status, base_price, equipment_price, total_price, equipment, payment_method, payment_status, notes, created_at, updated_at, cancelled_at, cancel_reason) VALUES ('bk-0384', 'H3-20260124-LGLG', 'usr-001', 'le-podium', '2026-02-04', '17:00', '18:30', 'solo', 'completed', 18, 0, 18, NULL, 'card', 'paid', '', '2026-01-24 23:00:00', '2026-01-24 23:00:00', NULL, NULL);
INSERT INTO payments (id, booking_id, amount, method, status, refunded_amount, paid_at, created_at) VALUES ('pay-0384', 'bk-0384', 18, 'card', 'paid', 0, '2026-01-24 23:00:00', '2026-01-24 23:00:00');
INSERT INTO bookings (id, booking_ref, user_id, studio_id, date, start_time, end_time, group_type, status, base_price, equipment_price, total_price, equipment, payment_method, payment_status, notes, created_at, updated_at, cancelled_at, cancel_reason) VALUES ('bk-0385', 'H3-20260122-RH8W', 'usr-010', 'la-scene', '2026-02-04', '11:00', '12:00', 'group', 'completed', 36, 0, 36, NULL, 'card', 'paid', '', '2026-01-22 23:00:00', '2026-01-22 23:00:00', NULL, NULL);
INSERT INTO payments (id, booking_id, amount, method, status, refunded_amount, paid_at, created_at) VALUES ('pay-0385', 'bk-0385', 36, 'card', 'paid', 0, '2026-01-22 23:00:00', '2026-01-22 23:00:00');
INSERT INTO bookings (id, booking_ref, user_id, studio_id, date, start_time, end_time, group_type, status, base_price, equipment_price, total_price, equipment, payment_method, payment_status, notes, created_at, updated_at, cancelled_at, cancel_reason) VALUES ('bk-0386', 'H3-20260125-OB6G', 'usr-013', 'la-scene', '2026-02-04', '18:00', '19:30', 'group', 'completed', 66, 0, 66, NULL, 'card', 'paid', '', '2026-01-25 23:00:00', '2026-01-25 23:00:00', NULL, NULL);
INSERT INTO payments (id, booking_id, amount, method, status, refunded_amount, paid_at, created_at) VALUES ('pay-0386', 'bk-0386', 66, 'card', 'paid', 0, '2026-01-25 23:00:00', '2026-01-25 23:00:00');
INSERT INTO bookings (id, booking_ref, user_id, studio_id, date, start_time, end_time, group_type, status, base_price, equipment_price, total_price, equipment, payment_method, payment_status, notes, created_at, updated_at, cancelled_at, cancel_reason) VALUES ('bk-0387', 'H3-20260203-TRMT', 'usr-035', 'le-podium', '2026-02-04', '21:00', '22:00', 'duo', 'completed', 24, 0, 24, NULL, 'cash', 'paid', '', '2026-02-03 23:00:00', '2026-02-03 23:00:00', NULL, NULL);
INSERT INTO payments (id, booking_id, amount, method, status, refunded_amount, paid_at, created_at) VALUES ('pay-0387', 'bk-0387', 24, 'cash', 'paid', 0, '2026-02-04 23:00:00', '2026-02-03 23:00:00');
INSERT INTO bookings (id, booking_ref, user_id, studio_id, date, start_time, end_time, group_type, status, base_price, equipment_price, total_price, equipment, payment_method, payment_status, notes, created_at, updated_at, cancelled_at, cancel_reason) VALUES ('bk-0388', 'H3-20260201-KQ9O', 'usr-009', 'la-scene', '2026-02-04', '19:30', '21:00', 'solo', 'completed', 18, 0, 18, NULL, 'cash', 'paid', '', '2026-02-01 23:00:00', '2026-02-01 23:00:00', NULL, NULL);
INSERT INTO payments (id, booking_id, amount, method, status, refunded_amount, paid_at, created_at) VALUES ('pay-0388', 'bk-0388', 18, 'cash', 'paid', 0, '2026-02-04 23:00:00', '2026-02-01 23:00:00');
INSERT INTO bookings (id, booking_ref, user_id, studio_id, date, start_time, end_time, group_type, status, base_price, equipment_price, total_price, equipment, payment_method, payment_status, notes, created_at, updated_at, cancelled_at, cancel_reason) VALUES ('bk-0389', 'H3-20260121-2F71', 'usr-030', 'le-podium', '2026-02-04', '13:00', '14:30', 'duo', 'completed', 36, 3, 39, '[{"id":"guitar","quantity":1}]', 'cash', 'paid', '', '2026-01-21 23:00:00', '2026-01-21 23:00:00', NULL, NULL);
INSERT INTO payments (id, booking_id, amount, method, status, refunded_amount, paid_at, created_at) VALUES ('pay-0389', 'bk-0389', 39, 'cash', 'paid', 0, '2026-02-04 23:00:00', '2026-01-21 23:00:00');
INSERT INTO bookings (id, booking_ref, user_id, studio_id, date, start_time, end_time, group_type, status, base_price, equipment_price, total_price, equipment, payment_method, payment_status, notes, created_at, updated_at, cancelled_at, cancel_reason) VALUES ('bk-0390', 'H3-20260128-06K2', 'usr-033', 'la-scene', '2026-02-04', '16:30', '17:30', 'duo', 'completed', 24, 0, 24, NULL, 'card', 'paid', '', '2026-01-28 23:00:00', '2026-01-28 23:00:00', NULL, NULL);
INSERT INTO payments (id, booking_id, amount, method, status, refunded_amount, paid_at, created_at) VALUES ('pay-0390', 'bk-0390', 24, 'card', 'paid', 0, '2026-01-28 23:00:00', '2026-01-28 23:00:00');
INSERT INTO bookings (id, booking_ref, user_id, studio_id, date, start_time, end_time, group_type, status, base_price, equipment_price, total_price, equipment, payment_method, payment_status, notes, created_at, updated_at, cancelled_at, cancel_reason) VALUES ('bk-0391', 'H3-20260125-WBUO', 'usr-032', 'la-scene', '2026-02-05', '21:30', '22:30', 'group', 'completed', 44, 3, 47, '[{"id":"bass","quantity":1}]', 'card', 'paid', '', '2026-01-25 23:00:00', '2026-01-25 23:00:00', NULL, NULL);
INSERT INTO payments (id, booking_id, amount, method, status, refunded_amount, paid_at, created_at) VALUES ('pay-0391', 'bk-0391', 47, 'card', 'paid', 0, '2026-01-25 23:00:00', '2026-01-25 23:00:00');
INSERT INTO bookings (id, booking_ref, user_id, studio_id, date, start_time, end_time, group_type, status, base_price, equipment_price, total_price, equipment, payment_method, payment_status, notes, created_at, updated_at, cancelled_at, cancel_reason) VALUES ('bk-0392', 'H3-20260122-68MC', 'usr-022', 'le-podium', '2026-02-05', '13:00', '14:30', 'group', 'completed', 45, 3, 48, '[{"id":"bass","quantity":1}]', 'card', 'paid', '', '2026-01-22 23:00:00', '2026-01-22 23:00:00', NULL, NULL);
INSERT INTO payments (id, booking_id, amount, method, status, refunded_amount, paid_at, created_at) VALUES ('pay-0392', 'bk-0392', 48, 'card', 'paid', 0, '2026-01-22 23:00:00', '2026-01-22 23:00:00');
INSERT INTO bookings (id, booking_ref, user_id, studio_id, date, start_time, end_time, group_type, status, base_price, equipment_price, total_price, equipment, payment_method, payment_status, notes, created_at, updated_at, cancelled_at, cancel_reason) VALUES ('bk-0393', 'H3-20260131-LT3N', 'usr-046', 'la-scene', '2026-02-05', '18:30', '19:30', 'group', 'completed', 44, 0, 44, NULL, 'card', 'paid', '', '2026-01-31 23:00:00', '2026-01-31 23:00:00', NULL, NULL);
INSERT INTO payments (id, booking_id, amount, method, status, refunded_amount, paid_at, created_at) VALUES ('pay-0393', 'bk-0393', 44, 'card', 'paid', 0, '2026-01-31 23:00:00', '2026-01-31 23:00:00');
INSERT INTO bookings (id, booking_ref, user_id, studio_id, date, start_time, end_time, group_type, status, base_price, equipment_price, total_price, equipment, payment_method, payment_status, notes, created_at, updated_at, cancelled_at, cancel_reason) VALUES ('bk-0394', 'H3-20260122-JI1C', 'usr-002', 'le-podium', '2026-02-05', '20:30', '21:30', 'solo', 'completed', 12, 6, 18, '[{"id":"guitar","quantity":2}]', 'card', 'paid', '', '2026-01-22 23:00:00', '2026-01-22 23:00:00', NULL, NULL);
INSERT INTO payments (id, booking_id, amount, method, status, refunded_amount, paid_at, created_at) VALUES ('pay-0394', 'bk-0394', 18, 'card', 'paid', 0, '2026-01-22 23:00:00', '2026-01-22 23:00:00');
INSERT INTO bookings (id, booking_ref, user_id, studio_id, date, start_time, end_time, group_type, status, base_price, equipment_price, total_price, equipment, payment_method, payment_status, notes, created_at, updated_at, cancelled_at, cancel_reason) VALUES ('bk-0395', 'H3-20260201-TS97', 'usr-011', 'la-scene', '2026-02-05', '16:30', '17:30', 'solo', 'completed', 12, 0, 12, NULL, 'cash', 'paid', '', '2026-02-01 23:00:00', '2026-02-01 23:00:00', NULL, NULL);
INSERT INTO payments (id, booking_id, amount, method, status, refunded_amount, paid_at, created_at) VALUES ('pay-0395', 'bk-0395', 12, 'cash', 'paid', 0, '2026-02-05 23:00:00', '2026-02-01 23:00:00');
INSERT INTO bookings (id, booking_ref, user_id, studio_id, date, start_time, end_time, group_type, status, base_price, equipment_price, total_price, equipment, payment_method, payment_status, notes, created_at, updated_at, cancelled_at, cancel_reason) VALUES ('bk-0396', 'H3-20260128-FM6A', 'usr-022', 'le-podium', '2026-02-05', '11:30', '12:30', 'duo', 'completed', 24, 5, 29, '[{"id":"mic","quantity":2}]', 'card', 'paid', '', '2026-01-28 23:00:00', '2026-01-28 23:00:00', NULL, NULL);
INSERT INTO payments (id, booking_id, amount, method, status, refunded_amount, paid_at, created_at) VALUES ('pay-0396', 'bk-0396', 29, 'card', 'paid', 0, '2026-01-28 23:00:00', '2026-01-28 23:00:00');
INSERT INTO bookings (id, booking_ref, user_id, studio_id, date, start_time, end_time, group_type, status, base_price, equipment_price, total_price, equipment, payment_method, payment_status, notes, created_at, updated_at, cancelled_at, cancel_reason) VALUES ('bk-0397', 'H3-20260123-WUJQ', 'usr-014', 'le-podium', '2026-02-05', '09:30', '10:30', 'group', 'completed', 30, 0, 30, NULL, 'card', 'paid', '', '2026-01-23 23:00:00', '2026-01-23 23:00:00', NULL, NULL);
INSERT INTO payments (id, booking_id, amount, method, status, refunded_amount, paid_at, created_at) VALUES ('pay-0397', 'bk-0397', 30, 'card', 'paid', 0, '2026-01-23 23:00:00', '2026-01-23 23:00:00');
INSERT INTO bookings (id, booking_ref, user_id, studio_id, date, start_time, end_time, group_type, status, base_price, equipment_price, total_price, equipment, payment_method, payment_status, notes, created_at, updated_at, cancelled_at, cancel_reason) VALUES ('bk-0398', 'H3-20260125-LIWI', 'usr-045', 'le-podium', '2026-02-05', '17:30', '18:30', 'group', 'completed', 33, 0, 33, NULL, 'cash', 'paid', '', '2026-01-25 23:00:00', '2026-01-25 23:00:00', NULL, NULL);
INSERT INTO payments (id, booking_id, amount, method, status, refunded_amount, paid_at, created_at) VALUES ('pay-0398', 'bk-0398', 33, 'cash', 'paid', 0, '2026-02-05 23:00:00', '2026-01-25 23:00:00');
INSERT INTO bookings (id, booking_ref, user_id, studio_id, date, start_time, end_time, group_type, status, base_price, equipment_price, total_price, equipment, payment_method, payment_status, notes, created_at, updated_at, cancelled_at, cancel_reason) VALUES ('bk-0399', 'H3-20260129-5SL6', 'usr-003', 'la-scene', '2026-02-05', '12:00', '13:30', 'duo', 'completed', 36, 0, 36, NULL, 'card', 'paid', '', '2026-01-29 23:00:00', '2026-01-29 23:00:00', NULL, NULL);
INSERT INTO payments (id, booking_id, amount, method, status, refunded_amount, paid_at, created_at) VALUES ('pay-0399', 'bk-0399', 36, 'card', 'paid', 0, '2026-01-29 23:00:00', '2026-01-29 23:00:00');
INSERT INTO bookings (id, booking_ref, user_id, studio_id, date, start_time, end_time, group_type, status, base_price, equipment_price, total_price, equipment, payment_method, payment_status, notes, created_at, updated_at, cancelled_at, cancel_reason) VALUES ('bk-0400', 'H3-20260204-BI3G', 'usr-040', 'le-podium', '2026-02-05', '16:00', '17:00', 'duo', 'completed', 24, 3, 27, '[{"id":"cymbal","quantity":1}]', 'cash', 'paid', '', '2026-02-04 23:00:00', '2026-02-04 23:00:00', NULL, NULL);
INSERT INTO payments (id, booking_id, amount, method, status, refunded_amount, paid_at, created_at) VALUES ('pay-0400', 'bk-0400', 27, 'cash', 'paid', 0, '2026-02-05 23:00:00', '2026-02-04 23:00:00');
INSERT INTO bookings (id, booking_ref, user_id, studio_id, date, start_time, end_time, group_type, status, base_price, equipment_price, total_price, equipment, payment_method, payment_status, notes, created_at, updated_at, cancelled_at, cancel_reason) VALUES ('bk-0401', 'H3-20260125-52YK', 'usr-038', 'la-scene', '2026-02-05', '15:00', '16:00', 'group', 'completed', 36, 3, 39, '[{"id":"cymbal","quantity":2}]', 'cash', 'paid', '', '2026-01-25 23:00:00', '2026-01-25 23:00:00', NULL, NULL);
INSERT INTO payments (id, booking_id, amount, method, status, refunded_amount, paid_at, created_at) VALUES ('pay-0401', 'bk-0401', 39, 'cash', 'paid', 0, '2026-02-05 23:00:00', '2026-01-25 23:00:00');
INSERT INTO bookings (id, booking_ref, user_id, studio_id, date, start_time, end_time, group_type, status, base_price, equipment_price, total_price, equipment, payment_method, payment_status, notes, created_at, updated_at, cancelled_at, cancel_reason) VALUES ('bk-0402', 'H3-20260203-BKFH', 'usr-017', 'le-podium', '2026-02-05', '16:00', '17:00', 'group', 'cancelled', 30, 0, 30, NULL, 'card', 'paid', '', '2026-02-03 23:00:00', '2026-02-03 23:00:00', '2026-02-05 23:00:00', 'Changement de plans');
INSERT INTO payments (id, booking_id, amount, method, status, refunded_amount, paid_at, created_at) VALUES ('pay-0402', 'bk-0402', 30, 'card', 'paid', 0, '2026-02-03 23:00:00', '2026-02-03 23:00:00');
INSERT INTO bookings (id, booking_ref, user_id, studio_id, date, start_time, end_time, group_type, status, base_price, equipment_price, total_price, equipment, payment_method, payment_status, notes, created_at, updated_at, cancelled_at, cancel_reason) VALUES ('bk-0403', 'H3-20260202-RGAM', 'usr-005', 'le-podium', '2026-02-05', '22:00', '23:00', 'duo', 'completed', 24, 0, 24, NULL, 'card', 'paid', '', '2026-02-02 23:00:00', '2026-02-02 23:00:00', NULL, NULL);
INSERT INTO payments (id, booking_id, amount, method, status, refunded_amount, paid_at, created_at) VALUES ('pay-0403', 'bk-0403', 24, 'card', 'paid', 0, '2026-02-02 23:00:00', '2026-02-02 23:00:00');
INSERT INTO bookings (id, booking_ref, user_id, studio_id, date, start_time, end_time, group_type, status, base_price, equipment_price, total_price, equipment, payment_method, payment_status, notes, created_at, updated_at, cancelled_at, cancel_reason) VALUES ('bk-0404', 'H3-20260202-FVPC', 'usr-025', 'le-podium', '2026-02-05', '21:30', '22:30', 'duo', 'completed', 24, 0, 24, NULL, 'cash', 'paid', '', '2026-02-02 23:00:00', '2026-02-02 23:00:00', NULL, NULL);
INSERT INTO payments (id, booking_id, amount, method, status, refunded_amount, paid_at, created_at) VALUES ('pay-0404', 'bk-0404', 24, 'cash', 'paid', 0, '2026-02-05 23:00:00', '2026-02-02 23:00:00');
INSERT INTO bookings (id, booking_ref, user_id, studio_id, date, start_time, end_time, group_type, status, base_price, equipment_price, total_price, equipment, payment_method, payment_status, notes, created_at, updated_at, cancelled_at, cancel_reason) VALUES ('bk-0405', 'H3-20260201-IFMB', 'usr-049', 'le-podium', '2026-02-05', '11:30', '12:30', 'group', 'completed', 30, 0, 30, NULL, 'card', 'paid', '', '2026-02-01 23:00:00', '2026-02-01 23:00:00', NULL, NULL);
INSERT INTO payments (id, booking_id, amount, method, status, refunded_amount, paid_at, created_at) VALUES ('pay-0405', 'bk-0405', 30, 'card', 'paid', 0, '2026-02-01 23:00:00', '2026-02-01 23:00:00');
INSERT INTO bookings (id, booking_ref, user_id, studio_id, date, start_time, end_time, group_type, status, base_price, equipment_price, total_price, equipment, payment_method, payment_status, notes, created_at, updated_at, cancelled_at, cancel_reason) VALUES ('bk-0406', 'H3-20260125-Q4KD', 'usr-020', 'le-podium', '2026-02-05', '22:30', '23:30', 'duo', 'completed', 24, 0, 24, NULL, 'cash', 'paid', '', '2026-01-25 23:00:00', '2026-01-25 23:00:00', NULL, NULL);
INSERT INTO payments (id, booking_id, amount, method, status, refunded_amount, paid_at, created_at) VALUES ('pay-0406', 'bk-0406', 24, 'cash', 'paid', 0, '2026-02-05 23:00:00', '2026-01-25 23:00:00');
INSERT INTO bookings (id, booking_ref, user_id, studio_id, date, start_time, end_time, group_type, status, base_price, equipment_price, total_price, equipment, payment_method, payment_status, notes, created_at, updated_at, cancelled_at, cancel_reason) VALUES ('bk-0407', 'H3-20260123-WRYC', 'usr-001', 'la-scene', '2026-02-06', '16:00', '17:30', 'group', 'completed', 66, 0, 66, NULL, 'card', 'paid', '', '2026-01-23 23:00:00', '2026-01-23 23:00:00', NULL, NULL);
INSERT INTO payments (id, booking_id, amount, method, status, refunded_amount, paid_at, created_at) VALUES ('pay-0407', 'bk-0407', 66, 'card', 'paid', 0, '2026-01-23 23:00:00', '2026-01-23 23:00:00');
INSERT INTO bookings (id, booking_ref, user_id, studio_id, date, start_time, end_time, group_type, status, base_price, equipment_price, total_price, equipment, payment_method, payment_status, notes, created_at, updated_at, cancelled_at, cancel_reason) VALUES ('bk-0408', 'H3-20260128-7T6M', 'usr-023', 'la-scene', '2026-02-06', '10:00', '11:30', 'duo', 'cancelled', 36, 8, 44, '[{"id":"piano","quantity":1},{"id":"mic","quantity":2}]', 'cash', 'pending', '', '2026-01-28 23:00:00', '2026-01-28 23:00:00', '2026-01-31 23:00:00', 'Empêchement');
INSERT INTO payments (id, booking_id, amount, method, status, refunded_amount, paid_at, created_at) VALUES ('pay-0408', 'bk-0408', 44, 'cash', 'pending', 0, NULL, '2026-01-28 23:00:00');
INSERT INTO bookings (id, booking_ref, user_id, studio_id, date, start_time, end_time, group_type, status, base_price, equipment_price, total_price, equipment, payment_method, payment_status, notes, created_at, updated_at, cancelled_at, cancel_reason) VALUES ('bk-0409', 'H3-20260127-OMM2', 'usr-022', 'le-podium', '2026-02-06', '22:30', '23:30', 'duo', 'completed', 24, 8, 32, '[{"id":"cymbal","quantity":1},{"id":"mic","quantity":2}]', 'cash', 'paid', '', '2026-01-27 23:00:00', '2026-01-27 23:00:00', NULL, NULL);
INSERT INTO payments (id, booking_id, amount, method, status, refunded_amount, paid_at, created_at) VALUES ('pay-0409', 'bk-0409', 32, 'cash', 'paid', 0, '2026-02-06 23:00:00', '2026-01-27 23:00:00');
INSERT INTO bookings (id, booking_ref, user_id, studio_id, date, start_time, end_time, group_type, status, base_price, equipment_price, total_price, equipment, payment_method, payment_status, notes, created_at, updated_at, cancelled_at, cancel_reason) VALUES ('bk-0410', 'H3-20260128-QBRH', 'usr-002', 'le-podium', '2026-02-06', '11:00', '12:30', 'solo', 'completed', 18, 0, 18, NULL, 'card', 'paid', '', '2026-01-28 23:00:00', '2026-01-28 23:00:00', NULL, NULL);
INSERT INTO payments (id, booking_id, amount, method, status, refunded_amount, paid_at, created_at) VALUES ('pay-0410', 'bk-0410', 18, 'card', 'paid', 0, '2026-01-28 23:00:00', '2026-01-28 23:00:00');
INSERT INTO bookings (id, booking_ref, user_id, studio_id, date, start_time, end_time, group_type, status, base_price, equipment_price, total_price, equipment, payment_method, payment_status, notes, created_at, updated_at, cancelled_at, cancel_reason) VALUES ('bk-0411', 'H3-20260205-GN1V', 'usr-002', 'la-scene', '2026-02-06', '21:30', '22:30', 'duo', 'completed', 24, 3, 27, '[{"id":"bass","quantity":2}]', 'card', 'paid', '', '2026-02-05 23:00:00', '2026-02-05 23:00:00', NULL, NULL);
INSERT INTO payments (id, booking_id, amount, method, status, refunded_amount, paid_at, created_at) VALUES ('pay-0411', 'bk-0411', 27, 'card', 'paid', 0, '2026-02-05 23:00:00', '2026-02-05 23:00:00');
INSERT INTO bookings (id, booking_ref, user_id, studio_id, date, start_time, end_time, group_type, status, base_price, equipment_price, total_price, equipment, payment_method, payment_status, notes, created_at, updated_at, cancelled_at, cancel_reason) VALUES ('bk-0412', 'H3-20260201-WWZE', 'usr-020', 'le-podium', '2026-02-06', '19:00', '20:30', 'group', 'completed', 54, 0, 54, NULL, 'card', 'paid', '', '2026-02-01 23:00:00', '2026-02-01 23:00:00', NULL, NULL);
INSERT INTO payments (id, booking_id, amount, method, status, refunded_amount, paid_at, created_at) VALUES ('pay-0412', 'bk-0412', 54, 'card', 'paid', 0, '2026-02-01 23:00:00', '2026-02-01 23:00:00');
INSERT INTO bookings (id, booking_ref, user_id, studio_id, date, start_time, end_time, group_type, status, base_price, equipment_price, total_price, equipment, payment_method, payment_status, notes, created_at, updated_at, cancelled_at, cancel_reason) VALUES ('bk-0413', 'H3-20260203-GA16', 'usr-037', 'le-podium', '2026-02-06', '09:00', '10:30', 'group', 'completed', 54, 0, 54, NULL, 'cash', 'paid', '', '2026-02-03 23:00:00', '2026-02-03 23:00:00', NULL, NULL);
INSERT INTO payments (id, booking_id, amount, method, status, refunded_amount, paid_at, created_at) VALUES ('pay-0413', 'bk-0413', 54, 'cash', 'paid', 0, '2026-02-06 23:00:00', '2026-02-03 23:00:00');
INSERT INTO bookings (id, booking_ref, user_id, studio_id, date, start_time, end_time, group_type, status, base_price, equipment_price, total_price, equipment, payment_method, payment_status, notes, created_at, updated_at, cancelled_at, cancel_reason) VALUES ('bk-0414', 'H3-20260131-RE7F', 'usr-008', 'la-scene', '2026-02-06', '18:00', '19:00', 'duo', 'no-show', 24, 0, 24, NULL, 'cash', 'pending', '', '2026-01-31 23:00:00', '2026-01-31 23:00:00', NULL, NULL);
INSERT INTO payments (id, booking_id, amount, method, status, refunded_amount, paid_at, created_at) VALUES ('pay-0414', 'bk-0414', 24, 'cash', 'pending', 0, NULL, '2026-01-31 23:00:00');
INSERT INTO bookings (id, booking_ref, user_id, studio_id, date, start_time, end_time, group_type, status, base_price, equipment_price, total_price, equipment, payment_method, payment_status, notes, created_at, updated_at, cancelled_at, cancel_reason) VALUES ('bk-0415', 'H3-20260129-0OI1', 'usr-035', 'la-scene', '2026-02-06', '13:00', '14:00', 'duo', 'no-show', 24, 6, 30, '[{"id":"bass","quantity":1},{"id":"piano","quantity":1}]', 'card', 'paid', '', '2026-01-29 23:00:00', '2026-01-29 23:00:00', NULL, NULL);
INSERT INTO payments (id, booking_id, amount, method, status, refunded_amount, paid_at, created_at) VALUES ('pay-0415', 'bk-0415', 30, 'card', 'paid', 0, '2026-01-29 23:00:00', '2026-01-29 23:00:00');
INSERT INTO bookings (id, booking_ref, user_id, studio_id, date, start_time, end_time, group_type, status, base_price, equipment_price, total_price, equipment, payment_method, payment_status, notes, created_at, updated_at, cancelled_at, cancel_reason) VALUES ('bk-0416', 'H3-20260205-UY6T', 'usr-050', 'le-podium', '2026-02-06', '14:00', '15:30', 'group', 'completed', 54, 0, 54, NULL, 'card', 'paid', '', '2026-02-05 23:00:00', '2026-02-05 23:00:00', NULL, NULL);
INSERT INTO payments (id, booking_id, amount, method, status, refunded_amount, paid_at, created_at) VALUES ('pay-0416', 'bk-0416', 54, 'card', 'paid', 0, '2026-02-05 23:00:00', '2026-02-05 23:00:00');
INSERT INTO bookings (id, booking_ref, user_id, studio_id, date, start_time, end_time, group_type, status, base_price, equipment_price, total_price, equipment, payment_method, payment_status, notes, created_at, updated_at, cancelled_at, cancel_reason) VALUES ('bk-0417', 'H3-20260201-IKH3', 'usr-023', 'le-podium', '2026-02-06', '20:30', '22:00', 'group', 'completed', 54, 0, 54, NULL, 'cash', 'paid', '', '2026-02-01 23:00:00', '2026-02-01 23:00:00', NULL, NULL);
INSERT INTO payments (id, booking_id, amount, method, status, refunded_amount, paid_at, created_at) VALUES ('pay-0417', 'bk-0417', 54, 'cash', 'paid', 0, '2026-02-06 23:00:00', '2026-02-01 23:00:00');
INSERT INTO bookings (id, booking_ref, user_id, studio_id, date, start_time, end_time, group_type, status, base_price, equipment_price, total_price, equipment, payment_method, payment_status, notes, created_at, updated_at, cancelled_at, cancel_reason) VALUES ('bk-0418', 'H3-20260126-IZVH', 'usr-006', 'le-podium', '2026-02-07', '21:00', '22:30', 'duo', 'no-show', 36, 0, 36, NULL, 'card', 'paid', '', '2026-01-26 23:00:00', '2026-01-26 23:00:00', NULL, NULL);
INSERT INTO payments (id, booking_id, amount, method, status, refunded_amount, paid_at, created_at) VALUES ('pay-0418', 'bk-0418', 36, 'card', 'paid', 0, '2026-01-26 23:00:00', '2026-01-26 23:00:00');
INSERT INTO bookings (id, booking_ref, user_id, studio_id, date, start_time, end_time, group_type, status, base_price, equipment_price, total_price, equipment, payment_method, payment_status, notes, created_at, updated_at, cancelled_at, cancel_reason) VALUES ('bk-0419', 'H3-20260128-VZ6K', 'usr-047', 'le-podium', '2026-02-07', '09:00', '10:00', 'solo', 'completed', 12, 0, 12, NULL, 'card', 'paid', '', '2026-01-28 23:00:00', '2026-01-28 23:00:00', NULL, NULL);
INSERT INTO payments (id, booking_id, amount, method, status, refunded_amount, paid_at, created_at) VALUES ('pay-0419', 'bk-0419', 12, 'card', 'paid', 0, '2026-01-28 23:00:00', '2026-01-28 23:00:00');
INSERT INTO bookings (id, booking_ref, user_id, studio_id, date, start_time, end_time, group_type, status, base_price, equipment_price, total_price, equipment, payment_method, payment_status, notes, created_at, updated_at, cancelled_at, cancel_reason) VALUES ('bk-0420', 'H3-20260202-8CW7', 'usr-049', 'le-podium', '2026-02-07', '17:00', '18:30', 'solo', 'completed', 18, 0, 18, NULL, 'card', 'paid', '', '2026-02-02 23:00:00', '2026-02-02 23:00:00', NULL, NULL);
INSERT INTO payments (id, booking_id, amount, method, status, refunded_amount, paid_at, created_at) VALUES ('pay-0420', 'bk-0420', 18, 'card', 'paid', 0, '2026-02-02 23:00:00', '2026-02-02 23:00:00');
INSERT INTO bookings (id, booking_ref, user_id, studio_id, date, start_time, end_time, group_type, status, base_price, equipment_price, total_price, equipment, payment_method, payment_status, notes, created_at, updated_at, cancelled_at, cancel_reason) VALUES ('bk-0421', 'H3-20260205-RZ4L', 'usr-038', 'la-scene', '2026-02-07', '21:00', '22:00', 'solo', 'completed', 12, 0, 12, NULL, 'card', 'paid', '', '2026-02-05 23:00:00', '2026-02-05 23:00:00', NULL, NULL);
INSERT INTO payments (id, booking_id, amount, method, status, refunded_amount, paid_at, created_at) VALUES ('pay-0421', 'bk-0421', 12, 'card', 'paid', 0, '2026-02-05 23:00:00', '2026-02-05 23:00:00');
INSERT INTO bookings (id, booking_ref, user_id, studio_id, date, start_time, end_time, group_type, status, base_price, equipment_price, total_price, equipment, payment_method, payment_status, notes, created_at, updated_at, cancelled_at, cancel_reason) VALUES ('bk-0422', 'H3-20260131-HEDQ', 'usr-008', 'le-podium', '2026-02-07', '15:30', '17:00', 'group', 'completed', 54, 3, 57, '[{"id":"guitar","quantity":1}]', 'card', 'paid', '', '2026-01-31 23:00:00', '2026-01-31 23:00:00', NULL, NULL);
INSERT INTO payments (id, booking_id, amount, method, status, refunded_amount, paid_at, created_at) VALUES ('pay-0422', 'bk-0422', 57, 'card', 'paid', 0, '2026-01-31 23:00:00', '2026-01-31 23:00:00');
INSERT INTO bookings (id, booking_ref, user_id, studio_id, date, start_time, end_time, group_type, status, base_price, equipment_price, total_price, equipment, payment_method, payment_status, notes, created_at, updated_at, cancelled_at, cancel_reason) VALUES ('bk-0423', 'H3-20260206-Y0SI', 'usr-001', 'la-scene', '2026-02-07', '10:00', '11:30', 'group', 'completed', 66, 0, 66, NULL, 'cash', 'paid', '', '2026-02-06 23:00:00', '2026-02-06 23:00:00', NULL, NULL);
INSERT INTO payments (id, booking_id, amount, method, status, refunded_amount, paid_at, created_at) VALUES ('pay-0423', 'bk-0423', 66, 'cash', 'paid', 0, '2026-02-07 23:00:00', '2026-02-06 23:00:00');
INSERT INTO bookings (id, booking_ref, user_id, studio_id, date, start_time, end_time, group_type, status, base_price, equipment_price, total_price, equipment, payment_method, payment_status, notes, created_at, updated_at, cancelled_at, cancel_reason) VALUES ('bk-0424', 'H3-20260125-03W7', 'usr-044', 'le-podium', '2026-02-07', '22:30', '23:30', 'solo', 'completed', 12, 0, 12, NULL, 'card', 'paid', '', '2026-01-25 23:00:00', '2026-01-25 23:00:00', NULL, NULL);
INSERT INTO payments (id, booking_id, amount, method, status, refunded_amount, paid_at, created_at) VALUES ('pay-0424', 'bk-0424', 12, 'card', 'paid', 0, '2026-01-25 23:00:00', '2026-01-25 23:00:00');
INSERT INTO bookings (id, booking_ref, user_id, studio_id, date, start_time, end_time, group_type, status, base_price, equipment_price, total_price, equipment, payment_method, payment_status, notes, created_at, updated_at, cancelled_at, cancel_reason) VALUES ('bk-0425', 'H3-20260129-KN7U', 'usr-044', 'la-scene', '2026-02-07', '11:30', '12:30', 'solo', 'completed', 12, 0, 12, NULL, 'cash', 'paid', '', '2026-01-29 23:00:00', '2026-01-29 23:00:00', NULL, NULL);
INSERT INTO payments (id, booking_id, amount, method, status, refunded_amount, paid_at, created_at) VALUES ('pay-0425', 'bk-0425', 12, 'cash', 'paid', 0, '2026-02-07 23:00:00', '2026-01-29 23:00:00');
INSERT INTO bookings (id, booking_ref, user_id, studio_id, date, start_time, end_time, group_type, status, base_price, equipment_price, total_price, equipment, payment_method, payment_status, notes, created_at, updated_at, cancelled_at, cancel_reason) VALUES ('bk-0426', 'H3-20260206-S1MV', 'usr-015', 'le-podium', '2026-02-07', '12:00', '13:00', 'group', 'completed', 36, 0, 36, NULL, 'cash', 'paid', '', '2026-02-06 23:00:00', '2026-02-06 23:00:00', NULL, NULL);
INSERT INTO payments (id, booking_id, amount, method, status, refunded_amount, paid_at, created_at) VALUES ('pay-0426', 'bk-0426', 36, 'cash', 'paid', 0, '2026-02-07 23:00:00', '2026-02-06 23:00:00');
INSERT INTO bookings (id, booking_ref, user_id, studio_id, date, start_time, end_time, group_type, status, base_price, equipment_price, total_price, equipment, payment_method, payment_status, notes, created_at, updated_at, cancelled_at, cancel_reason) VALUES ('bk-0427', 'H3-20260204-ZUSI', 'usr-040', 'la-scene', '2026-02-07', '14:00', '15:00', 'duo', 'completed', 24, 3, 27, '[{"id":"piano","quantity":1}]', 'card', 'paid', '', '2026-02-04 23:00:00', '2026-02-04 23:00:00', NULL, NULL);
INSERT INTO payments (id, booking_id, amount, method, status, refunded_amount, paid_at, created_at) VALUES ('pay-0427', 'bk-0427', 27, 'card', 'paid', 0, '2026-02-04 23:00:00', '2026-02-04 23:00:00');
INSERT INTO bookings (id, booking_ref, user_id, studio_id, date, start_time, end_time, group_type, status, base_price, equipment_price, total_price, equipment, payment_method, payment_status, notes, created_at, updated_at, cancelled_at, cancel_reason) VALUES ('bk-0428', 'H3-20260202-X33A', 'usr-042', 'le-podium', '2026-02-07', '10:00', '11:00', 'group', 'completed', 36, 3, 39, '[{"id":"piano","quantity":1}]', 'cash', 'paid', '', '2026-02-02 23:00:00', '2026-02-02 23:00:00', NULL, NULL);
INSERT INTO payments (id, booking_id, amount, method, status, refunded_amount, paid_at, created_at) VALUES ('pay-0428', 'bk-0428', 39, 'cash', 'paid', 0, '2026-02-07 23:00:00', '2026-02-02 23:00:00');
INSERT INTO bookings (id, booking_ref, user_id, studio_id, date, start_time, end_time, group_type, status, base_price, equipment_price, total_price, equipment, payment_method, payment_status, notes, created_at, updated_at, cancelled_at, cancel_reason) VALUES ('bk-0429', 'H3-20260126-UH0I', 'usr-026', 'la-scene', '2026-02-07', '12:30', '14:00', 'solo', 'completed', 18, 3, 21, '[{"id":"cymbal","quantity":2}]', 'card', 'paid', '', '2026-01-26 23:00:00', '2026-01-26 23:00:00', NULL, NULL);
INSERT INTO payments (id, booking_id, amount, method, status, refunded_amount, paid_at, created_at) VALUES ('pay-0429', 'bk-0429', 21, 'card', 'paid', 0, '2026-01-26 23:00:00', '2026-01-26 23:00:00');
INSERT INTO bookings (id, booking_ref, user_id, studio_id, date, start_time, end_time, group_type, status, base_price, equipment_price, total_price, equipment, payment_method, payment_status, notes, created_at, updated_at, cancelled_at, cancel_reason) VALUES ('bk-0430', 'H3-20260124-2P57', 'usr-019', 'la-scene', '2026-02-07', '17:30', '19:00', 'group', 'completed', 66, 0, 66, NULL, 'cash', 'paid', '', '2026-01-24 23:00:00', '2026-01-24 23:00:00', NULL, NULL);
INSERT INTO payments (id, booking_id, amount, method, status, refunded_amount, paid_at, created_at) VALUES ('pay-0430', 'bk-0430', 66, 'cash', 'paid', 0, '2026-02-07 23:00:00', '2026-01-24 23:00:00');
INSERT INTO bookings (id, booking_ref, user_id, studio_id, date, start_time, end_time, group_type, status, base_price, equipment_price, total_price, equipment, payment_method, payment_status, notes, created_at, updated_at, cancelled_at, cancel_reason) VALUES ('bk-0431', 'H3-20260124-QIQ2', 'usr-011', 'le-podium', '2026-02-07', '20:00', '21:00', 'solo', 'completed', 12, 6, 18, '[{"id":"mic","quantity":1},{"id":"piano","quantity":1}]', 'cash', 'paid', '', '2026-01-24 23:00:00', '2026-01-24 23:00:00', NULL, NULL);
INSERT INTO payments (id, booking_id, amount, method, status, refunded_amount, paid_at, created_at) VALUES ('pay-0431', 'bk-0431', 18, 'cash', 'paid', 0, '2026-02-07 23:00:00', '2026-01-24 23:00:00');
INSERT INTO bookings (id, booking_ref, user_id, studio_id, date, start_time, end_time, group_type, status, base_price, equipment_price, total_price, equipment, payment_method, payment_status, notes, created_at, updated_at, cancelled_at, cancel_reason) VALUES ('bk-0432', 'H3-20260131-RMHR', 'usr-001', 'la-scene', '2026-02-08', '22:00', '23:30', 'group', 'completed', 66, 0, 66, NULL, 'card', 'paid', '', '2026-01-31 23:00:00', '2026-01-31 23:00:00', NULL, NULL);
INSERT INTO payments (id, booking_id, amount, method, status, refunded_amount, paid_at, created_at) VALUES ('pay-0432', 'bk-0432', 66, 'card', 'paid', 0, '2026-01-31 23:00:00', '2026-01-31 23:00:00');
INSERT INTO bookings (id, booking_ref, user_id, studio_id, date, start_time, end_time, group_type, status, base_price, equipment_price, total_price, equipment, payment_method, payment_status, notes, created_at, updated_at, cancelled_at, cancel_reason) VALUES ('bk-0433', 'H3-20260129-J33K', 'usr-046', 'le-podium', '2026-02-08', '15:30', '16:30', 'solo', 'completed', 12, 0, 12, NULL, 'card', 'paid', '', '2026-01-29 23:00:00', '2026-01-29 23:00:00', NULL, NULL);
INSERT INTO payments (id, booking_id, amount, method, status, refunded_amount, paid_at, created_at) VALUES ('pay-0433', 'bk-0433', 12, 'card', 'paid', 0, '2026-01-29 23:00:00', '2026-01-29 23:00:00');
INSERT INTO bookings (id, booking_ref, user_id, studio_id, date, start_time, end_time, group_type, status, base_price, equipment_price, total_price, equipment, payment_method, payment_status, notes, created_at, updated_at, cancelled_at, cancel_reason) VALUES ('bk-0434', 'H3-20260125-QA0U', 'usr-034', 'la-scene', '2026-02-08', '13:30', '14:30', 'solo', 'completed', 12, 0, 12, NULL, 'card', 'paid', '', '2026-01-25 23:00:00', '2026-01-25 23:00:00', NULL, NULL);
INSERT INTO payments (id, booking_id, amount, method, status, refunded_amount, paid_at, created_at) VALUES ('pay-0434', 'bk-0434', 12, 'card', 'paid', 0, '2026-01-25 23:00:00', '2026-01-25 23:00:00');
INSERT INTO bookings (id, booking_ref, user_id, studio_id, date, start_time, end_time, group_type, status, base_price, equipment_price, total_price, equipment, payment_method, payment_status, notes, created_at, updated_at, cancelled_at, cancel_reason) VALUES ('bk-0435', 'H3-20260202-V0KN', 'usr-046', 'la-scene', '2026-02-08', '09:00', '10:30', 'group', 'completed', 54, 9, 63, '[{"id":"guitar","quantity":2},{"id":"cymbal","quantity":2}]', 'cash', 'paid', '', '2026-02-02 23:00:00', '2026-02-02 23:00:00', NULL, NULL);
INSERT INTO payments (id, booking_id, amount, method, status, refunded_amount, paid_at, created_at) VALUES ('pay-0435', 'bk-0435', 63, 'cash', 'paid', 0, '2026-02-08 23:00:00', '2026-02-02 23:00:00');
INSERT INTO bookings (id, booking_ref, user_id, studio_id, date, start_time, end_time, group_type, status, base_price, equipment_price, total_price, equipment, payment_method, payment_status, notes, created_at, updated_at, cancelled_at, cancel_reason) VALUES ('bk-0436', 'H3-20260130-RA6V', 'usr-022', 'le-podium', '2026-02-08', '09:30', '10:30', 'group', 'completed', 30, 0, 30, NULL, 'card', 'paid', '', '2026-01-30 23:00:00', '2026-01-30 23:00:00', NULL, NULL);
INSERT INTO payments (id, booking_id, amount, method, status, refunded_amount, paid_at, created_at) VALUES ('pay-0436', 'bk-0436', 30, 'card', 'paid', 0, '2026-01-30 23:00:00', '2026-01-30 23:00:00');
INSERT INTO bookings (id, booking_ref, user_id, studio_id, date, start_time, end_time, group_type, status, base_price, equipment_price, total_price, equipment, payment_method, payment_status, notes, created_at, updated_at, cancelled_at, cancel_reason) VALUES ('bk-0437', 'H3-20260130-WRT6', 'usr-045', 'la-scene', '2026-02-08', '17:30', '18:30', 'solo', 'completed', 12, 0, 12, NULL, 'card', 'paid', '', '2026-01-30 23:00:00', '2026-01-30 23:00:00', NULL, NULL);
INSERT INTO payments (id, booking_id, amount, method, status, refunded_amount, paid_at, created_at) VALUES ('pay-0437', 'bk-0437', 12, 'card', 'paid', 0, '2026-01-30 23:00:00', '2026-01-30 23:00:00');
INSERT INTO bookings (id, booking_ref, user_id, studio_id, date, start_time, end_time, group_type, status, base_price, equipment_price, total_price, equipment, payment_method, payment_status, notes, created_at, updated_at, cancelled_at, cancel_reason) VALUES ('bk-0438', 'H3-20260204-TKP7', 'usr-049', 'le-podium', '2026-02-08', '21:00', '22:00', 'group', 'completed', 36, 0, 36, NULL, 'card', 'paid', '', '2026-02-04 23:00:00', '2026-02-04 23:00:00', NULL, NULL);
INSERT INTO payments (id, booking_id, amount, method, status, refunded_amount, paid_at, created_at) VALUES ('pay-0438', 'bk-0438', 36, 'card', 'paid', 0, '2026-02-04 23:00:00', '2026-02-04 23:00:00');
INSERT INTO bookings (id, booking_ref, user_id, studio_id, date, start_time, end_time, group_type, status, base_price, equipment_price, total_price, equipment, payment_method, payment_status, notes, created_at, updated_at, cancelled_at, cancel_reason) VALUES ('bk-0439', 'H3-20260128-LR8I', 'usr-037', 'le-podium', '2026-02-08', '13:00', '14:30', 'group', 'no-show', 45, 0, 45, NULL, 'card', 'paid', '', '2026-01-28 23:00:00', '2026-01-28 23:00:00', NULL, NULL);
INSERT INTO payments (id, booking_id, amount, method, status, refunded_amount, paid_at, created_at) VALUES ('pay-0439', 'bk-0439', 45, 'card', 'paid', 0, '2026-01-28 23:00:00', '2026-01-28 23:00:00');
INSERT INTO bookings (id, booking_ref, user_id, studio_id, date, start_time, end_time, group_type, status, base_price, equipment_price, total_price, equipment, payment_method, payment_status, notes, created_at, updated_at, cancelled_at, cancel_reason) VALUES ('bk-0440', 'H3-20260206-4F1T', 'usr-003', 'le-podium', '2026-02-08', '17:00', '18:30', 'group', 'completed', 48, 0, 48, NULL, 'cash', 'paid', '', '2026-02-06 23:00:00', '2026-02-06 23:00:00', NULL, NULL);
INSERT INTO payments (id, booking_id, amount, method, status, refunded_amount, paid_at, created_at) VALUES ('pay-0440', 'bk-0440', 48, 'cash', 'paid', 0, '2026-02-08 23:00:00', '2026-02-06 23:00:00');
INSERT INTO bookings (id, booking_ref, user_id, studio_id, date, start_time, end_time, group_type, status, base_price, equipment_price, total_price, equipment, payment_method, payment_status, notes, created_at, updated_at, cancelled_at, cancel_reason) VALUES ('bk-0441', 'H3-20260205-VUX4', 'usr-028', 'la-scene', '2026-02-08', '12:30', '13:30', 'group', 'completed', 36, 0, 36, NULL, 'cash', 'paid', '', '2026-02-05 23:00:00', '2026-02-05 23:00:00', NULL, NULL);
INSERT INTO payments (id, booking_id, amount, method, status, refunded_amount, paid_at, created_at) VALUES ('pay-0441', 'bk-0441', 36, 'cash', 'paid', 0, '2026-02-08 23:00:00', '2026-02-05 23:00:00');
INSERT INTO bookings (id, booking_ref, user_id, studio_id, date, start_time, end_time, group_type, status, base_price, equipment_price, total_price, equipment, payment_method, payment_status, notes, created_at, updated_at, cancelled_at, cancel_reason) VALUES ('bk-0442', 'H3-20260205-N6CT', 'usr-007', 'la-scene', '2026-02-08', '19:30', '20:30', 'duo', 'completed', 24, 0, 24, NULL, 'cash', 'paid', '', '2026-02-05 23:00:00', '2026-02-05 23:00:00', NULL, NULL);
INSERT INTO payments (id, booking_id, amount, method, status, refunded_amount, paid_at, created_at) VALUES ('pay-0442', 'bk-0442', 24, 'cash', 'paid', 0, '2026-02-08 23:00:00', '2026-02-05 23:00:00');
INSERT INTO bookings (id, booking_ref, user_id, studio_id, date, start_time, end_time, group_type, status, base_price, equipment_price, total_price, equipment, payment_method, payment_status, notes, created_at, updated_at, cancelled_at, cancel_reason) VALUES ('bk-0443', 'H3-20260204-5UWP', 'usr-037', 'le-podium', '2026-02-08', '22:30', '23:30', 'solo', 'completed', 12, 0, 12, NULL, 'card', 'paid', '', '2026-02-04 23:00:00', '2026-02-04 23:00:00', NULL, NULL);
INSERT INTO payments (id, booking_id, amount, method, status, refunded_amount, paid_at, created_at) VALUES ('pay-0443', 'bk-0443', 12, 'card', 'paid', 0, '2026-02-04 23:00:00', '2026-02-04 23:00:00');
INSERT INTO bookings (id, booking_ref, user_id, studio_id, date, start_time, end_time, group_type, status, base_price, equipment_price, total_price, equipment, payment_method, payment_status, notes, created_at, updated_at, cancelled_at, cancel_reason) VALUES ('bk-0444', 'H3-20260127-C0Z2', 'usr-042', 'la-scene', '2026-02-09', '17:00', '18:00', 'group', 'completed', 36, 0, 36, NULL, 'card', 'paid', '', '2026-01-27 23:00:00', '2026-01-27 23:00:00', NULL, NULL);
INSERT INTO payments (id, booking_id, amount, method, status, refunded_amount, paid_at, created_at) VALUES ('pay-0444', 'bk-0444', 36, 'card', 'paid', 0, '2026-01-27 23:00:00', '2026-01-27 23:00:00');
INSERT INTO bookings (id, booking_ref, user_id, studio_id, date, start_time, end_time, group_type, status, base_price, equipment_price, total_price, equipment, payment_method, payment_status, notes, created_at, updated_at, cancelled_at, cancel_reason) VALUES ('bk-0445', 'H3-20260127-ZSZD', 'usr-048', 'le-podium', '2026-02-09', '19:00', '20:30', 'group', 'completed', 54, 0, 54, NULL, 'card', 'paid', '', '2026-01-27 23:00:00', '2026-01-27 23:00:00', NULL, NULL);
INSERT INTO payments (id, booking_id, amount, method, status, refunded_amount, paid_at, created_at) VALUES ('pay-0445', 'bk-0445', 54, 'card', 'paid', 0, '2026-01-27 23:00:00', '2026-01-27 23:00:00');
INSERT INTO bookings (id, booking_ref, user_id, studio_id, date, start_time, end_time, group_type, status, base_price, equipment_price, total_price, equipment, payment_method, payment_status, notes, created_at, updated_at, cancelled_at, cancel_reason) VALUES ('bk-0446', 'H3-20260205-1SY6', 'usr-050', 'la-scene', '2026-02-09', '10:00', '11:30', 'duo', 'no-show', 36, 0, 36, NULL, 'card', 'paid', '', '2026-02-05 23:00:00', '2026-02-05 23:00:00', NULL, NULL);
INSERT INTO payments (id, booking_id, amount, method, status, refunded_amount, paid_at, created_at) VALUES ('pay-0446', 'bk-0446', 36, 'card', 'paid', 0, '2026-02-05 23:00:00', '2026-02-05 23:00:00');
INSERT INTO bookings (id, booking_ref, user_id, studio_id, date, start_time, end_time, group_type, status, base_price, equipment_price, total_price, equipment, payment_method, payment_status, notes, created_at, updated_at, cancelled_at, cancel_reason) VALUES ('bk-0447', 'H3-20260204-4M0I', 'usr-043', 'le-podium', '2026-02-09', '12:00', '13:00', 'duo', 'completed', 24, 0, 24, NULL, 'card', 'paid', '', '2026-02-04 23:00:00', '2026-02-04 23:00:00', NULL, NULL);
INSERT INTO payments (id, booking_id, amount, method, status, refunded_amount, paid_at, created_at) VALUES ('pay-0447', 'bk-0447', 24, 'card', 'paid', 0, '2026-02-04 23:00:00', '2026-02-04 23:00:00');
INSERT INTO bookings (id, booking_ref, user_id, studio_id, date, start_time, end_time, group_type, status, base_price, equipment_price, total_price, equipment, payment_method, payment_status, notes, created_at, updated_at, cancelled_at, cancel_reason) VALUES ('bk-0448', 'H3-20260208-CPT5', 'usr-002', 'la-scene', '2026-02-09', '12:30', '13:30', 'duo', 'completed', 24, 0, 24, NULL, 'card', 'paid', '', '2026-02-08 23:00:00', '2026-02-08 23:00:00', NULL, NULL);
INSERT INTO payments (id, booking_id, amount, method, status, refunded_amount, paid_at, created_at) VALUES ('pay-0448', 'bk-0448', 24, 'card', 'paid', 0, '2026-02-08 23:00:00', '2026-02-08 23:00:00');
INSERT INTO bookings (id, booking_ref, user_id, studio_id, date, start_time, end_time, group_type, status, base_price, equipment_price, total_price, equipment, payment_method, payment_status, notes, created_at, updated_at, cancelled_at, cancel_reason) VALUES ('bk-0449', 'H3-20260204-AJGZ', 'usr-045', 'la-scene', '2026-02-09', '14:30', '15:30', 'solo', 'cancelled', 12, 0, 12, NULL, 'card', 'paid', '', '2026-02-04 23:00:00', '2026-02-04 23:00:00', '2026-02-06 23:00:00', 'Empêchement');
INSERT INTO payments (id, booking_id, amount, method, status, refunded_amount, paid_at, created_at) VALUES ('pay-0449', 'bk-0449', 12, 'card', 'paid', 0, '2026-02-04 23:00:00', '2026-02-04 23:00:00');
INSERT INTO bookings (id, booking_ref, user_id, studio_id, date, start_time, end_time, group_type, status, base_price, equipment_price, total_price, equipment, payment_method, payment_status, notes, created_at, updated_at, cancelled_at, cancel_reason) VALUES ('bk-0450', 'H3-20260202-PI9Q', 'usr-043', 'la-scene', '2026-02-09', '18:30', '19:30', 'group', 'completed', 44, 0, 44, NULL, 'card', 'paid', '', '2026-02-02 23:00:00', '2026-02-02 23:00:00', NULL, NULL);
INSERT INTO payments (id, booking_id, amount, method, status, refunded_amount, paid_at, created_at) VALUES ('pay-0450', 'bk-0450', 44, 'card', 'paid', 0, '2026-02-02 23:00:00', '2026-02-02 23:00:00');
INSERT INTO bookings (id, booking_ref, user_id, studio_id, date, start_time, end_time, group_type, status, base_price, equipment_price, total_price, equipment, payment_method, payment_status, notes, created_at, updated_at, cancelled_at, cancel_reason) VALUES ('bk-0451', 'H3-20260130-PTT7', 'usr-001', 'la-scene', '2026-02-09', '21:00', '22:00', 'group', 'completed', 44, 0, 44, NULL, 'cash', 'paid', '', '2026-01-30 23:00:00', '2026-01-30 23:00:00', NULL, NULL);
INSERT INTO payments (id, booking_id, amount, method, status, refunded_amount, paid_at, created_at) VALUES ('pay-0451', 'bk-0451', 44, 'cash', 'paid', 0, '2026-02-09 23:00:00', '2026-01-30 23:00:00');
INSERT INTO bookings (id, booking_ref, user_id, studio_id, date, start_time, end_time, group_type, status, base_price, equipment_price, total_price, equipment, payment_method, payment_status, notes, created_at, updated_at, cancelled_at, cancel_reason) VALUES ('bk-0452', 'H3-20260201-RCTH', 'usr-008', 'le-podium', '2026-02-09', '13:00', '14:00', 'duo', 'completed', 24, 0, 24, NULL, 'card', 'paid', '', '2026-02-01 23:00:00', '2026-02-01 23:00:00', NULL, NULL);
INSERT INTO payments (id, booking_id, amount, method, status, refunded_amount, paid_at, created_at) VALUES ('pay-0452', 'bk-0452', 24, 'card', 'paid', 0, '2026-02-01 23:00:00', '2026-02-01 23:00:00');
INSERT INTO bookings (id, booking_ref, user_id, studio_id, date, start_time, end_time, group_type, status, base_price, equipment_price, total_price, equipment, payment_method, payment_status, notes, created_at, updated_at, cancelled_at, cancel_reason) VALUES ('bk-0453', 'H3-20260201-YBMH', 'usr-025', 'la-scene', '2026-02-09', '15:30', '17:00', 'group', 'completed', 54, 9, 63, '[{"id":"mic","quantity":1},{"id":"guitar","quantity":2}]', 'cash', 'paid', '', '2026-02-01 23:00:00', '2026-02-01 23:00:00', NULL, NULL);
INSERT INTO payments (id, booking_id, amount, method, status, refunded_amount, paid_at, created_at) VALUES ('pay-0453', 'bk-0453', 63, 'cash', 'paid', 0, '2026-02-09 23:00:00', '2026-02-01 23:00:00');
INSERT INTO bookings (id, booking_ref, user_id, studio_id, date, start_time, end_time, group_type, status, base_price, equipment_price, total_price, equipment, payment_method, payment_status, notes, created_at, updated_at, cancelled_at, cancel_reason) VALUES ('bk-0454', 'H3-20260208-H8H9', 'usr-034', 'la-scene', '2026-02-09', '22:00', '23:00', 'group', 'completed', 44, 0, 44, NULL, 'cash', 'paid', '', '2026-02-08 23:00:00', '2026-02-08 23:00:00', NULL, NULL);
INSERT INTO payments (id, booking_id, amount, method, status, refunded_amount, paid_at, created_at) VALUES ('pay-0454', 'bk-0454', 44, 'cash', 'paid', 0, '2026-02-09 23:00:00', '2026-02-08 23:00:00');
INSERT INTO bookings (id, booking_ref, user_id, studio_id, date, start_time, end_time, group_type, status, base_price, equipment_price, total_price, equipment, payment_method, payment_status, notes, created_at, updated_at, cancelled_at, cancel_reason) VALUES ('bk-0455', 'H3-20260129-5TNJ', 'usr-038', 'le-podium', '2026-02-09', '16:00', '17:00', 'duo', 'completed', 24, 6, 30, '[{"id":"mic","quantity":1},{"id":"cymbal","quantity":1}]', 'card', 'paid', '', '2026-01-29 23:00:00', '2026-01-29 23:00:00', NULL, NULL);
INSERT INTO payments (id, booking_id, amount, method, status, refunded_amount, paid_at, created_at) VALUES ('pay-0455', 'bk-0455', 30, 'card', 'paid', 0, '2026-01-29 23:00:00', '2026-01-29 23:00:00');
INSERT INTO bookings (id, booking_ref, user_id, studio_id, date, start_time, end_time, group_type, status, base_price, equipment_price, total_price, equipment, payment_method, payment_status, notes, created_at, updated_at, cancelled_at, cancel_reason) VALUES ('bk-0456', 'H3-20260127-LY54', 'usr-042', 'le-podium', '2026-02-09', '14:30', '15:30', 'group', 'completed', 30, 0, 30, NULL, 'card', 'paid', '', '2026-01-27 23:00:00', '2026-01-27 23:00:00', NULL, NULL);
INSERT INTO payments (id, booking_id, amount, method, status, refunded_amount, paid_at, created_at) VALUES ('pay-0456', 'bk-0456', 30, 'card', 'paid', 0, '2026-01-27 23:00:00', '2026-01-27 23:00:00');
INSERT INTO bookings (id, booking_ref, user_id, studio_id, date, start_time, end_time, group_type, status, base_price, equipment_price, total_price, equipment, payment_method, payment_status, notes, created_at, updated_at, cancelled_at, cancel_reason) VALUES ('bk-0457', 'H3-20260209-Q8DC', 'usr-017', 'le-podium', '2026-02-10', '10:30', '11:30', 'solo', 'completed', 12, 0, 12, NULL, 'cash', 'paid', '', '2026-02-09 23:00:00', '2026-02-09 23:00:00', NULL, NULL);
INSERT INTO payments (id, booking_id, amount, method, status, refunded_amount, paid_at, created_at) VALUES ('pay-0457', 'bk-0457', 12, 'cash', 'paid', 0, '2026-02-10 23:00:00', '2026-02-09 23:00:00');
INSERT INTO bookings (id, booking_ref, user_id, studio_id, date, start_time, end_time, group_type, status, base_price, equipment_price, total_price, equipment, payment_method, payment_status, notes, created_at, updated_at, cancelled_at, cancel_reason) VALUES ('bk-0458', 'H3-20260129-JNM6', 'usr-041', 'la-scene', '2026-02-10', '14:30', '15:30', 'group', 'completed', 36, 0, 36, NULL, 'card', 'paid', '', '2026-01-29 23:00:00', '2026-01-29 23:00:00', NULL, NULL);
INSERT INTO payments (id, booking_id, amount, method, status, refunded_amount, paid_at, created_at) VALUES ('pay-0458', 'bk-0458', 36, 'card', 'paid', 0, '2026-01-29 23:00:00', '2026-01-29 23:00:00');
INSERT INTO bookings (id, booking_ref, user_id, studio_id, date, start_time, end_time, group_type, status, base_price, equipment_price, total_price, equipment, payment_method, payment_status, notes, created_at, updated_at, cancelled_at, cancel_reason) VALUES ('bk-0459', 'H3-20260205-Q58Y', 'usr-032', 'le-podium', '2026-02-10', '16:00', '17:30', 'group', 'completed', 45, 9, 54, '[{"id":"guitar","quantity":2},{"id":"bass","quantity":1}]', 'cash', 'paid', '', '2026-02-05 23:00:00', '2026-02-05 23:00:00', NULL, NULL);
INSERT INTO payments (id, booking_id, amount, method, status, refunded_amount, paid_at, created_at) VALUES ('pay-0459', 'bk-0459', 54, 'cash', 'paid', 0, '2026-02-10 23:00:00', '2026-02-05 23:00:00');
INSERT INTO bookings (id, booking_ref, user_id, studio_id, date, start_time, end_time, group_type, status, base_price, equipment_price, total_price, equipment, payment_method, payment_status, notes, created_at, updated_at, cancelled_at, cancel_reason) VALUES ('bk-0460', 'H3-20260131-Q84K', 'usr-018', 'la-scene', '2026-02-10', '18:00', '19:30', 'group', 'completed', 66, 0, 66, NULL, 'card', 'paid', '', '2026-01-31 23:00:00', '2026-01-31 23:00:00', NULL, NULL);
INSERT INTO payments (id, booking_id, amount, method, status, refunded_amount, paid_at, created_at) VALUES ('pay-0460', 'bk-0460', 66, 'card', 'paid', 0, '2026-01-31 23:00:00', '2026-01-31 23:00:00');
INSERT INTO bookings (id, booking_ref, user_id, studio_id, date, start_time, end_time, group_type, status, base_price, equipment_price, total_price, equipment, payment_method, payment_status, notes, created_at, updated_at, cancelled_at, cancel_reason) VALUES ('bk-0461', 'H3-20260131-HCSO', 'usr-008', 'la-scene', '2026-02-10', '15:30', '17:00', 'duo', 'completed', 36, 0, 36, NULL, 'cash', 'paid', '', '2026-01-31 23:00:00', '2026-01-31 23:00:00', NULL, NULL);
INSERT INTO payments (id, booking_id, amount, method, status, refunded_amount, paid_at, created_at) VALUES ('pay-0461', 'bk-0461', 36, 'cash', 'paid', 0, '2026-02-10 23:00:00', '2026-01-31 23:00:00');
INSERT INTO bookings (id, booking_ref, user_id, studio_id, date, start_time, end_time, group_type, status, base_price, equipment_price, total_price, equipment, payment_method, payment_status, notes, created_at, updated_at, cancelled_at, cancel_reason) VALUES ('bk-0462', 'H3-20260207-8041', 'usr-014', 'le-podium', '2026-02-10', '12:30', '13:30', 'group', 'completed', 30, 3, 33, '[{"id":"piano","quantity":1}]', 'card', 'paid', '', '2026-02-07 23:00:00', '2026-02-07 23:00:00', NULL, NULL);
INSERT INTO payments (id, booking_id, amount, method, status, refunded_amount, paid_at, created_at) VALUES ('pay-0462', 'bk-0462', 33, 'card', 'paid', 0, '2026-02-07 23:00:00', '2026-02-07 23:00:00');
INSERT INTO bookings (id, booking_ref, user_id, studio_id, date, start_time, end_time, group_type, status, base_price, equipment_price, total_price, equipment, payment_method, payment_status, notes, created_at, updated_at, cancelled_at, cancel_reason) VALUES ('bk-0463', 'H3-20260130-KJL0', 'usr-035', 'la-scene', '2026-02-10', '11:00', '12:00', 'duo', 'completed', 24, 0, 24, NULL, 'card', 'paid', '', '2026-01-30 23:00:00', '2026-01-30 23:00:00', NULL, NULL);
INSERT INTO payments (id, booking_id, amount, method, status, refunded_amount, paid_at, created_at) VALUES ('pay-0463', 'bk-0463', 24, 'card', 'paid', 0, '2026-01-30 23:00:00', '2026-01-30 23:00:00');
INSERT INTO bookings (id, booking_ref, user_id, studio_id, date, start_time, end_time, group_type, status, base_price, equipment_price, total_price, equipment, payment_method, payment_status, notes, created_at, updated_at, cancelled_at, cancel_reason) VALUES ('bk-0464', 'H3-20260201-UHV8', 'usr-011', 'le-podium', '2026-02-10', '17:30', '18:30', 'duo', 'completed', 24, 3, 27, '[{"id":"cymbal","quantity":1}]', 'card', 'paid', '', '2026-02-01 23:00:00', '2026-02-01 23:00:00', NULL, NULL);
INSERT INTO payments (id, booking_id, amount, method, status, refunded_amount, paid_at, created_at) VALUES ('pay-0464', 'bk-0464', 27, 'card', 'paid', 0, '2026-02-01 23:00:00', '2026-02-01 23:00:00');
INSERT INTO bookings (id, booking_ref, user_id, studio_id, date, start_time, end_time, group_type, status, base_price, equipment_price, total_price, equipment, payment_method, payment_status, notes, created_at, updated_at, cancelled_at, cancel_reason) VALUES ('bk-0465', 'H3-20260130-0F9X', 'usr-021', 'la-scene', '2026-02-10', '20:00', '21:00', 'solo', 'no-show', 12, 0, 12, NULL, 'cash', 'pending', '', '2026-01-30 23:00:00', '2026-01-30 23:00:00', NULL, NULL);
INSERT INTO payments (id, booking_id, amount, method, status, refunded_amount, paid_at, created_at) VALUES ('pay-0465', 'bk-0465', 12, 'cash', 'pending', 0, NULL, '2026-01-30 23:00:00');
INSERT INTO bookings (id, booking_ref, user_id, studio_id, date, start_time, end_time, group_type, status, base_price, equipment_price, total_price, equipment, payment_method, payment_status, notes, created_at, updated_at, cancelled_at, cancel_reason) VALUES ('bk-0466', 'H3-20260128-R5MA', 'usr-026', 'le-podium', '2026-02-10', '13:30', '14:30', 'solo', 'completed', 12, 0, 12, NULL, 'card', 'paid', '', '2026-01-28 23:00:00', '2026-01-28 23:00:00', NULL, NULL);
INSERT INTO payments (id, booking_id, amount, method, status, refunded_amount, paid_at, created_at) VALUES ('pay-0466', 'bk-0466', 12, 'card', 'paid', 0, '2026-01-28 23:00:00', '2026-01-28 23:00:00');
INSERT INTO bookings (id, booking_ref, user_id, studio_id, date, start_time, end_time, group_type, status, base_price, equipment_price, total_price, equipment, payment_method, payment_status, notes, created_at, updated_at, cancelled_at, cancel_reason) VALUES ('bk-0467', 'H3-20260207-EA7T', 'usr-033', 'le-podium', '2026-02-10', '18:30', '20:00', 'duo', 'completed', 36, 0, 36, NULL, 'card', 'paid', '', '2026-02-07 23:00:00', '2026-02-07 23:00:00', NULL, NULL);
INSERT INTO payments (id, booking_id, amount, method, status, refunded_amount, paid_at, created_at) VALUES ('pay-0467', 'bk-0467', 36, 'card', 'paid', 0, '2026-02-07 23:00:00', '2026-02-07 23:00:00');
INSERT INTO bookings (id, booking_ref, user_id, studio_id, date, start_time, end_time, group_type, status, base_price, equipment_price, total_price, equipment, payment_method, payment_status, notes, created_at, updated_at, cancelled_at, cancel_reason) VALUES ('bk-0468', 'H3-20260130-V7BG', 'usr-034', 'le-podium', '2026-02-10', '20:30', '21:30', 'duo', 'completed', 24, 0, 24, NULL, 'card', 'paid', '', '2026-01-30 23:00:00', '2026-01-30 23:00:00', NULL, NULL);
INSERT INTO payments (id, booking_id, amount, method, status, refunded_amount, paid_at, created_at) VALUES ('pay-0468', 'bk-0468', 24, 'card', 'paid', 0, '2026-01-30 23:00:00', '2026-01-30 23:00:00');
INSERT INTO bookings (id, booking_ref, user_id, studio_id, date, start_time, end_time, group_type, status, base_price, equipment_price, total_price, equipment, payment_method, payment_status, notes, created_at, updated_at, cancelled_at, cancel_reason) VALUES ('bk-0469', 'H3-20260127-T7PN', 'usr-018', 'le-podium', '2026-02-10', '15:00', '16:00', 'duo', 'completed', 24, 6, 30, '[{"id":"cymbal","quantity":1},{"id":"bass","quantity":1}]', 'card', 'paid', '', '2026-01-27 23:00:00', '2026-01-27 23:00:00', NULL, NULL);
INSERT INTO payments (id, booking_id, amount, method, status, refunded_amount, paid_at, created_at) VALUES ('pay-0469', 'bk-0469', 30, 'card', 'paid', 0, '2026-01-27 23:00:00', '2026-01-27 23:00:00');
INSERT INTO bookings (id, booking_ref, user_id, studio_id, date, start_time, end_time, group_type, status, base_price, equipment_price, total_price, equipment, payment_method, payment_status, notes, created_at, updated_at, cancelled_at, cancel_reason) VALUES ('bk-0470', 'H3-20260129-U4RS', 'usr-017', 'le-podium', '2026-02-11', '13:30', '14:30', 'duo', 'completed', 24, 0, 24, NULL, 'cash', 'paid', '', '2026-01-29 23:00:00', '2026-01-29 23:00:00', NULL, NULL);
INSERT INTO payments (id, booking_id, amount, method, status, refunded_amount, paid_at, created_at) VALUES ('pay-0470', 'bk-0470', 24, 'cash', 'paid', 0, '2026-02-11 23:00:00', '2026-01-29 23:00:00');
INSERT INTO bookings (id, booking_ref, user_id, studio_id, date, start_time, end_time, group_type, status, base_price, equipment_price, total_price, equipment, payment_method, payment_status, notes, created_at, updated_at, cancelled_at, cancel_reason) VALUES ('bk-0471', 'H3-20260209-8LE7', 'usr-006', 'la-scene', '2026-02-11', '09:30', '10:30', 'group', 'completed', 36, 3, 39, '[{"id":"piano","quantity":1}]', 'cash', 'paid', '', '2026-02-09 23:00:00', '2026-02-09 23:00:00', NULL, NULL);
INSERT INTO payments (id, booking_id, amount, method, status, refunded_amount, paid_at, created_at) VALUES ('pay-0471', 'bk-0471', 39, 'cash', 'paid', 0, '2026-02-11 23:00:00', '2026-02-09 23:00:00');
INSERT INTO bookings (id, booking_ref, user_id, studio_id, date, start_time, end_time, group_type, status, base_price, equipment_price, total_price, equipment, payment_method, payment_status, notes, created_at, updated_at, cancelled_at, cancel_reason) VALUES ('bk-0472', 'H3-20260208-48KM', 'usr-039', 'la-scene', '2026-02-11', '20:30', '21:30', 'group', 'completed', 44, 0, 44, NULL, 'card', 'paid', '', '2026-02-08 23:00:00', '2026-02-08 23:00:00', NULL, NULL);
INSERT INTO payments (id, booking_id, amount, method, status, refunded_amount, paid_at, created_at) VALUES ('pay-0472', 'bk-0472', 44, 'card', 'paid', 0, '2026-02-08 23:00:00', '2026-02-08 23:00:00');
INSERT INTO bookings (id, booking_ref, user_id, studio_id, date, start_time, end_time, group_type, status, base_price, equipment_price, total_price, equipment, payment_method, payment_status, notes, created_at, updated_at, cancelled_at, cancel_reason) VALUES ('bk-0473', 'H3-20260206-BZWK', 'usr-031', 'le-podium', '2026-02-11', '19:00', '20:00', 'solo', 'completed', 12, 11, 23, '[{"id":"piano","quantity":2},{"id":"mic","quantity":2}]', 'card', 'paid', '', '2026-02-06 23:00:00', '2026-02-06 23:00:00', NULL, NULL);
INSERT INTO payments (id, booking_id, amount, method, status, refunded_amount, paid_at, created_at) VALUES ('pay-0473', 'bk-0473', 23, 'card', 'paid', 0, '2026-02-06 23:00:00', '2026-02-06 23:00:00');
INSERT INTO bookings (id, booking_ref, user_id, studio_id, date, start_time, end_time, group_type, status, base_price, equipment_price, total_price, equipment, payment_method, payment_status, notes, created_at, updated_at, cancelled_at, cancel_reason) VALUES ('bk-0474', 'H3-20260205-MLD5', 'usr-035', 'le-podium', '2026-02-11', '12:00', '13:00', 'group', 'no-show', 30, 3, 33, '[{"id":"cymbal","quantity":1}]', 'card', 'paid', '', '2026-02-05 23:00:00', '2026-02-05 23:00:00', NULL, NULL);
INSERT INTO payments (id, booking_id, amount, method, status, refunded_amount, paid_at, created_at) VALUES ('pay-0474', 'bk-0474', 33, 'card', 'paid', 0, '2026-02-05 23:00:00', '2026-02-05 23:00:00');
INSERT INTO bookings (id, booking_ref, user_id, studio_id, date, start_time, end_time, group_type, status, base_price, equipment_price, total_price, equipment, payment_method, payment_status, notes, created_at, updated_at, cancelled_at, cancel_reason) VALUES ('bk-0475', 'H3-20260202-KPBZ', 'usr-008', 'le-podium', '2026-02-11', '10:00', '11:00', 'group', 'completed', 30, 0, 30, NULL, 'card', 'paid', '', '2026-02-02 23:00:00', '2026-02-02 23:00:00', NULL, NULL);
INSERT INTO payments (id, booking_id, amount, method, status, refunded_amount, paid_at, created_at) VALUES ('pay-0475', 'bk-0475', 30, 'card', 'paid', 0, '2026-02-02 23:00:00', '2026-02-02 23:00:00');
INSERT INTO bookings (id, booking_ref, user_id, studio_id, date, start_time, end_time, group_type, status, base_price, equipment_price, total_price, equipment, payment_method, payment_status, notes, created_at, updated_at, cancelled_at, cancel_reason) VALUES ('bk-0476', 'H3-20260209-63NM', 'usr-018', 'la-scene', '2026-02-11', '19:30', '20:30', 'duo', 'completed', 24, 0, 24, NULL, 'cash', 'paid', '', '2026-02-09 23:00:00', '2026-02-09 23:00:00', NULL, NULL);
INSERT INTO payments (id, booking_id, amount, method, status, refunded_amount, paid_at, created_at) VALUES ('pay-0476', 'bk-0476', 24, 'cash', 'paid', 0, '2026-02-11 23:00:00', '2026-02-09 23:00:00');
INSERT INTO bookings (id, booking_ref, user_id, studio_id, date, start_time, end_time, group_type, status, base_price, equipment_price, total_price, equipment, payment_method, payment_status, notes, created_at, updated_at, cancelled_at, cancel_reason) VALUES ('bk-0477', 'H3-20260130-9ZBW', 'usr-009', 'le-podium', '2026-02-11', '16:00', '17:00', 'duo', 'no-show', 24, 0, 24, NULL, 'card', 'paid', '', '2026-01-30 23:00:00', '2026-01-30 23:00:00', NULL, NULL);
INSERT INTO payments (id, booking_id, amount, method, status, refunded_amount, paid_at, created_at) VALUES ('pay-0477', 'bk-0477', 24, 'card', 'paid', 0, '2026-01-30 23:00:00', '2026-01-30 23:00:00');
INSERT INTO bookings (id, booking_ref, user_id, studio_id, date, start_time, end_time, group_type, status, base_price, equipment_price, total_price, equipment, payment_method, payment_status, notes, created_at, updated_at, cancelled_at, cancel_reason) VALUES ('bk-0478', 'H3-20260130-6B15', 'usr-045', 'la-scene', '2026-02-11', '12:30', '13:30', 'solo', 'cancelled', 12, 0, 12, NULL, 'card', 'paid', '', '2026-01-30 23:00:00', '2026-01-30 23:00:00', '2026-02-02 23:00:00', 'Empêchement');
INSERT INTO payments (id, booking_id, amount, method, status, refunded_amount, paid_at, created_at) VALUES ('pay-0478', 'bk-0478', 12, 'card', 'paid', 0, '2026-01-30 23:00:00', '2026-01-30 23:00:00');
INSERT INTO bookings (id, booking_ref, user_id, studio_id, date, start_time, end_time, group_type, status, base_price, equipment_price, total_price, equipment, payment_method, payment_status, notes, created_at, updated_at, cancelled_at, cancel_reason) VALUES ('bk-0479', 'H3-20260206-UNYM', 'usr-050', 'la-scene', '2026-02-11', '11:00', '12:30', 'duo', 'no-show', 36, 0, 36, NULL, 'card', 'paid', '', '2026-02-06 23:00:00', '2026-02-06 23:00:00', NULL, NULL);
INSERT INTO payments (id, booking_id, amount, method, status, refunded_amount, paid_at, created_at) VALUES ('pay-0479', 'bk-0479', 36, 'card', 'paid', 0, '2026-02-06 23:00:00', '2026-02-06 23:00:00');
INSERT INTO bookings (id, booking_ref, user_id, studio_id, date, start_time, end_time, group_type, status, base_price, equipment_price, total_price, equipment, payment_method, payment_status, notes, created_at, updated_at, cancelled_at, cancel_reason) VALUES ('bk-0480', 'H3-20260205-NV97', 'usr-033', 'le-podium', '2026-02-11', '17:00', '18:00', 'duo', 'completed', 24, 0, 24, NULL, 'card', 'paid', '', '2026-02-05 23:00:00', '2026-02-05 23:00:00', NULL, NULL);
INSERT INTO payments (id, booking_id, amount, method, status, refunded_amount, paid_at, created_at) VALUES ('pay-0480', 'bk-0480', 24, 'card', 'paid', 0, '2026-02-05 23:00:00', '2026-02-05 23:00:00');
INSERT INTO bookings (id, booking_ref, user_id, studio_id, date, start_time, end_time, group_type, status, base_price, equipment_price, total_price, equipment, payment_method, payment_status, notes, created_at, updated_at, cancelled_at, cancel_reason) VALUES ('bk-0481', 'H3-20260207-DY12', 'usr-007', 'la-scene', '2026-02-12', '15:00', '16:30', 'group', 'confirmed', 54, 0, 54, NULL, 'card', 'paid', '', '2026-02-07 23:00:00', '2026-02-07 23:00:00', NULL, NULL);
INSERT INTO payments (id, booking_id, amount, method, status, refunded_amount, paid_at, created_at) VALUES ('pay-0481', 'bk-0481', 54, 'card', 'paid', 0, '2026-02-07 23:00:00', '2026-02-07 23:00:00');
INSERT INTO bookings (id, booking_ref, user_id, studio_id, date, start_time, end_time, group_type, status, base_price, equipment_price, total_price, equipment, payment_method, payment_status, notes, created_at, updated_at, cancelled_at, cancel_reason) VALUES ('bk-0482', 'H3-20260209-QV0G', 'usr-010', 'le-podium', '2026-02-12', '21:00', '22:00', 'duo', 'confirmed', 24, 3, 27, '[{"id":"bass","quantity":1}]', 'cash', 'pending', '', '2026-02-09 23:00:00', '2026-02-09 23:00:00', NULL, NULL);
INSERT INTO payments (id, booking_id, amount, method, status, refunded_amount, paid_at, created_at) VALUES ('pay-0482', 'bk-0482', 27, 'cash', 'pending', 0, NULL, '2026-02-09 23:00:00');
INSERT INTO bookings (id, booking_ref, user_id, studio_id, date, start_time, end_time, group_type, status, base_price, equipment_price, total_price, equipment, payment_method, payment_status, notes, created_at, updated_at, cancelled_at, cancel_reason) VALUES ('bk-0483', 'H3-20260207-RZ77', 'usr-039', 'le-podium', '2026-02-12', '09:30', '11:00', 'duo', 'confirmed', 36, 0, 36, NULL, 'card', 'paid', '', '2026-02-07 23:00:00', '2026-02-07 23:00:00', NULL, NULL);
INSERT INTO payments (id, booking_id, amount, method, status, refunded_amount, paid_at, created_at) VALUES ('pay-0483', 'bk-0483', 36, 'card', 'paid', 0, '2026-02-07 23:00:00', '2026-02-07 23:00:00');
INSERT INTO bookings (id, booking_ref, user_id, studio_id, date, start_time, end_time, group_type, status, base_price, equipment_price, total_price, equipment, payment_method, payment_status, notes, created_at, updated_at, cancelled_at, cancel_reason) VALUES ('bk-0484', 'H3-20260130-2QTI', 'usr-014', 'la-scene', '2026-02-12', '12:30', '14:00', 'duo', 'confirmed', 36, 0, 36, NULL, 'cash', 'pending', '', '2026-01-30 23:00:00', '2026-01-30 23:00:00', NULL, NULL);
INSERT INTO payments (id, booking_id, amount, method, status, refunded_amount, paid_at, created_at) VALUES ('pay-0484', 'bk-0484', 36, 'cash', 'pending', 0, NULL, '2026-01-30 23:00:00');
INSERT INTO bookings (id, booking_ref, user_id, studio_id, date, start_time, end_time, group_type, status, base_price, equipment_price, total_price, equipment, payment_method, payment_status, notes, created_at, updated_at, cancelled_at, cancel_reason) VALUES ('bk-0485', 'H3-20260208-RR48', 'usr-019', 'le-podium', '2026-02-12', '12:00', '13:30', 'group', 'confirmed', 45, 0, 45, NULL, 'card', 'paid', '', '2026-02-08 23:00:00', '2026-02-08 23:00:00', NULL, NULL);
INSERT INTO payments (id, booking_id, amount, method, status, refunded_amount, paid_at, created_at) VALUES ('pay-0485', 'bk-0485', 45, 'card', 'paid', 0, '2026-02-08 23:00:00', '2026-02-08 23:00:00');
INSERT INTO bookings (id, booking_ref, user_id, studio_id, date, start_time, end_time, group_type, status, base_price, equipment_price, total_price, equipment, payment_method, payment_status, notes, created_at, updated_at, cancelled_at, cancel_reason) VALUES ('bk-0486', 'H3-20260206-EI5C', 'usr-045', 'le-podium', '2026-02-12', '22:30', '23:30', 'duo', 'confirmed', 24, 6, 30, '[{"id":"piano","quantity":1},{"id":"cymbal","quantity":1}]', 'card', 'paid', '', '2026-02-06 23:00:00', '2026-02-06 23:00:00', NULL, NULL);
INSERT INTO payments (id, booking_id, amount, method, status, refunded_amount, paid_at, created_at) VALUES ('pay-0486', 'bk-0486', 30, 'card', 'paid', 0, '2026-02-06 23:00:00', '2026-02-06 23:00:00');
INSERT INTO bookings (id, booking_ref, user_id, studio_id, date, start_time, end_time, group_type, status, base_price, equipment_price, total_price, equipment, payment_method, payment_status, notes, created_at, updated_at, cancelled_at, cancel_reason) VALUES ('bk-0487', 'H3-20260201-RGZE', 'usr-039', 'le-podium', '2026-02-12', '18:00', '19:00', 'solo', 'confirmed', 12, 0, 12, NULL, 'card', 'paid', '', '2026-02-01 23:00:00', '2026-02-01 23:00:00', NULL, NULL);
INSERT INTO payments (id, booking_id, amount, method, status, refunded_amount, paid_at, created_at) VALUES ('pay-0487', 'bk-0487', 12, 'card', 'paid', 0, '2026-02-01 23:00:00', '2026-02-01 23:00:00');
INSERT INTO bookings (id, booking_ref, user_id, studio_id, date, start_time, end_time, group_type, status, base_price, equipment_price, total_price, equipment, payment_method, payment_status, notes, created_at, updated_at, cancelled_at, cancel_reason) VALUES ('bk-0488', 'H3-20260131-J6S9', 'usr-031', 'la-scene', '2026-02-12', '21:30', '22:30', 'solo', 'confirmed', 12, 0, 12, NULL, 'card', 'paid', '', '2026-01-31 23:00:00', '2026-01-31 23:00:00', NULL, NULL);
INSERT INTO payments (id, booking_id, amount, method, status, refunded_amount, paid_at, created_at) VALUES ('pay-0488', 'bk-0488', 12, 'card', 'paid', 0, '2026-01-31 23:00:00', '2026-01-31 23:00:00');
INSERT INTO bookings (id, booking_ref, user_id, studio_id, date, start_time, end_time, group_type, status, base_price, equipment_price, total_price, equipment, payment_method, payment_status, notes, created_at, updated_at, cancelled_at, cancel_reason) VALUES ('bk-0489', 'H3-20260205-OEMG', 'usr-019', 'la-scene', '2026-02-12', '18:30', '20:00', 'duo', 'confirmed', 36, 3, 39, '[{"id":"bass","quantity":1}]', 'card', 'paid', '', '2026-02-05 23:00:00', '2026-02-05 23:00:00', NULL, NULL);
INSERT INTO payments (id, booking_id, amount, method, status, refunded_amount, paid_at, created_at) VALUES ('pay-0489', 'bk-0489', 39, 'card', 'paid', 0, '2026-02-05 23:00:00', '2026-02-05 23:00:00');
INSERT INTO bookings (id, booking_ref, user_id, studio_id, date, start_time, end_time, group_type, status, base_price, equipment_price, total_price, equipment, payment_method, payment_status, notes, created_at, updated_at, cancelled_at, cancel_reason) VALUES ('bk-0490', 'H3-20260205-T248', 'usr-012', 'le-podium', '2026-02-12', '16:00', '17:00', 'duo', 'confirmed', 24, 9, 33, '[{"id":"guitar","quantity":2},{"id":"cymbal","quantity":2}]', 'card', 'paid', '', '2026-02-05 23:00:00', '2026-02-05 23:00:00', NULL, NULL);
INSERT INTO payments (id, booking_id, amount, method, status, refunded_amount, paid_at, created_at) VALUES ('pay-0490', 'bk-0490', 33, 'card', 'paid', 0, '2026-02-05 23:00:00', '2026-02-05 23:00:00');
INSERT INTO bookings (id, booking_ref, user_id, studio_id, date, start_time, end_time, group_type, status, base_price, equipment_price, total_price, equipment, payment_method, payment_status, notes, created_at, updated_at, cancelled_at, cancel_reason) VALUES ('bk-0491', 'H3-20260205-NLG5', 'usr-029', 'la-scene', '2026-02-12', '22:30', '23:30', 'group', 'confirmed', 44, 8, 52, '[{"id":"cymbal","quantity":1},{"id":"mic","quantity":2}]', 'cash', 'pending', '', '2026-02-05 23:00:00', '2026-02-05 23:00:00', NULL, NULL);
INSERT INTO payments (id, booking_id, amount, method, status, refunded_amount, paid_at, created_at) VALUES ('pay-0491', 'bk-0491', 52, 'cash', 'pending', 0, NULL, '2026-02-05 23:00:00');
INSERT INTO bookings (id, booking_ref, user_id, studio_id, date, start_time, end_time, group_type, status, base_price, equipment_price, total_price, equipment, payment_method, payment_status, notes, created_at, updated_at, cancelled_at, cancel_reason) VALUES ('bk-0492', 'H3-20260129-CUVK', 'usr-031', 'la-scene', '2026-02-12', '11:30', '12:30', 'duo', 'confirmed', 24, 5, 29, '[{"id":"mic","quantity":2}]', 'cash', 'pending', '', '2026-01-29 23:00:00', '2026-01-29 23:00:00', NULL, NULL);
INSERT INTO payments (id, booking_id, amount, method, status, refunded_amount, paid_at, created_at) VALUES ('pay-0492', 'bk-0492', 29, 'cash', 'pending', 0, NULL, '2026-01-29 23:00:00');
INSERT INTO bookings (id, booking_ref, user_id, studio_id, date, start_time, end_time, group_type, status, base_price, equipment_price, total_price, equipment, payment_method, payment_status, notes, created_at, updated_at, cancelled_at, cancel_reason) VALUES ('bk-0493', 'H3-20260205-Q93S', 'usr-028', 'le-podium', '2026-02-13', '10:30', '12:00', 'solo', 'confirmed', 18, 0, 18, NULL, 'card', 'paid', '', '2026-02-05 23:00:00', '2026-02-05 23:00:00', NULL, NULL);
INSERT INTO payments (id, booking_id, amount, method, status, refunded_amount, paid_at, created_at) VALUES ('pay-0493', 'bk-0493', 18, 'card', 'paid', 0, '2026-02-05 23:00:00', '2026-02-05 23:00:00');
INSERT INTO bookings (id, booking_ref, user_id, studio_id, date, start_time, end_time, group_type, status, base_price, equipment_price, total_price, equipment, payment_method, payment_status, notes, created_at, updated_at, cancelled_at, cancel_reason) VALUES ('bk-0494', 'H3-20260208-94FD', 'usr-011', 'la-scene', '2026-02-13', '16:00', '17:00', 'solo', 'confirmed', 12, 3, 15, '[{"id":"guitar","quantity":1}]', 'cash', 'pending', '', '2026-02-08 23:00:00', '2026-02-08 23:00:00', NULL, NULL);
INSERT INTO payments (id, booking_id, amount, method, status, refunded_amount, paid_at, created_at) VALUES ('pay-0494', 'bk-0494', 15, 'cash', 'pending', 0, NULL, '2026-02-08 23:00:00');
INSERT INTO bookings (id, booking_ref, user_id, studio_id, date, start_time, end_time, group_type, status, base_price, equipment_price, total_price, equipment, payment_method, payment_status, notes, created_at, updated_at, cancelled_at, cancel_reason) VALUES ('bk-0495', 'H3-20260202-3JUQ', 'usr-015', 'le-podium', '2026-02-13', '13:00', '14:00', 'solo', 'confirmed', 12, 0, 12, NULL, 'card', 'paid', '', '2026-02-02 23:00:00', '2026-02-02 23:00:00', NULL, NULL);
INSERT INTO payments (id, booking_id, amount, method, status, refunded_amount, paid_at, created_at) VALUES ('pay-0495', 'bk-0495', 12, 'card', 'paid', 0, '2026-02-02 23:00:00', '2026-02-02 23:00:00');
INSERT INTO bookings (id, booking_ref, user_id, studio_id, date, start_time, end_time, group_type, status, base_price, equipment_price, total_price, equipment, payment_method, payment_status, notes, created_at, updated_at, cancelled_at, cancel_reason) VALUES ('bk-0496', 'H3-20260212-0TM4', 'usr-040', 'la-scene', '2026-02-13', '19:30', '21:00', 'solo', 'confirmed', 18, 3, 21, '[{"id":"mic","quantity":1}]', 'cash', 'pending', '', '2026-02-12 23:00:00', '2026-02-12 23:00:00', NULL, NULL);
INSERT INTO payments (id, booking_id, amount, method, status, refunded_amount, paid_at, created_at) VALUES ('pay-0496', 'bk-0496', 21, 'cash', 'pending', 0, NULL, '2026-02-12 23:00:00');
INSERT INTO bookings (id, booking_ref, user_id, studio_id, date, start_time, end_time, group_type, status, base_price, equipment_price, total_price, equipment, payment_method, payment_status, notes, created_at, updated_at, cancelled_at, cancel_reason) VALUES ('bk-0497', 'H3-20260208-10WD', 'usr-003', 'la-scene', '2026-02-13', '17:30', '18:30', 'group', 'confirmed', 44, 0, 44, NULL, 'cash', 'pending', '', '2026-02-08 23:00:00', '2026-02-08 23:00:00', NULL, NULL);
INSERT INTO payments (id, booking_id, amount, method, status, refunded_amount, paid_at, created_at) VALUES ('pay-0497', 'bk-0497', 44, 'cash', 'pending', 0, NULL, '2026-02-08 23:00:00');
INSERT INTO bookings (id, booking_ref, user_id, studio_id, date, start_time, end_time, group_type, status, base_price, equipment_price, total_price, equipment, payment_method, payment_status, notes, created_at, updated_at, cancelled_at, cancel_reason) VALUES ('bk-0498', 'H3-20260211-4189', 'usr-050', 'le-podium', '2026-02-13', '21:00', '22:30', 'duo', 'confirmed', 36, 0, 36, NULL, 'cash', 'pending', '', '2026-02-11 23:00:00', '2026-02-11 23:00:00', NULL, NULL);
INSERT INTO payments (id, booking_id, amount, method, status, refunded_amount, paid_at, created_at) VALUES ('pay-0498', 'bk-0498', 36, 'cash', 'pending', 0, NULL, '2026-02-11 23:00:00');
INSERT INTO bookings (id, booking_ref, user_id, studio_id, date, start_time, end_time, group_type, status, base_price, equipment_price, total_price, equipment, payment_method, payment_status, notes, created_at, updated_at, cancelled_at, cancel_reason) VALUES ('bk-0499', 'H3-20260208-ELCM', 'usr-022', 'le-podium', '2026-02-13', '14:00', '15:00', 'group', 'confirmed', 36, 0, 36, NULL, 'cash', 'pending', '', '2026-02-08 23:00:00', '2026-02-08 23:00:00', NULL, NULL);
INSERT INTO payments (id, booking_id, amount, method, status, refunded_amount, paid_at, created_at) VALUES ('pay-0499', 'bk-0499', 36, 'cash', 'pending', 0, NULL, '2026-02-08 23:00:00');
INSERT INTO bookings (id, booking_ref, user_id, studio_id, date, start_time, end_time, group_type, status, base_price, equipment_price, total_price, equipment, payment_method, payment_status, notes, created_at, updated_at, cancelled_at, cancel_reason) VALUES ('bk-0500', 'H3-20260201-YQH8', 'usr-036', 'le-podium', '2026-02-13', '19:30', '21:00', 'group', 'confirmed', 54, 3, 57, '[{"id":"bass","quantity":2}]', 'card', 'paid', '', '2026-02-01 23:00:00', '2026-02-01 23:00:00', NULL, NULL);
INSERT INTO payments (id, booking_id, amount, method, status, refunded_amount, paid_at, created_at) VALUES ('pay-0500', 'bk-0500', 57, 'card', 'paid', 0, '2026-02-01 23:00:00', '2026-02-01 23:00:00');
INSERT INTO bookings (id, booking_ref, user_id, studio_id, date, start_time, end_time, group_type, status, base_price, equipment_price, total_price, equipment, payment_method, payment_status, notes, created_at, updated_at, cancelled_at, cancel_reason) VALUES ('bk-0501', 'H3-20260209-006Z', 'usr-027', 'le-podium', '2026-02-13', '17:00', '18:00', 'duo', 'confirmed', 24, 0, 24, NULL, 'card', 'paid', '', '2026-02-09 23:00:00', '2026-02-09 23:00:00', NULL, NULL);
INSERT INTO payments (id, booking_id, amount, method, status, refunded_amount, paid_at, created_at) VALUES ('pay-0501', 'bk-0501', 24, 'card', 'paid', 0, '2026-02-09 23:00:00', '2026-02-09 23:00:00');
INSERT INTO bookings (id, booking_ref, user_id, studio_id, date, start_time, end_time, group_type, status, base_price, equipment_price, total_price, equipment, payment_method, payment_status, notes, created_at, updated_at, cancelled_at, cancel_reason) VALUES ('bk-0502', 'H3-20260131-9RAU', 'usr-040', 'la-scene', '2026-02-13', '11:00', '12:00', 'duo', 'confirmed', 24, 0, 24, NULL, 'card', 'paid', '', '2026-01-31 23:00:00', '2026-01-31 23:00:00', NULL, NULL);
INSERT INTO payments (id, booking_id, amount, method, status, refunded_amount, paid_at, created_at) VALUES ('pay-0502', 'bk-0502', 24, 'card', 'paid', 0, '2026-01-31 23:00:00', '2026-01-31 23:00:00');
INSERT INTO bookings (id, booking_ref, user_id, studio_id, date, start_time, end_time, group_type, status, base_price, equipment_price, total_price, equipment, payment_method, payment_status, notes, created_at, updated_at, cancelled_at, cancel_reason) VALUES ('bk-0503', 'H3-20260206-I3CF', 'usr-017', 'la-scene', '2026-02-13', '09:00', '10:00', 'group', 'confirmed', 44, 6, 50, '[{"id":"guitar","quantity":2}]', 'cash', 'pending', '', '2026-02-06 23:00:00', '2026-02-06 23:00:00', NULL, NULL);
INSERT INTO payments (id, booking_id, amount, method, status, refunded_amount, paid_at, created_at) VALUES ('pay-0503', 'bk-0503', 50, 'cash', 'pending', 0, NULL, '2026-02-06 23:00:00');
INSERT INTO bookings (id, booking_ref, user_id, studio_id, date, start_time, end_time, group_type, status, base_price, equipment_price, total_price, equipment, payment_method, payment_status, notes, created_at, updated_at, cancelled_at, cancel_reason) VALUES ('bk-0504', 'H3-20260208-EA3D', 'usr-006', 'la-scene', '2026-02-13', '22:30', '23:30', 'solo', 'confirmed', 12, 0, 12, NULL, 'card', 'paid', '', '2026-02-08 23:00:00', '2026-02-08 23:00:00', NULL, NULL);
INSERT INTO payments (id, booking_id, amount, method, status, refunded_amount, paid_at, created_at) VALUES ('pay-0504', 'bk-0504', 12, 'card', 'paid', 0, '2026-02-08 23:00:00', '2026-02-08 23:00:00');
INSERT INTO bookings (id, booking_ref, user_id, studio_id, date, start_time, end_time, group_type, status, base_price, equipment_price, total_price, equipment, payment_method, payment_status, notes, created_at, updated_at, cancelled_at, cancel_reason) VALUES ('bk-0505', 'H3-20260211-82EF', 'usr-039', 'le-podium', '2026-02-14', '10:30', '11:30', 'group', 'confirmed', 36, 0, 36, NULL, 'cash', 'pending', '', '2026-02-11 23:00:00', '2026-02-11 23:00:00', NULL, NULL);
INSERT INTO payments (id, booking_id, amount, method, status, refunded_amount, paid_at, created_at) VALUES ('pay-0505', 'bk-0505', 36, 'cash', 'pending', 0, NULL, '2026-02-11 23:00:00');
INSERT INTO bookings (id, booking_ref, user_id, studio_id, date, start_time, end_time, group_type, status, base_price, equipment_price, total_price, equipment, payment_method, payment_status, notes, created_at, updated_at, cancelled_at, cancel_reason) VALUES ('bk-0506', 'H3-20260208-88RP', 'usr-014', 'le-podium', '2026-02-14', '19:00', '20:00', 'group', 'confirmed', 36, 0, 36, NULL, 'cash', 'pending', '', '2026-02-08 23:00:00', '2026-02-08 23:00:00', NULL, NULL);
INSERT INTO payments (id, booking_id, amount, method, status, refunded_amount, paid_at, created_at) VALUES ('pay-0506', 'bk-0506', 36, 'cash', 'pending', 0, NULL, '2026-02-08 23:00:00');
INSERT INTO bookings (id, booking_ref, user_id, studio_id, date, start_time, end_time, group_type, status, base_price, equipment_price, total_price, equipment, payment_method, payment_status, notes, created_at, updated_at, cancelled_at, cancel_reason) VALUES ('bk-0507', 'H3-20260209-9SKA', 'usr-032', 'la-scene', '2026-02-14', '09:00', '10:30', 'solo', 'confirmed', 18, 0, 18, NULL, 'card', 'paid', '', '2026-02-09 23:00:00', '2026-02-09 23:00:00', NULL, NULL);
INSERT INTO payments (id, booking_id, amount, method, status, refunded_amount, paid_at, created_at) VALUES ('pay-0507', 'bk-0507', 18, 'card', 'paid', 0, '2026-02-09 23:00:00', '2026-02-09 23:00:00');
INSERT INTO bookings (id, booking_ref, user_id, studio_id, date, start_time, end_time, group_type, status, base_price, equipment_price, total_price, equipment, payment_method, payment_status, notes, created_at, updated_at, cancelled_at, cancel_reason) VALUES ('bk-0508', 'H3-20260202-RTK6', 'usr-010', 'la-scene', '2026-02-14', '10:30', '12:00', 'group', 'confirmed', 66, 0, 66, NULL, 'cash', 'pending', '', '2026-02-02 23:00:00', '2026-02-02 23:00:00', NULL, NULL);
INSERT INTO payments (id, booking_id, amount, method, status, refunded_amount, paid_at, created_at) VALUES ('pay-0508', 'bk-0508', 66, 'cash', 'pending', 0, NULL, '2026-02-02 23:00:00');
INSERT INTO bookings (id, booking_ref, user_id, studio_id, date, start_time, end_time, group_type, status, base_price, equipment_price, total_price, equipment, payment_method, payment_status, notes, created_at, updated_at, cancelled_at, cancel_reason) VALUES ('bk-0509', 'H3-20260131-ZOH8', 'usr-039', 'le-podium', '2026-02-14', '15:00', '16:00', 'solo', 'confirmed', 12, 0, 12, NULL, 'cash', 'pending', '', '2026-01-31 23:00:00', '2026-01-31 23:00:00', NULL, NULL);
INSERT INTO payments (id, booking_id, amount, method, status, refunded_amount, paid_at, created_at) VALUES ('pay-0509', 'bk-0509', 12, 'cash', 'pending', 0, NULL, '2026-01-31 23:00:00');
INSERT INTO bookings (id, booking_ref, user_id, studio_id, date, start_time, end_time, group_type, status, base_price, equipment_price, total_price, equipment, payment_method, payment_status, notes, created_at, updated_at, cancelled_at, cancel_reason) VALUES ('bk-0510', 'H3-20260204-N3BE', 'usr-006', 'la-scene', '2026-02-14', '19:00', '20:00', 'solo', 'confirmed', 12, 0, 12, NULL, 'card', 'paid', '', '2026-02-04 23:00:00', '2026-02-04 23:00:00', NULL, NULL);
INSERT INTO payments (id, booking_id, amount, method, status, refunded_amount, paid_at, created_at) VALUES ('pay-0510', 'bk-0510', 12, 'card', 'paid', 0, '2026-02-04 23:00:00', '2026-02-04 23:00:00');
INSERT INTO bookings (id, booking_ref, user_id, studio_id, date, start_time, end_time, group_type, status, base_price, equipment_price, total_price, equipment, payment_method, payment_status, notes, created_at, updated_at, cancelled_at, cancel_reason) VALUES ('bk-0511', 'H3-20260203-SPCW', 'usr-013', 'la-scene', '2026-02-14', '17:00', '18:00', 'group', 'confirmed', 44, 6, 50, '[{"id":"piano","quantity":2}]', 'cash', 'pending', '', '2026-02-03 23:00:00', '2026-02-03 23:00:00', NULL, NULL);
INSERT INTO payments (id, booking_id, amount, method, status, refunded_amount, paid_at, created_at) VALUES ('pay-0511', 'bk-0511', 50, 'cash', 'pending', 0, NULL, '2026-02-03 23:00:00');
INSERT INTO bookings (id, booking_ref, user_id, studio_id, date, start_time, end_time, group_type, status, base_price, equipment_price, total_price, equipment, payment_method, payment_status, notes, created_at, updated_at, cancelled_at, cancel_reason) VALUES ('bk-0512', 'H3-20260206-5AXU', 'usr-026', 'la-scene', '2026-02-14', '15:00', '16:30', 'solo', 'confirmed', 18, 11, 29, '[{"id":"guitar","quantity":2},{"id":"mic","quantity":2}]', 'card', 'paid', '', '2026-02-06 23:00:00', '2026-02-06 23:00:00', NULL, NULL);
INSERT INTO payments (id, booking_id, amount, method, status, refunded_amount, paid_at, created_at) VALUES ('pay-0512', 'bk-0512', 29, 'card', 'paid', 0, '2026-02-06 23:00:00', '2026-02-06 23:00:00');
INSERT INTO bookings (id, booking_ref, user_id, studio_id, date, start_time, end_time, group_type, status, base_price, equipment_price, total_price, equipment, payment_method, payment_status, notes, created_at, updated_at, cancelled_at, cancel_reason) VALUES ('bk-0513', 'H3-20260213-8JGP', 'usr-012', 'la-scene', '2026-02-14', '22:00', '23:00', 'solo', 'confirmed', 12, 0, 12, NULL, 'card', 'paid', '', '2026-02-13 23:00:00', '2026-02-13 23:00:00', NULL, NULL);
INSERT INTO payments (id, booking_id, amount, method, status, refunded_amount, paid_at, created_at) VALUES ('pay-0513', 'bk-0513', 12, 'card', 'paid', 0, '2026-02-13 23:00:00', '2026-02-13 23:00:00');
INSERT INTO bookings (id, booking_ref, user_id, studio_id, date, start_time, end_time, group_type, status, base_price, equipment_price, total_price, equipment, payment_method, payment_status, notes, created_at, updated_at, cancelled_at, cancel_reason) VALUES ('bk-0514', 'H3-20260203-QLDN', 'usr-026', 'le-podium', '2026-02-14', '17:30', '19:00', 'group', 'confirmed', 54, 0, 54, NULL, 'cash', 'pending', '', '2026-02-03 23:00:00', '2026-02-03 23:00:00', NULL, NULL);
INSERT INTO payments (id, booking_id, amount, method, status, refunded_amount, paid_at, created_at) VALUES ('pay-0514', 'bk-0514', 54, 'cash', 'pending', 0, NULL, '2026-02-03 23:00:00');
INSERT INTO bookings (id, booking_ref, user_id, studio_id, date, start_time, end_time, group_type, status, base_price, equipment_price, total_price, equipment, payment_method, payment_status, notes, created_at, updated_at, cancelled_at, cancel_reason) VALUES ('bk-0515', 'H3-20260131-4H9C', 'usr-040', 'la-scene', '2026-02-14', '13:30', '14:30', 'solo', 'confirmed', 12, 0, 12, NULL, 'card', 'paid', '', '2026-01-31 23:00:00', '2026-01-31 23:00:00', NULL, NULL);
INSERT INTO payments (id, booking_id, amount, method, status, refunded_amount, paid_at, created_at) VALUES ('pay-0515', 'bk-0515', 12, 'card', 'paid', 0, '2026-01-31 23:00:00', '2026-01-31 23:00:00');
INSERT INTO bookings (id, booking_ref, user_id, studio_id, date, start_time, end_time, group_type, status, base_price, equipment_price, total_price, equipment, payment_method, payment_status, notes, created_at, updated_at, cancelled_at, cancel_reason) VALUES ('bk-0516', 'H3-20260207-HPYY', 'usr-009', 'le-podium', '2026-02-15', '20:00', '21:00', 'group', 'confirmed', 36, 0, 36, NULL, 'card', 'paid', '', '2026-02-07 23:00:00', '2026-02-07 23:00:00', NULL, NULL);
INSERT INTO payments (id, booking_id, amount, method, status, refunded_amount, paid_at, created_at) VALUES ('pay-0516', 'bk-0516', 36, 'card', 'paid', 0, '2026-02-07 23:00:00', '2026-02-07 23:00:00');
INSERT INTO bookings (id, booking_ref, user_id, studio_id, date, start_time, end_time, group_type, status, base_price, equipment_price, total_price, equipment, payment_method, payment_status, notes, created_at, updated_at, cancelled_at, cancel_reason) VALUES ('bk-0517', 'H3-20260212-D0FW', 'usr-015', 'la-scene', '2026-02-15', '12:00', '13:00', 'solo', 'confirmed', 12, 0, 12, NULL, 'cash', 'pending', '', '2026-02-12 23:00:00', '2026-02-12 23:00:00', NULL, NULL);
INSERT INTO payments (id, booking_id, amount, method, status, refunded_amount, paid_at, created_at) VALUES ('pay-0517', 'bk-0517', 12, 'cash', 'pending', 0, NULL, '2026-02-12 23:00:00');
INSERT INTO bookings (id, booking_ref, user_id, studio_id, date, start_time, end_time, group_type, status, base_price, equipment_price, total_price, equipment, payment_method, payment_status, notes, created_at, updated_at, cancelled_at, cancel_reason) VALUES ('bk-0518', 'H3-20260211-L29E', 'usr-002', 'le-podium', '2026-02-15', '17:00', '18:00', 'solo', 'confirmed', 12, 6, 18, '[{"id":"mic","quantity":1},{"id":"guitar","quantity":1}]', 'card', 'paid', '', '2026-02-11 23:00:00', '2026-02-11 23:00:00', NULL, NULL);
INSERT INTO payments (id, booking_id, amount, method, status, refunded_amount, paid_at, created_at) VALUES ('pay-0518', 'bk-0518', 18, 'card', 'paid', 0, '2026-02-11 23:00:00', '2026-02-11 23:00:00');
INSERT INTO bookings (id, booking_ref, user_id, studio_id, date, start_time, end_time, group_type, status, base_price, equipment_price, total_price, equipment, payment_method, payment_status, notes, created_at, updated_at, cancelled_at, cancel_reason) VALUES ('bk-0519', 'H3-20260201-TTDF', 'usr-049', 'la-scene', '2026-02-15', '21:00', '22:00', 'group', 'confirmed', 44, 0, 44, NULL, 'card', 'paid', '', '2026-02-01 23:00:00', '2026-02-01 23:00:00', NULL, NULL);
INSERT INTO payments (id, booking_id, amount, method, status, refunded_amount, paid_at, created_at) VALUES ('pay-0519', 'bk-0519', 44, 'card', 'paid', 0, '2026-02-01 23:00:00', '2026-02-01 23:00:00');
INSERT INTO bookings (id, booking_ref, user_id, studio_id, date, start_time, end_time, group_type, status, base_price, equipment_price, total_price, equipment, payment_method, payment_status, notes, created_at, updated_at, cancelled_at, cancel_reason) VALUES ('bk-0520', 'H3-20260201-14YO', 'usr-015', 'le-podium', '2026-02-15', '21:30', '23:00', 'solo', 'confirmed', 18, 0, 18, NULL, 'card', 'paid', '', '2026-02-01 23:00:00', '2026-02-01 23:00:00', NULL, NULL);
INSERT INTO payments (id, booking_id, amount, method, status, refunded_amount, paid_at, created_at) VALUES ('pay-0520', 'bk-0520', 18, 'card', 'paid', 0, '2026-02-01 23:00:00', '2026-02-01 23:00:00');
INSERT INTO bookings (id, booking_ref, user_id, studio_id, date, start_time, end_time, group_type, status, base_price, equipment_price, total_price, equipment, payment_method, payment_status, notes, created_at, updated_at, cancelled_at, cancel_reason) VALUES ('bk-0521', 'H3-20260210-RC01', 'usr-044', 'la-scene', '2026-02-15', '22:00', '23:00', 'group', 'confirmed', 44, 0, 44, NULL, 'cash', 'pending', '', '2026-02-10 23:00:00', '2026-02-10 23:00:00', NULL, NULL);
INSERT INTO payments (id, booking_id, amount, method, status, refunded_amount, paid_at, created_at) VALUES ('pay-0521', 'bk-0521', 44, 'cash', 'pending', 0, NULL, '2026-02-10 23:00:00');
INSERT INTO bookings (id, booking_ref, user_id, studio_id, date, start_time, end_time, group_type, status, base_price, equipment_price, total_price, equipment, payment_method, payment_status, notes, created_at, updated_at, cancelled_at, cancel_reason) VALUES ('bk-0522', 'H3-20260208-9OZS', 'usr-016', 'la-scene', '2026-02-15', '16:30', '17:30', 'solo', 'confirmed', 12, 0, 12, NULL, 'card', 'paid', '', '2026-02-08 23:00:00', '2026-02-08 23:00:00', NULL, NULL);
INSERT INTO payments (id, booking_id, amount, method, status, refunded_amount, paid_at, created_at) VALUES ('pay-0522', 'bk-0522', 12, 'card', 'paid', 0, '2026-02-08 23:00:00', '2026-02-08 23:00:00');
INSERT INTO bookings (id, booking_ref, user_id, studio_id, date, start_time, end_time, group_type, status, base_price, equipment_price, total_price, equipment, payment_method, payment_status, notes, created_at, updated_at, cancelled_at, cancel_reason) VALUES ('bk-0523', 'H3-20260209-ZAKS', 'usr-044', 'le-podium', '2026-02-15', '11:30', '13:00', 'duo', 'confirmed', 36, 0, 36, NULL, 'card', 'paid', '', '2026-02-09 23:00:00', '2026-02-09 23:00:00', NULL, NULL);
INSERT INTO payments (id, booking_id, amount, method, status, refunded_amount, paid_at, created_at) VALUES ('pay-0523', 'bk-0523', 36, 'card', 'paid', 0, '2026-02-09 23:00:00', '2026-02-09 23:00:00');
INSERT INTO bookings (id, booking_ref, user_id, studio_id, date, start_time, end_time, group_type, status, base_price, equipment_price, total_price, equipment, payment_method, payment_status, notes, created_at, updated_at, cancelled_at, cancel_reason) VALUES ('bk-0524', 'H3-20260212-DS85', 'usr-016', 'le-podium', '2026-02-15', '16:00', '17:00', 'group', 'confirmed', 30, 0, 30, NULL, 'card', 'paid', '', '2026-02-12 23:00:00', '2026-02-12 23:00:00', NULL, NULL);
INSERT INTO payments (id, booking_id, amount, method, status, refunded_amount, paid_at, created_at) VALUES ('pay-0524', 'bk-0524', 30, 'card', 'paid', 0, '2026-02-12 23:00:00', '2026-02-12 23:00:00');
INSERT INTO bookings (id, booking_ref, user_id, studio_id, date, start_time, end_time, group_type, status, base_price, equipment_price, total_price, equipment, payment_method, payment_status, notes, created_at, updated_at, cancelled_at, cancel_reason) VALUES ('bk-0525', 'H3-20260213-IPW7', 'usr-049', 'la-scene', '2026-02-15', '10:30', '11:30', 'duo', 'confirmed', 24, 0, 24, NULL, 'cash', 'pending', '', '2026-02-13 23:00:00', '2026-02-13 23:00:00', NULL, NULL);
INSERT INTO payments (id, booking_id, amount, method, status, refunded_amount, paid_at, created_at) VALUES ('pay-0525', 'bk-0525', 24, 'cash', 'pending', 0, NULL, '2026-02-13 23:00:00');
INSERT INTO bookings (id, booking_ref, user_id, studio_id, date, start_time, end_time, group_type, status, base_price, equipment_price, total_price, equipment, payment_method, payment_status, notes, created_at, updated_at, cancelled_at, cancel_reason) VALUES ('bk-0526', 'H3-20260204-JPL5', 'usr-048', 'la-scene', '2026-02-16', '22:30', '23:30', 'group', 'confirmed', 44, 0, 44, NULL, 'card', 'paid', '', '2026-02-04 23:00:00', '2026-02-04 23:00:00', NULL, NULL);
INSERT INTO payments (id, booking_id, amount, method, status, refunded_amount, paid_at, created_at) VALUES ('pay-0526', 'bk-0526', 44, 'card', 'paid', 0, '2026-02-04 23:00:00', '2026-02-04 23:00:00');
INSERT INTO bookings (id, booking_ref, user_id, studio_id, date, start_time, end_time, group_type, status, base_price, equipment_price, total_price, equipment, payment_method, payment_status, notes, created_at, updated_at, cancelled_at, cancel_reason) VALUES ('bk-0527', 'H3-20260204-3X7O', 'usr-008', 'le-podium', '2026-02-16', '19:00', '20:30', 'group', 'confirmed', 54, 0, 54, NULL, 'card', 'paid', '', '2026-02-04 23:00:00', '2026-02-04 23:00:00', NULL, NULL);
INSERT INTO payments (id, booking_id, amount, method, status, refunded_amount, paid_at, created_at) VALUES ('pay-0527', 'bk-0527', 54, 'card', 'paid', 0, '2026-02-04 23:00:00', '2026-02-04 23:00:00');
INSERT INTO bookings (id, booking_ref, user_id, studio_id, date, start_time, end_time, group_type, status, base_price, equipment_price, total_price, equipment, payment_method, payment_status, notes, created_at, updated_at, cancelled_at, cancel_reason) VALUES ('bk-0528', 'H3-20260215-5SZ9', 'usr-032', 'le-podium', '2026-02-16', '13:00', '14:00', 'group', 'confirmed', 30, 0, 30, NULL, 'cash', 'pending', '', '2026-02-15 23:00:00', '2026-02-15 23:00:00', NULL, NULL);
INSERT INTO payments (id, booking_id, amount, method, status, refunded_amount, paid_at, created_at) VALUES ('pay-0528', 'bk-0528', 30, 'cash', 'pending', 0, NULL, '2026-02-15 23:00:00');
INSERT INTO bookings (id, booking_ref, user_id, studio_id, date, start_time, end_time, group_type, status, base_price, equipment_price, total_price, equipment, payment_method, payment_status, notes, created_at, updated_at, cancelled_at, cancel_reason) VALUES ('bk-0529', 'H3-20260205-3XX3', 'usr-041', 'la-scene', '2026-02-16', '18:30', '20:00', 'solo', 'confirmed', 18, 0, 18, NULL, 'cash', 'pending', '', '2026-02-05 23:00:00', '2026-02-05 23:00:00', NULL, NULL);
INSERT INTO payments (id, booking_id, amount, method, status, refunded_amount, paid_at, created_at) VALUES ('pay-0529', 'bk-0529', 18, 'cash', 'pending', 0, NULL, '2026-02-05 23:00:00');
INSERT INTO bookings (id, booking_ref, user_id, studio_id, date, start_time, end_time, group_type, status, base_price, equipment_price, total_price, equipment, payment_method, payment_status, notes, created_at, updated_at, cancelled_at, cancel_reason) VALUES ('bk-0530', 'H3-20260206-EE5X', 'usr-024', 'la-scene', '2026-02-16', '17:00', '18:30', 'duo', 'confirmed', 36, 0, 36, NULL, 'card', 'paid', '', '2026-02-06 23:00:00', '2026-02-06 23:00:00', NULL, NULL);
INSERT INTO payments (id, booking_id, amount, method, status, refunded_amount, paid_at, created_at) VALUES ('pay-0530', 'bk-0530', 36, 'card', 'paid', 0, '2026-02-06 23:00:00', '2026-02-06 23:00:00');
INSERT INTO bookings (id, booking_ref, user_id, studio_id, date, start_time, end_time, group_type, status, base_price, equipment_price, total_price, equipment, payment_method, payment_status, notes, created_at, updated_at, cancelled_at, cancel_reason) VALUES ('bk-0531', 'H3-20260215-I699', 'usr-023', 'le-podium', '2026-02-16', '17:30', '18:30', 'duo', 'confirmed', 24, 6, 30, '[{"id":"cymbal","quantity":1},{"id":"bass","quantity":2}]', 'card', 'paid', '', '2026-02-15 23:00:00', '2026-02-15 23:00:00', NULL, NULL);
INSERT INTO payments (id, booking_id, amount, method, status, refunded_amount, paid_at, created_at) VALUES ('pay-0531', 'bk-0531', 30, 'card', 'paid', 0, '2026-02-15 23:00:00', '2026-02-15 23:00:00');
INSERT INTO bookings (id, booking_ref, user_id, studio_id, date, start_time, end_time, group_type, status, base_price, equipment_price, total_price, equipment, payment_method, payment_status, notes, created_at, updated_at, cancelled_at, cancel_reason) VALUES ('bk-0532', 'H3-20260208-IO14', 'usr-001', 'la-scene', '2026-02-16', '09:30', '10:30', 'group', 'confirmed', 36, 0, 36, NULL, 'card', 'paid', '', '2026-02-08 23:00:00', '2026-02-08 23:00:00', NULL, NULL);
INSERT INTO payments (id, booking_id, amount, method, status, refunded_amount, paid_at, created_at) VALUES ('pay-0532', 'bk-0532', 36, 'card', 'paid', 0, '2026-02-08 23:00:00', '2026-02-08 23:00:00');
INSERT INTO bookings (id, booking_ref, user_id, studio_id, date, start_time, end_time, group_type, status, base_price, equipment_price, total_price, equipment, payment_method, payment_status, notes, created_at, updated_at, cancelled_at, cancel_reason) VALUES ('bk-0533', 'H3-20260208-5E8I', 'usr-026', 'la-scene', '2026-02-16', '16:00', '17:00', 'group', 'confirmed', 36, 0, 36, NULL, 'cash', 'pending', '', '2026-02-08 23:00:00', '2026-02-08 23:00:00', NULL, NULL);
INSERT INTO payments (id, booking_id, amount, method, status, refunded_amount, paid_at, created_at) VALUES ('pay-0533', 'bk-0533', 36, 'cash', 'pending', 0, NULL, '2026-02-08 23:00:00');
INSERT INTO bookings (id, booking_ref, user_id, studio_id, date, start_time, end_time, group_type, status, base_price, equipment_price, total_price, equipment, payment_method, payment_status, notes, created_at, updated_at, cancelled_at, cancel_reason) VALUES ('bk-0534', 'H3-20260215-VDBK', 'usr-011', 'la-scene', '2026-02-16', '12:30', '13:30', 'group', 'confirmed', 36, 0, 36, NULL, 'card', 'paid', '', '2026-02-15 23:00:00', '2026-02-15 23:00:00', NULL, NULL);
INSERT INTO payments (id, booking_id, amount, method, status, refunded_amount, paid_at, created_at) VALUES ('pay-0534', 'bk-0534', 36, 'card', 'paid', 0, '2026-02-15 23:00:00', '2026-02-15 23:00:00');
INSERT INTO bookings (id, booking_ref, user_id, studio_id, date, start_time, end_time, group_type, status, base_price, equipment_price, total_price, equipment, payment_method, payment_status, notes, created_at, updated_at, cancelled_at, cancel_reason) VALUES ('bk-0535', 'H3-20260212-B0JQ', 'usr-048', 'le-podium', '2026-02-16', '15:00', '16:30', 'solo', 'confirmed', 18, 0, 18, NULL, 'cash', 'pending', '', '2026-02-12 23:00:00', '2026-02-12 23:00:00', NULL, NULL);
INSERT INTO payments (id, booking_id, amount, method, status, refunded_amount, paid_at, created_at) VALUES ('pay-0535', 'bk-0535', 18, 'cash', 'pending', 0, NULL, '2026-02-12 23:00:00');
INSERT INTO bookings (id, booking_ref, user_id, studio_id, date, start_time, end_time, group_type, status, base_price, equipment_price, total_price, equipment, payment_method, payment_status, notes, created_at, updated_at, cancelled_at, cancel_reason) VALUES ('bk-0536', 'H3-20260211-KOCK', 'usr-029', 'la-scene', '2026-02-17', '17:00', '18:30', 'duo', 'confirmed', 36, 6, 42, '[{"id":"cymbal","quantity":1},{"id":"bass","quantity":2}]', 'cash', 'pending', '', '2026-02-11 23:00:00', '2026-02-11 23:00:00', NULL, NULL);
INSERT INTO payments (id, booking_id, amount, method, status, refunded_amount, paid_at, created_at) VALUES ('pay-0536', 'bk-0536', 42, 'cash', 'pending', 0, NULL, '2026-02-11 23:00:00');
INSERT INTO bookings (id, booking_ref, user_id, studio_id, date, start_time, end_time, group_type, status, base_price, equipment_price, total_price, equipment, payment_method, payment_status, notes, created_at, updated_at, cancelled_at, cancel_reason) VALUES ('bk-0537', 'H3-20260216-KWI5', 'usr-012', 'la-scene', '2026-02-17', '13:00', '14:00', 'solo', 'confirmed', 12, 0, 12, NULL, 'cash', 'pending', '', '2026-02-16 23:00:00', '2026-02-16 23:00:00', NULL, NULL);
INSERT INTO payments (id, booking_id, amount, method, status, refunded_amount, paid_at, created_at) VALUES ('pay-0537', 'bk-0537', 12, 'cash', 'pending', 0, NULL, '2026-02-16 23:00:00');
INSERT INTO bookings (id, booking_ref, user_id, studio_id, date, start_time, end_time, group_type, status, base_price, equipment_price, total_price, equipment, payment_method, payment_status, notes, created_at, updated_at, cancelled_at, cancel_reason) VALUES ('bk-0538', 'H3-20260212-RVC6', 'usr-050', 'le-podium', '2026-02-17', '11:00', '12:00', 'group', 'confirmed', 30, 0, 30, NULL, 'cash', 'pending', '', '2026-02-12 23:00:00', '2026-02-12 23:00:00', NULL, NULL);
INSERT INTO payments (id, booking_id, amount, method, status, refunded_amount, paid_at, created_at) VALUES ('pay-0538', 'bk-0538', 30, 'cash', 'pending', 0, NULL, '2026-02-12 23:00:00');
INSERT INTO bookings (id, booking_ref, user_id, studio_id, date, start_time, end_time, group_type, status, base_price, equipment_price, total_price, equipment, payment_method, payment_status, notes, created_at, updated_at, cancelled_at, cancel_reason) VALUES ('bk-0539', 'H3-20260206-STUO', 'usr-014', 'le-podium', '2026-02-17', '16:30', '18:00', 'duo', 'confirmed', 36, 0, 36, NULL, 'cash', 'pending', '', '2026-02-06 23:00:00', '2026-02-06 23:00:00', NULL, NULL);
INSERT INTO payments (id, booking_id, amount, method, status, refunded_amount, paid_at, created_at) VALUES ('pay-0539', 'bk-0539', 36, 'cash', 'pending', 0, NULL, '2026-02-06 23:00:00');
INSERT INTO bookings (id, booking_ref, user_id, studio_id, date, start_time, end_time, group_type, status, base_price, equipment_price, total_price, equipment, payment_method, payment_status, notes, created_at, updated_at, cancelled_at, cancel_reason) VALUES ('bk-0540', 'H3-20260207-K4EI', 'usr-015', 'le-podium', '2026-02-17', '19:30', '20:30', 'group', 'confirmed', 36, 0, 36, NULL, 'card', 'paid', '', '2026-02-07 23:00:00', '2026-02-07 23:00:00', NULL, NULL);
INSERT INTO payments (id, booking_id, amount, method, status, refunded_amount, paid_at, created_at) VALUES ('pay-0540', 'bk-0540', 36, 'card', 'paid', 0, '2026-02-07 23:00:00', '2026-02-07 23:00:00');
INSERT INTO bookings (id, booking_ref, user_id, studio_id, date, start_time, end_time, group_type, status, base_price, equipment_price, total_price, equipment, payment_method, payment_status, notes, created_at, updated_at, cancelled_at, cancel_reason) VALUES ('bk-0541', 'H3-20260215-3JHX', 'usr-030', 'la-scene', '2026-02-17', '14:30', '15:30', 'duo', 'confirmed', 24, 0, 24, NULL, 'card', 'paid', '', '2026-02-15 23:00:00', '2026-02-15 23:00:00', NULL, NULL);
INSERT INTO payments (id, booking_id, amount, method, status, refunded_amount, paid_at, created_at) VALUES ('pay-0541', 'bk-0541', 24, 'card', 'paid', 0, '2026-02-15 23:00:00', '2026-02-15 23:00:00');
INSERT INTO bookings (id, booking_ref, user_id, studio_id, date, start_time, end_time, group_type, status, base_price, equipment_price, total_price, equipment, payment_method, payment_status, notes, created_at, updated_at, cancelled_at, cancel_reason) VALUES ('bk-0542', 'H3-20260211-9SS2', 'usr-017', 'le-podium', '2026-02-17', '14:00', '15:00', 'duo', 'confirmed', 24, 0, 24, NULL, 'cash', 'pending', '', '2026-02-11 23:00:00', '2026-02-11 23:00:00', NULL, NULL);
INSERT INTO payments (id, booking_id, amount, method, status, refunded_amount, paid_at, created_at) VALUES ('pay-0542', 'bk-0542', 24, 'cash', 'pending', 0, NULL, '2026-02-11 23:00:00');
INSERT INTO bookings (id, booking_ref, user_id, studio_id, date, start_time, end_time, group_type, status, base_price, equipment_price, total_price, equipment, payment_method, payment_status, notes, created_at, updated_at, cancelled_at, cancel_reason) VALUES ('bk-0543', 'H3-20260206-L05P', 'usr-001', 'la-scene', '2026-02-17', '22:00', '23:00', 'group', 'confirmed', 44, 5, 49, '[{"id":"mic","quantity":2}]', 'card', 'paid', '', '2026-02-06 23:00:00', '2026-02-06 23:00:00', NULL, NULL);
INSERT INTO payments (id, booking_id, amount, method, status, refunded_amount, paid_at, created_at) VALUES ('pay-0543', 'bk-0543', 49, 'card', 'paid', 0, '2026-02-06 23:00:00', '2026-02-06 23:00:00');
INSERT INTO bookings (id, booking_ref, user_id, studio_id, date, start_time, end_time, group_type, status, base_price, equipment_price, total_price, equipment, payment_method, payment_status, notes, created_at, updated_at, cancelled_at, cancel_reason) VALUES ('bk-0544', 'H3-20260205-3008', 'usr-038', 'la-scene', '2026-02-17', '20:00', '21:00', 'solo', 'confirmed', 12, 3, 15, '[{"id":"mic","quantity":1}]', 'card', 'paid', '', '2026-02-05 23:00:00', '2026-02-05 23:00:00', NULL, NULL);
INSERT INTO payments (id, booking_id, amount, method, status, refunded_amount, paid_at, created_at) VALUES ('pay-0544', 'bk-0544', 15, 'card', 'paid', 0, '2026-02-05 23:00:00', '2026-02-05 23:00:00');
INSERT INTO bookings (id, booking_ref, user_id, studio_id, date, start_time, end_time, group_type, status, base_price, equipment_price, total_price, equipment, payment_method, payment_status, notes, created_at, updated_at, cancelled_at, cancel_reason) VALUES ('bk-0545', 'H3-20260203-T3P8', 'usr-029', 'le-podium', '2026-02-17', '18:00', '19:30', 'group', 'confirmed', 54, 0, 54, NULL, 'card', 'paid', '', '2026-02-03 23:00:00', '2026-02-03 23:00:00', NULL, NULL);
INSERT INTO payments (id, booking_id, amount, method, status, refunded_amount, paid_at, created_at) VALUES ('pay-0545', 'bk-0545', 54, 'card', 'paid', 0, '2026-02-03 23:00:00', '2026-02-03 23:00:00');
INSERT INTO bookings (id, booking_ref, user_id, studio_id, date, start_time, end_time, group_type, status, base_price, equipment_price, total_price, equipment, payment_method, payment_status, notes, created_at, updated_at, cancelled_at, cancel_reason) VALUES ('bk-0546', 'H3-20260205-STLA', 'usr-018', 'la-scene', '2026-02-18', '11:00', '12:30', 'solo', 'confirmed', 18, 3, 21, '[{"id":"cymbal","quantity":2}]', 'cash', 'pending', '', '2026-02-05 23:00:00', '2026-02-05 23:00:00', NULL, NULL);
INSERT INTO payments (id, booking_id, amount, method, status, refunded_amount, paid_at, created_at) VALUES ('pay-0546', 'bk-0546', 21, 'cash', 'pending', 0, NULL, '2026-02-05 23:00:00');
INSERT INTO bookings (id, booking_ref, user_id, studio_id, date, start_time, end_time, group_type, status, base_price, equipment_price, total_price, equipment, payment_method, payment_status, notes, created_at, updated_at, cancelled_at, cancel_reason) VALUES ('bk-0547', 'H3-20260207-GF7R', 'usr-001', 'le-podium', '2026-02-18', '13:00', '14:00', 'duo', 'confirmed', 24, 0, 24, NULL, 'card', 'paid', '', '2026-02-07 23:00:00', '2026-02-07 23:00:00', NULL, NULL);
INSERT INTO payments (id, booking_id, amount, method, status, refunded_amount, paid_at, created_at) VALUES ('pay-0547', 'bk-0547', 24, 'card', 'paid', 0, '2026-02-07 23:00:00', '2026-02-07 23:00:00');
INSERT INTO bookings (id, booking_ref, user_id, studio_id, date, start_time, end_time, group_type, status, base_price, equipment_price, total_price, equipment, payment_method, payment_status, notes, created_at, updated_at, cancelled_at, cancel_reason) VALUES ('bk-0548', 'H3-20260212-DGKB', 'usr-050', 'la-scene', '2026-02-18', '15:00', '16:00', 'duo', 'confirmed', 24, 0, 24, NULL, 'card', 'paid', '', '2026-02-12 23:00:00', '2026-02-12 23:00:00', NULL, NULL);
INSERT INTO payments (id, booking_id, amount, method, status, refunded_amount, paid_at, created_at) VALUES ('pay-0548', 'bk-0548', 24, 'card', 'paid', 0, '2026-02-12 23:00:00', '2026-02-12 23:00:00');
INSERT INTO bookings (id, booking_ref, user_id, studio_id, date, start_time, end_time, group_type, status, base_price, equipment_price, total_price, equipment, payment_method, payment_status, notes, created_at, updated_at, cancelled_at, cancel_reason) VALUES ('bk-0549', 'H3-20260207-SCI9', 'usr-007', 'le-podium', '2026-02-18', '09:00', '10:00', 'solo', 'confirmed', 12, 3, 15, '[{"id":"bass","quantity":1}]', 'card', 'paid', '', '2026-02-07 23:00:00', '2026-02-07 23:00:00', NULL, NULL);
INSERT INTO payments (id, booking_id, amount, method, status, refunded_amount, paid_at, created_at) VALUES ('pay-0549', 'bk-0549', 15, 'card', 'paid', 0, '2026-02-07 23:00:00', '2026-02-07 23:00:00');
INSERT INTO bookings (id, booking_ref, user_id, studio_id, date, start_time, end_time, group_type, status, base_price, equipment_price, total_price, equipment, payment_method, payment_status, notes, created_at, updated_at, cancelled_at, cancel_reason) VALUES ('bk-0550', 'H3-20260213-62G1', 'usr-012', 'la-scene', '2026-02-18', '18:30', '19:30', 'solo', 'confirmed', 12, 0, 12, NULL, 'card', 'paid', '', '2026-02-13 23:00:00', '2026-02-13 23:00:00', NULL, NULL);
INSERT INTO payments (id, booking_id, amount, method, status, refunded_amount, paid_at, created_at) VALUES ('pay-0550', 'bk-0550', 12, 'card', 'paid', 0, '2026-02-13 23:00:00', '2026-02-13 23:00:00');
INSERT INTO bookings (id, booking_ref, user_id, studio_id, date, start_time, end_time, group_type, status, base_price, equipment_price, total_price, equipment, payment_method, payment_status, notes, created_at, updated_at, cancelled_at, cancel_reason) VALUES ('bk-0551', 'H3-20260209-VXNX', 'usr-014', 'le-podium', '2026-02-18', '17:30', '18:30', 'group', 'confirmed', 33, 0, 33, NULL, 'card', 'paid', '', '2026-02-09 23:00:00', '2026-02-09 23:00:00', NULL, NULL);
INSERT INTO payments (id, booking_id, amount, method, status, refunded_amount, paid_at, created_at) VALUES ('pay-0551', 'bk-0551', 33, 'card', 'paid', 0, '2026-02-09 23:00:00', '2026-02-09 23:00:00');
INSERT INTO bookings (id, booking_ref, user_id, studio_id, date, start_time, end_time, group_type, status, base_price, equipment_price, total_price, equipment, payment_method, payment_status, notes, created_at, updated_at, cancelled_at, cancel_reason) VALUES ('bk-0552', 'H3-20260217-ZLVN', 'usr-036', 'le-podium', '2026-02-18', '16:00', '17:00', 'duo', 'confirmed', 24, 6, 30, '[{"id":"bass","quantity":1},{"id":"guitar","quantity":1}]', 'cash', 'pending', '', '2026-02-17 23:00:00', '2026-02-17 23:00:00', NULL, NULL);
INSERT INTO payments (id, booking_id, amount, method, status, refunded_amount, paid_at, created_at) VALUES ('pay-0552', 'bk-0552', 30, 'cash', 'pending', 0, NULL, '2026-02-17 23:00:00');
INSERT INTO bookings (id, booking_ref, user_id, studio_id, date, start_time, end_time, group_type, status, base_price, equipment_price, total_price, equipment, payment_method, payment_status, notes, created_at, updated_at, cancelled_at, cancel_reason) VALUES ('bk-0553', 'H3-20260213-PY4N', 'usr-016', 'le-podium', '2026-02-18', '10:30', '11:30', 'group', 'confirmed', 30, 0, 30, NULL, 'cash', 'pending', '', '2026-02-13 23:00:00', '2026-02-13 23:00:00', NULL, NULL);
INSERT INTO payments (id, booking_id, amount, method, status, refunded_amount, paid_at, created_at) VALUES ('pay-0553', 'bk-0553', 30, 'cash', 'pending', 0, NULL, '2026-02-13 23:00:00');
INSERT INTO bookings (id, booking_ref, user_id, studio_id, date, start_time, end_time, group_type, status, base_price, equipment_price, total_price, equipment, payment_method, payment_status, notes, created_at, updated_at, cancelled_at, cancel_reason) VALUES ('bk-0554', 'H3-20260215-EJ7P', 'usr-011', 'la-scene', '2026-02-18', '10:00', '11:00', 'solo', 'confirmed', 12, 0, 12, NULL, 'cash', 'pending', '', '2026-02-15 23:00:00', '2026-02-15 23:00:00', NULL, NULL);
INSERT INTO payments (id, booking_id, amount, method, status, refunded_amount, paid_at, created_at) VALUES ('pay-0554', 'bk-0554', 12, 'cash', 'pending', 0, NULL, '2026-02-15 23:00:00');
INSERT INTO bookings (id, booking_ref, user_id, studio_id, date, start_time, end_time, group_type, status, base_price, equipment_price, total_price, equipment, payment_method, payment_status, notes, created_at, updated_at, cancelled_at, cancel_reason) VALUES ('bk-0555', 'H3-20260204-MRU2', 'usr-041', 'la-scene', '2026-02-18', '16:00', '17:00', 'group', 'confirmed', 36, 0, 36, NULL, 'cash', 'pending', '', '2026-02-04 23:00:00', '2026-02-04 23:00:00', NULL, NULL);
INSERT INTO payments (id, booking_id, amount, method, status, refunded_amount, paid_at, created_at) VALUES ('pay-0555', 'bk-0555', 36, 'cash', 'pending', 0, NULL, '2026-02-04 23:00:00');
INSERT INTO bookings (id, booking_ref, user_id, studio_id, date, start_time, end_time, group_type, status, base_price, equipment_price, total_price, equipment, payment_method, payment_status, notes, created_at, updated_at, cancelled_at, cancel_reason) VALUES ('bk-0556', 'H3-20260213-H4FL', 'usr-008', 'le-podium', '2026-02-18', '14:00', '15:00', 'group', 'confirmed', 30, 0, 30, NULL, 'cash', 'pending', '', '2026-02-13 23:00:00', '2026-02-13 23:00:00', NULL, NULL);
INSERT INTO payments (id, booking_id, amount, method, status, refunded_amount, paid_at, created_at) VALUES ('pay-0556', 'bk-0556', 30, 'cash', 'pending', 0, NULL, '2026-02-13 23:00:00');
INSERT INTO bookings (id, booking_ref, user_id, studio_id, date, start_time, end_time, group_type, status, base_price, equipment_price, total_price, equipment, payment_method, payment_status, notes, created_at, updated_at, cancelled_at, cancel_reason) VALUES ('bk-0557', 'H3-20260211-VPV7', 'usr-044', 'le-podium', '2026-02-19', '12:00', '13:00', 'solo', 'confirmed', 12, 0, 12, NULL, 'card', 'paid', '', '2026-02-11 23:00:00', '2026-02-11 23:00:00', NULL, NULL);
INSERT INTO payments (id, booking_id, amount, method, status, refunded_amount, paid_at, created_at) VALUES ('pay-0557', 'bk-0557', 12, 'card', 'paid', 0, '2026-02-11 23:00:00', '2026-02-11 23:00:00');
INSERT INTO bookings (id, booking_ref, user_id, studio_id, date, start_time, end_time, group_type, status, base_price, equipment_price, total_price, equipment, payment_method, payment_status, notes, created_at, updated_at, cancelled_at, cancel_reason) VALUES ('bk-0558', 'H3-20260208-0Y4O', 'usr-007', 'le-podium', '2026-02-19', '22:00', '23:00', 'solo', 'confirmed', 12, 0, 12, NULL, 'cash', 'pending', '', '2026-02-08 23:00:00', '2026-02-08 23:00:00', NULL, NULL);
INSERT INTO payments (id, booking_id, amount, method, status, refunded_amount, paid_at, created_at) VALUES ('pay-0558', 'bk-0558', 12, 'cash', 'pending', 0, NULL, '2026-02-08 23:00:00');
INSERT INTO bookings (id, booking_ref, user_id, studio_id, date, start_time, end_time, group_type, status, base_price, equipment_price, total_price, equipment, payment_method, payment_status, notes, created_at, updated_at, cancelled_at, cancel_reason) VALUES ('bk-0559', 'H3-20260216-WMDO', 'usr-026', 'le-podium', '2026-02-19', '10:30', '11:30', 'duo', 'confirmed', 24, 0, 24, NULL, 'cash', 'pending', '', '2026-02-16 23:00:00', '2026-02-16 23:00:00', NULL, NULL);
INSERT INTO payments (id, booking_id, amount, method, status, refunded_amount, paid_at, created_at) VALUES ('pay-0559', 'bk-0559', 24, 'cash', 'pending', 0, NULL, '2026-02-16 23:00:00');
INSERT INTO bookings (id, booking_ref, user_id, studio_id, date, start_time, end_time, group_type, status, base_price, equipment_price, total_price, equipment, payment_method, payment_status, notes, created_at, updated_at, cancelled_at, cancel_reason) VALUES ('bk-0560', 'H3-20260205-OK29', 'usr-039', 'le-podium', '2026-02-19', '15:30', '16:30', 'duo', 'confirmed', 24, 0, 24, NULL, 'card', 'paid', '', '2026-02-05 23:00:00', '2026-02-05 23:00:00', NULL, NULL);
INSERT INTO payments (id, booking_id, amount, method, status, refunded_amount, paid_at, created_at) VALUES ('pay-0560', 'bk-0560', 24, 'card', 'paid', 0, '2026-02-05 23:00:00', '2026-02-05 23:00:00');
INSERT INTO bookings (id, booking_ref, user_id, studio_id, date, start_time, end_time, group_type, status, base_price, equipment_price, total_price, equipment, payment_method, payment_status, notes, created_at, updated_at, cancelled_at, cancel_reason) VALUES ('bk-0561', 'H3-20260217-V3I5', 'usr-015', 'le-podium', '2026-02-19', '16:30', '18:00', 'group', 'confirmed', 45, 0, 45, NULL, 'card', 'paid', '', '2026-02-17 23:00:00', '2026-02-17 23:00:00', NULL, NULL);
INSERT INTO payments (id, booking_id, amount, method, status, refunded_amount, paid_at, created_at) VALUES ('pay-0561', 'bk-0561', 45, 'card', 'paid', 0, '2026-02-17 23:00:00', '2026-02-17 23:00:00');
INSERT INTO bookings (id, booking_ref, user_id, studio_id, date, start_time, end_time, group_type, status, base_price, equipment_price, total_price, equipment, payment_method, payment_status, notes, created_at, updated_at, cancelled_at, cancel_reason) VALUES ('bk-0562', 'H3-20260217-Y8GO', 'usr-041', 'la-scene', '2026-02-19', '18:00', '19:00', 'solo', 'confirmed', 12, 0, 12, NULL, 'card', 'paid', '', '2026-02-17 23:00:00', '2026-02-17 23:00:00', NULL, NULL);
INSERT INTO payments (id, booking_id, amount, method, status, refunded_amount, paid_at, created_at) VALUES ('pay-0562', 'bk-0562', 12, 'card', 'paid', 0, '2026-02-17 23:00:00', '2026-02-17 23:00:00');
INSERT INTO bookings (id, booking_ref, user_id, studio_id, date, start_time, end_time, group_type, status, base_price, equipment_price, total_price, equipment, payment_method, payment_status, notes, created_at, updated_at, cancelled_at, cancel_reason) VALUES ('bk-0563', 'H3-20260210-VDQB', 'usr-033', 'la-scene', '2026-02-19', '19:00', '20:00', 'duo', 'confirmed', 24, 0, 24, NULL, 'cash', 'pending', '', '2026-02-10 23:00:00', '2026-02-10 23:00:00', NULL, NULL);
INSERT INTO payments (id, booking_id, amount, method, status, refunded_amount, paid_at, created_at) VALUES ('pay-0563', 'bk-0563', 24, 'cash', 'pending', 0, NULL, '2026-02-10 23:00:00');
INSERT INTO bookings (id, booking_ref, user_id, studio_id, date, start_time, end_time, group_type, status, base_price, equipment_price, total_price, equipment, payment_method, payment_status, notes, created_at, updated_at, cancelled_at, cancel_reason) VALUES ('bk-0564', 'H3-20260216-FO2U', 'usr-026', 'la-scene', '2026-02-19', '20:00', '21:00', 'group', 'confirmed', 44, 6, 50, '[{"id":"guitar","quantity":2}]', 'card', 'paid', '', '2026-02-16 23:00:00', '2026-02-16 23:00:00', NULL, NULL);
INSERT INTO payments (id, booking_id, amount, method, status, refunded_amount, paid_at, created_at) VALUES ('pay-0564', 'bk-0564', 50, 'card', 'paid', 0, '2026-02-16 23:00:00', '2026-02-16 23:00:00');
INSERT INTO bookings (id, booking_ref, user_id, studio_id, date, start_time, end_time, group_type, status, base_price, equipment_price, total_price, equipment, payment_method, payment_status, notes, created_at, updated_at, cancelled_at, cancel_reason) VALUES ('bk-0565', 'H3-20260213-5H9H', 'usr-043', 'la-scene', '2026-02-19', '16:00', '17:30', 'duo', 'confirmed', 36, 0, 36, NULL, 'card', 'paid', '', '2026-02-13 23:00:00', '2026-02-13 23:00:00', NULL, NULL);
INSERT INTO payments (id, booking_id, amount, method, status, refunded_amount, paid_at, created_at) VALUES ('pay-0565', 'bk-0565', 36, 'card', 'paid', 0, '2026-02-13 23:00:00', '2026-02-13 23:00:00');
INSERT INTO bookings (id, booking_ref, user_id, studio_id, date, start_time, end_time, group_type, status, base_price, equipment_price, total_price, equipment, payment_method, payment_status, notes, created_at, updated_at, cancelled_at, cancel_reason) VALUES ('bk-0566', 'H3-20260213-Z4SD', 'usr-041', 'le-podium', '2026-02-19', '19:00', '20:00', 'group', 'confirmed', 36, 3, 39, '[{"id":"piano","quantity":1}]', 'card', 'paid', '', '2026-02-13 23:00:00', '2026-02-13 23:00:00', NULL, NULL);
INSERT INTO payments (id, booking_id, amount, method, status, refunded_amount, paid_at, created_at) VALUES ('pay-0566', 'bk-0566', 39, 'card', 'paid', 0, '2026-02-13 23:00:00', '2026-02-13 23:00:00');
INSERT INTO bookings (id, booking_ref, user_id, studio_id, date, start_time, end_time, group_type, status, base_price, equipment_price, total_price, equipment, payment_method, payment_status, notes, created_at, updated_at, cancelled_at, cancel_reason) VALUES ('bk-0567', 'H3-20260218-E4XM', 'usr-006', 'la-scene', '2026-02-19', '09:00', '10:00', 'duo', 'confirmed', 24, 0, 24, NULL, 'card', 'paid', '', '2026-02-18 23:00:00', '2026-02-18 23:00:00', NULL, NULL);
INSERT INTO payments (id, booking_id, amount, method, status, refunded_amount, paid_at, created_at) VALUES ('pay-0567', 'bk-0567', 24, 'card', 'paid', 0, '2026-02-18 23:00:00', '2026-02-18 23:00:00');
INSERT INTO bookings (id, booking_ref, user_id, studio_id, date, start_time, end_time, group_type, status, base_price, equipment_price, total_price, equipment, payment_method, payment_status, notes, created_at, updated_at, cancelled_at, cancel_reason) VALUES ('bk-0568', 'H3-20260219-S6V1', 'usr-047', 'la-scene', '2026-02-20', '19:00', '20:00', 'duo', 'confirmed', 24, 3, 27, '[{"id":"piano","quantity":1}]', 'cash', 'pending', '', '2026-02-19 23:00:00', '2026-02-19 23:00:00', NULL, NULL);
INSERT INTO payments (id, booking_id, amount, method, status, refunded_amount, paid_at, created_at) VALUES ('pay-0568', 'bk-0568', 27, 'cash', 'pending', 0, NULL, '2026-02-19 23:00:00');
INSERT INTO bookings (id, booking_ref, user_id, studio_id, date, start_time, end_time, group_type, status, base_price, equipment_price, total_price, equipment, payment_method, payment_status, notes, created_at, updated_at, cancelled_at, cancel_reason) VALUES ('bk-0569', 'H3-20260212-AE5I', 'usr-031', 'le-podium', '2026-02-20', '11:30', '12:30', 'group', 'confirmed', 36, 6, 42, '[{"id":"guitar","quantity":2}]', 'card', 'paid', '', '2026-02-12 23:00:00', '2026-02-12 23:00:00', NULL, NULL);
INSERT INTO payments (id, booking_id, amount, method, status, refunded_amount, paid_at, created_at) VALUES ('pay-0569', 'bk-0569', 42, 'card', 'paid', 0, '2026-02-12 23:00:00', '2026-02-12 23:00:00');
INSERT INTO bookings (id, booking_ref, user_id, studio_id, date, start_time, end_time, group_type, status, base_price, equipment_price, total_price, equipment, payment_method, payment_status, notes, created_at, updated_at, cancelled_at, cancel_reason) VALUES ('bk-0570', 'H3-20260208-PE9Q', 'usr-032', 'la-scene', '2026-02-20', '16:30', '18:00', 'group', 'confirmed', 66, 3, 69, '[{"id":"bass","quantity":1}]', 'card', 'paid', '', '2026-02-08 23:00:00', '2026-02-08 23:00:00', NULL, NULL);
INSERT INTO payments (id, booking_id, amount, method, status, refunded_amount, paid_at, created_at) VALUES ('pay-0570', 'bk-0570', 69, 'card', 'paid', 0, '2026-02-08 23:00:00', '2026-02-08 23:00:00');
INSERT INTO bookings (id, booking_ref, user_id, studio_id, date, start_time, end_time, group_type, status, base_price, equipment_price, total_price, equipment, payment_method, payment_status, notes, created_at, updated_at, cancelled_at, cancel_reason) VALUES ('bk-0571', 'H3-20260211-DOF1', 'usr-039', 'le-podium', '2026-02-20', '21:30', '22:30', 'solo', 'confirmed', 12, 6, 18, '[{"id":"piano","quantity":2}]', 'card', 'paid', '', '2026-02-11 23:00:00', '2026-02-11 23:00:00', NULL, NULL);
INSERT INTO payments (id, booking_id, amount, method, status, refunded_amount, paid_at, created_at) VALUES ('pay-0571', 'bk-0571', 18, 'card', 'paid', 0, '2026-02-11 23:00:00', '2026-02-11 23:00:00');
INSERT INTO bookings (id, booking_ref, user_id, studio_id, date, start_time, end_time, group_type, status, base_price, equipment_price, total_price, equipment, payment_method, payment_status, notes, created_at, updated_at, cancelled_at, cancel_reason) VALUES ('bk-0572', 'H3-20260214-4J7Z', 'usr-040', 'le-podium', '2026-02-20', '15:30', '16:30', 'group', 'confirmed', 36, 0, 36, NULL, 'cash', 'pending', '', '2026-02-14 23:00:00', '2026-02-14 23:00:00', NULL, NULL);
INSERT INTO payments (id, booking_id, amount, method, status, refunded_amount, paid_at, created_at) VALUES ('pay-0572', 'bk-0572', 36, 'cash', 'pending', 0, NULL, '2026-02-14 23:00:00');
INSERT INTO bookings (id, booking_ref, user_id, studio_id, date, start_time, end_time, group_type, status, base_price, equipment_price, total_price, equipment, payment_method, payment_status, notes, created_at, updated_at, cancelled_at, cancel_reason) VALUES ('bk-0573', 'H3-20260217-HWS0', 'usr-047', 'le-podium', '2026-02-20', '20:00', '21:00', 'solo', 'confirmed', 12, 9, 21, '[{"id":"guitar","quantity":2},{"id":"cymbal","quantity":2}]', 'card', 'paid', '', '2026-02-17 23:00:00', '2026-02-17 23:00:00', NULL, NULL);
INSERT INTO payments (id, booking_id, amount, method, status, refunded_amount, paid_at, created_at) VALUES ('pay-0573', 'bk-0573', 21, 'card', 'paid', 0, '2026-02-17 23:00:00', '2026-02-17 23:00:00');
INSERT INTO bookings (id, booking_ref, user_id, studio_id, date, start_time, end_time, group_type, status, base_price, equipment_price, total_price, equipment, payment_method, payment_status, notes, created_at, updated_at, cancelled_at, cancel_reason) VALUES ('bk-0574', 'H3-20260219-KX77', 'usr-006', 'la-scene', '2026-02-20', '14:00', '15:30', 'group', 'confirmed', 66, 0, 66, NULL, 'card', 'paid', '', '2026-02-19 23:00:00', '2026-02-19 23:00:00', NULL, NULL);
INSERT INTO payments (id, booking_id, amount, method, status, refunded_amount, paid_at, created_at) VALUES ('pay-0574', 'bk-0574', 66, 'card', 'paid', 0, '2026-02-19 23:00:00', '2026-02-19 23:00:00');
INSERT INTO bookings (id, booking_ref, user_id, studio_id, date, start_time, end_time, group_type, status, base_price, equipment_price, total_price, equipment, payment_method, payment_status, notes, created_at, updated_at, cancelled_at, cancel_reason) VALUES ('bk-0575', 'H3-20260209-8MCR', 'usr-042', 'le-podium', '2026-02-20', '09:00', '10:30', 'solo', 'confirmed', 18, 0, 18, NULL, 'card', 'paid', '', '2026-02-09 23:00:00', '2026-02-09 23:00:00', NULL, NULL);
INSERT INTO payments (id, booking_id, amount, method, status, refunded_amount, paid_at, created_at) VALUES ('pay-0575', 'bk-0575', 18, 'card', 'paid', 0, '2026-02-09 23:00:00', '2026-02-09 23:00:00');
INSERT INTO bookings (id, booking_ref, user_id, studio_id, date, start_time, end_time, group_type, status, base_price, equipment_price, total_price, equipment, payment_method, payment_status, notes, created_at, updated_at, cancelled_at, cancel_reason) VALUES ('bk-0576', 'H3-20260212-CVDC', 'usr-018', 'la-scene', '2026-02-20', '12:00', '13:00', 'duo', 'confirmed', 24, 0, 24, NULL, 'card', 'paid', '', '2026-02-12 23:00:00', '2026-02-12 23:00:00', NULL, NULL);
INSERT INTO payments (id, booking_id, amount, method, status, refunded_amount, paid_at, created_at) VALUES ('pay-0576', 'bk-0576', 24, 'card', 'paid', 0, '2026-02-12 23:00:00', '2026-02-12 23:00:00');
INSERT INTO bookings (id, booking_ref, user_id, studio_id, date, start_time, end_time, group_type, status, base_price, equipment_price, total_price, equipment, payment_method, payment_status, notes, created_at, updated_at, cancelled_at, cancel_reason) VALUES ('bk-0577', 'H3-20260217-V597', 'usr-044', 'la-scene', '2026-02-20', '09:30', '11:00', 'group', 'confirmed', 66, 3, 69, '[{"id":"bass","quantity":1}]', 'cash', 'pending', '', '2026-02-17 23:00:00', '2026-02-17 23:00:00', NULL, NULL);
INSERT INTO payments (id, booking_id, amount, method, status, refunded_amount, paid_at, created_at) VALUES ('pay-0577', 'bk-0577', 69, 'cash', 'pending', 0, NULL, '2026-02-17 23:00:00');
INSERT INTO bookings (id, booking_ref, user_id, studio_id, date, start_time, end_time, group_type, status, base_price, equipment_price, total_price, equipment, payment_method, payment_status, notes, created_at, updated_at, cancelled_at, cancel_reason) VALUES ('bk-0578', 'H3-20260211-XBTR', 'usr-003', 'le-podium', '2026-02-20', '13:00', '14:00', 'solo', 'confirmed', 12, 6, 18, '[{"id":"guitar","quantity":2}]', 'card', 'paid', '', '2026-02-11 23:00:00', '2026-02-11 23:00:00', NULL, NULL);
INSERT INTO payments (id, booking_id, amount, method, status, refunded_amount, paid_at, created_at) VALUES ('pay-0578', 'bk-0578', 18, 'card', 'paid', 0, '2026-02-11 23:00:00', '2026-02-11 23:00:00');
INSERT INTO bookings (id, booking_ref, user_id, studio_id, date, start_time, end_time, group_type, status, base_price, equipment_price, total_price, equipment, payment_method, payment_status, notes, created_at, updated_at, cancelled_at, cancel_reason) VALUES ('bk-0579', 'H3-20260217-8A5G', 'usr-044', 'le-podium', '2026-02-20', '17:30', '18:30', 'duo', 'confirmed', 24, 6, 30, '[{"id":"guitar","quantity":2}]', 'card', 'paid', '', '2026-02-17 23:00:00', '2026-02-17 23:00:00', NULL, NULL);
INSERT INTO payments (id, booking_id, amount, method, status, refunded_amount, paid_at, created_at) VALUES ('pay-0579', 'bk-0579', 30, 'card', 'paid', 0, '2026-02-17 23:00:00', '2026-02-17 23:00:00');
INSERT INTO bookings (id, booking_ref, user_id, studio_id, date, start_time, end_time, group_type, status, base_price, equipment_price, total_price, equipment, payment_method, payment_status, notes, created_at, updated_at, cancelled_at, cancel_reason) VALUES ('bk-0580', 'H3-20260219-K5OW', 'usr-049', 'la-scene', '2026-02-21', '09:00', '10:30', 'duo', 'confirmed', 36, 6, 42, '[{"id":"bass","quantity":1},{"id":"cymbal","quantity":2}]', 'card', 'paid', '', '2026-02-19 23:00:00', '2026-02-19 23:00:00', NULL, NULL);
INSERT INTO payments (id, booking_id, amount, method, status, refunded_amount, paid_at, created_at) VALUES ('pay-0580', 'bk-0580', 42, 'card', 'paid', 0, '2026-02-19 23:00:00', '2026-02-19 23:00:00');
INSERT INTO bookings (id, booking_ref, user_id, studio_id, date, start_time, end_time, group_type, status, base_price, equipment_price, total_price, equipment, payment_method, payment_status, notes, created_at, updated_at, cancelled_at, cancel_reason) VALUES ('bk-0581', 'H3-20260218-CIQS', 'usr-008', 'la-scene', '2026-02-21', '15:30', '16:30', 'duo', 'confirmed', 24, 0, 24, NULL, 'card', 'paid', '', '2026-02-18 23:00:00', '2026-02-18 23:00:00', NULL, NULL);
INSERT INTO payments (id, booking_id, amount, method, status, refunded_amount, paid_at, created_at) VALUES ('pay-0581', 'bk-0581', 24, 'card', 'paid', 0, '2026-02-18 23:00:00', '2026-02-18 23:00:00');
INSERT INTO bookings (id, booking_ref, user_id, studio_id, date, start_time, end_time, group_type, status, base_price, equipment_price, total_price, equipment, payment_method, payment_status, notes, created_at, updated_at, cancelled_at, cancel_reason) VALUES ('bk-0582', 'H3-20260217-7M2R', 'usr-013', 'le-podium', '2026-02-21', '15:00', '16:00', 'duo', 'confirmed', 24, 0, 24, NULL, 'cash', 'pending', '', '2026-02-17 23:00:00', '2026-02-17 23:00:00', NULL, NULL);
INSERT INTO payments (id, booking_id, amount, method, status, refunded_amount, paid_at, created_at) VALUES ('pay-0582', 'bk-0582', 24, 'cash', 'pending', 0, NULL, '2026-02-17 23:00:00');
INSERT INTO bookings (id, booking_ref, user_id, studio_id, date, start_time, end_time, group_type, status, base_price, equipment_price, total_price, equipment, payment_method, payment_status, notes, created_at, updated_at, cancelled_at, cancel_reason) VALUES ('bk-0583', 'H3-20260210-AUMI', 'usr-028', 'le-podium', '2026-02-21', '17:00', '18:30', 'duo', 'confirmed', 36, 0, 36, NULL, 'cash', 'pending', '', '2026-02-10 23:00:00', '2026-02-10 23:00:00', NULL, NULL);
INSERT INTO payments (id, booking_id, amount, method, status, refunded_amount, paid_at, created_at) VALUES ('pay-0583', 'bk-0583', 36, 'cash', 'pending', 0, NULL, '2026-02-10 23:00:00');
INSERT INTO bookings (id, booking_ref, user_id, studio_id, date, start_time, end_time, group_type, status, base_price, equipment_price, total_price, equipment, payment_method, payment_status, notes, created_at, updated_at, cancelled_at, cancel_reason) VALUES ('bk-0584', 'H3-20260209-O2MD', 'usr-021', 'le-podium', '2026-02-21', '22:00', '23:00', 'solo', 'confirmed', 12, 0, 12, NULL, 'card', 'paid', '', '2026-02-09 23:00:00', '2026-02-09 23:00:00', NULL, NULL);
INSERT INTO payments (id, booking_id, amount, method, status, refunded_amount, paid_at, created_at) VALUES ('pay-0584', 'bk-0584', 12, 'card', 'paid', 0, '2026-02-09 23:00:00', '2026-02-09 23:00:00');
INSERT INTO bookings (id, booking_ref, user_id, studio_id, date, start_time, end_time, group_type, status, base_price, equipment_price, total_price, equipment, payment_method, payment_status, notes, created_at, updated_at, cancelled_at, cancel_reason) VALUES ('bk-0585', 'H3-20260212-KT2F', 'usr-048', 'le-podium', '2026-02-21', '09:30', '10:30', 'group', 'confirmed', 36, 0, 36, NULL, 'card', 'paid', '', '2026-02-12 23:00:00', '2026-02-12 23:00:00', NULL, NULL);
INSERT INTO payments (id, booking_id, amount, method, status, refunded_amount, paid_at, created_at) VALUES ('pay-0585', 'bk-0585', 36, 'card', 'paid', 0, '2026-02-12 23:00:00', '2026-02-12 23:00:00');
INSERT INTO bookings (id, booking_ref, user_id, studio_id, date, start_time, end_time, group_type, status, base_price, equipment_price, total_price, equipment, payment_method, payment_status, notes, created_at, updated_at, cancelled_at, cancel_reason) VALUES ('bk-0586', 'H3-20260213-7BJK', 'usr-030', 'le-podium', '2026-02-21', '11:30', '13:00', 'duo', 'confirmed', 36, 0, 36, NULL, 'card', 'paid', '', '2026-02-13 23:00:00', '2026-02-13 23:00:00', NULL, NULL);
INSERT INTO payments (id, booking_id, amount, method, status, refunded_amount, paid_at, created_at) VALUES ('pay-0586', 'bk-0586', 36, 'card', 'paid', 0, '2026-02-13 23:00:00', '2026-02-13 23:00:00');
INSERT INTO bookings (id, booking_ref, user_id, studio_id, date, start_time, end_time, group_type, status, base_price, equipment_price, total_price, equipment, payment_method, payment_status, notes, created_at, updated_at, cancelled_at, cancel_reason) VALUES ('bk-0587', 'H3-20260211-E2QM', 'usr-034', 'la-scene', '2026-02-21', '12:30', '14:00', 'group', 'confirmed', 66, 0, 66, NULL, 'card', 'paid', '', '2026-02-11 23:00:00', '2026-02-11 23:00:00', NULL, NULL);
INSERT INTO payments (id, booking_id, amount, method, status, refunded_amount, paid_at, created_at) VALUES ('pay-0587', 'bk-0587', 66, 'card', 'paid', 0, '2026-02-11 23:00:00', '2026-02-11 23:00:00');
INSERT INTO bookings (id, booking_ref, user_id, studio_id, date, start_time, end_time, group_type, status, base_price, equipment_price, total_price, equipment, payment_method, payment_status, notes, created_at, updated_at, cancelled_at, cancel_reason) VALUES ('bk-0588', 'H3-20260216-FV82', 'usr-050', 'la-scene', '2026-02-21', '14:30', '15:30', 'group', 'confirmed', 44, 6, 50, '[{"id":"guitar","quantity":2}]', 'card', 'paid', '', '2026-02-16 23:00:00', '2026-02-16 23:00:00', NULL, NULL);
INSERT INTO payments (id, booking_id, amount, method, status, refunded_amount, paid_at, created_at) VALUES ('pay-0588', 'bk-0588', 50, 'card', 'paid', 0, '2026-02-16 23:00:00', '2026-02-16 23:00:00');
INSERT INTO bookings (id, booking_ref, user_id, studio_id, date, start_time, end_time, group_type, status, base_price, equipment_price, total_price, equipment, payment_method, payment_status, notes, created_at, updated_at, cancelled_at, cancel_reason) VALUES ('bk-0589', 'H3-20260209-2LHF', 'usr-025', 'la-scene', '2026-02-21', '20:30', '22:00', 'solo', 'confirmed', 18, 0, 18, NULL, 'card', 'paid', '', '2026-02-09 23:00:00', '2026-02-09 23:00:00', NULL, NULL);
INSERT INTO payments (id, booking_id, amount, method, status, refunded_amount, paid_at, created_at) VALUES ('pay-0589', 'bk-0589', 18, 'card', 'paid', 0, '2026-02-09 23:00:00', '2026-02-09 23:00:00');
INSERT INTO bookings (id, booking_ref, user_id, studio_id, date, start_time, end_time, group_type, status, base_price, equipment_price, total_price, equipment, payment_method, payment_status, notes, created_at, updated_at, cancelled_at, cancel_reason) VALUES ('bk-0590', 'H3-20260215-HICX', 'usr-012', 'le-podium', '2026-02-21', '20:00', '21:00', 'solo', 'confirmed', 12, 9, 21, '[{"id":"cymbal","quantity":2},{"id":"piano","quantity":2}]', 'cash', 'pending', '', '2026-02-15 23:00:00', '2026-02-15 23:00:00', NULL, NULL);
INSERT INTO payments (id, booking_id, amount, method, status, refunded_amount, paid_at, created_at) VALUES ('pay-0590', 'bk-0590', 21, 'cash', 'pending', 0, NULL, '2026-02-15 23:00:00');
INSERT INTO bookings (id, booking_ref, user_id, studio_id, date, start_time, end_time, group_type, status, base_price, equipment_price, total_price, equipment, payment_method, payment_status, notes, created_at, updated_at, cancelled_at, cancel_reason) VALUES ('bk-0591', 'H3-20260219-C63V', 'usr-033', 'le-podium', '2026-02-21', '13:30', '14:30', 'group', 'confirmed', 36, 0, 36, NULL, 'cash', 'pending', '', '2026-02-19 23:00:00', '2026-02-19 23:00:00', NULL, NULL);
INSERT INTO payments (id, booking_id, amount, method, status, refunded_amount, paid_at, created_at) VALUES ('pay-0591', 'bk-0591', 36, 'cash', 'pending', 0, NULL, '2026-02-19 23:00:00');
INSERT INTO bookings (id, booking_ref, user_id, studio_id, date, start_time, end_time, group_type, status, base_price, equipment_price, total_price, equipment, payment_method, payment_status, notes, created_at, updated_at, cancelled_at, cancel_reason) VALUES ('bk-0592', 'H3-20260212-XJ6V', 'usr-040', 'la-scene', '2026-02-22', '18:30', '20:00', 'solo', 'confirmed', 18, 0, 18, NULL, 'card', 'paid', '', '2026-02-12 23:00:00', '2026-02-12 23:00:00', NULL, NULL);
INSERT INTO payments (id, booking_id, amount, method, status, refunded_amount, paid_at, created_at) VALUES ('pay-0592', 'bk-0592', 18, 'card', 'paid', 0, '2026-02-12 23:00:00', '2026-02-12 23:00:00');
INSERT INTO bookings (id, booking_ref, user_id, studio_id, date, start_time, end_time, group_type, status, base_price, equipment_price, total_price, equipment, payment_method, payment_status, notes, created_at, updated_at, cancelled_at, cancel_reason) VALUES ('bk-0593', 'H3-20260219-KLI7', 'usr-050', 'le-podium', '2026-02-22', '12:00', '13:30', 'solo', 'confirmed', 18, 0, 18, NULL, 'cash', 'pending', '', '2026-02-19 23:00:00', '2026-02-19 23:00:00', NULL, NULL);
INSERT INTO payments (id, booking_id, amount, method, status, refunded_amount, paid_at, created_at) VALUES ('pay-0593', 'bk-0593', 18, 'cash', 'pending', 0, NULL, '2026-02-19 23:00:00');
INSERT INTO bookings (id, booking_ref, user_id, studio_id, date, start_time, end_time, group_type, status, base_price, equipment_price, total_price, equipment, payment_method, payment_status, notes, created_at, updated_at, cancelled_at, cancel_reason) VALUES ('bk-0594', 'H3-20260220-1GKD', 'usr-048', 'le-podium', '2026-02-22', '09:30', '11:00', 'solo', 'confirmed', 18, 3, 21, '[{"id":"mic","quantity":1}]', 'card', 'paid', '', '2026-02-20 23:00:00', '2026-02-20 23:00:00', NULL, NULL);
INSERT INTO payments (id, booking_id, amount, method, status, refunded_amount, paid_at, created_at) VALUES ('pay-0594', 'bk-0594', 21, 'card', 'paid', 0, '2026-02-20 23:00:00', '2026-02-20 23:00:00');
INSERT INTO bookings (id, booking_ref, user_id, studio_id, date, start_time, end_time, group_type, status, base_price, equipment_price, total_price, equipment, payment_method, payment_status, notes, created_at, updated_at, cancelled_at, cancel_reason) VALUES ('bk-0595', 'H3-20260212-PF0Z', 'usr-014', 'la-scene', '2026-02-22', '10:00', '11:00', 'duo', 'confirmed', 24, 5, 29, '[{"id":"mic","quantity":2}]', 'cash', 'pending', '', '2026-02-12 23:00:00', '2026-02-12 23:00:00', NULL, NULL);
INSERT INTO payments (id, booking_id, amount, method, status, refunded_amount, paid_at, created_at) VALUES ('pay-0595', 'bk-0595', 29, 'cash', 'pending', 0, NULL, '2026-02-12 23:00:00');
INSERT INTO bookings (id, booking_ref, user_id, studio_id, date, start_time, end_time, group_type, status, base_price, equipment_price, total_price, equipment, payment_method, payment_status, notes, created_at, updated_at, cancelled_at, cancel_reason) VALUES ('bk-0596', 'H3-20260218-QJCE', 'usr-046', 'la-scene', '2026-02-22', '20:30', '21:30', 'solo', 'confirmed', 12, 0, 12, NULL, 'cash', 'pending', '', '2026-02-18 23:00:00', '2026-02-18 23:00:00', NULL, NULL);
INSERT INTO payments (id, booking_id, amount, method, status, refunded_amount, paid_at, created_at) VALUES ('pay-0596', 'bk-0596', 12, 'cash', 'pending', 0, NULL, '2026-02-18 23:00:00');
INSERT INTO bookings (id, booking_ref, user_id, studio_id, date, start_time, end_time, group_type, status, base_price, equipment_price, total_price, equipment, payment_method, payment_status, notes, created_at, updated_at, cancelled_at, cancel_reason) VALUES ('bk-0597', 'H3-20260217-9GHF', 'usr-049', 'le-podium', '2026-02-22', '13:30', '15:00', 'solo', 'confirmed', 18, 0, 18, NULL, 'cash', 'pending', '', '2026-02-17 23:00:00', '2026-02-17 23:00:00', NULL, NULL);
INSERT INTO payments (id, booking_id, amount, method, status, refunded_amount, paid_at, created_at) VALUES ('pay-0597', 'bk-0597', 18, 'cash', 'pending', 0, NULL, '2026-02-17 23:00:00');
INSERT INTO bookings (id, booking_ref, user_id, studio_id, date, start_time, end_time, group_type, status, base_price, equipment_price, total_price, equipment, payment_method, payment_status, notes, created_at, updated_at, cancelled_at, cancel_reason) VALUES ('bk-0598', 'H3-20260210-IXAJ', 'usr-009', 'le-podium', '2026-02-22', '19:00', '20:00', 'group', 'confirmed', 36, 0, 36, NULL, 'cash', 'pending', '', '2026-02-10 23:00:00', '2026-02-10 23:00:00', NULL, NULL);
INSERT INTO payments (id, booking_id, amount, method, status, refunded_amount, paid_at, created_at) VALUES ('pay-0598', 'bk-0598', 36, 'cash', 'pending', 0, NULL, '2026-02-10 23:00:00');
INSERT INTO bookings (id, booking_ref, user_id, studio_id, date, start_time, end_time, group_type, status, base_price, equipment_price, total_price, equipment, payment_method, payment_status, notes, created_at, updated_at, cancelled_at, cancel_reason) VALUES ('bk-0599', 'H3-20260208-UP7C', 'usr-017', 'le-podium', '2026-02-22', '15:00', '16:00', 'duo', 'confirmed', 24, 0, 24, NULL, 'card', 'paid', '', '2026-02-08 23:00:00', '2026-02-08 23:00:00', NULL, NULL);
INSERT INTO payments (id, booking_id, amount, method, status, refunded_amount, paid_at, created_at) VALUES ('pay-0599', 'bk-0599', 24, 'card', 'paid', 0, '2026-02-08 23:00:00', '2026-02-08 23:00:00');
INSERT INTO bookings (id, booking_ref, user_id, studio_id, date, start_time, end_time, group_type, status, base_price, equipment_price, total_price, equipment, payment_method, payment_status, notes, created_at, updated_at, cancelled_at, cancel_reason) VALUES ('bk-0600', 'H3-20260216-I3A3', 'usr-017', 'la-scene', '2026-02-22', '16:30', '17:30', 'duo', 'confirmed', 24, 0, 24, NULL, 'card', 'paid', '', '2026-02-16 23:00:00', '2026-02-16 23:00:00', NULL, NULL);
INSERT INTO payments (id, booking_id, amount, method, status, refunded_amount, paid_at, created_at) VALUES ('pay-0600', 'bk-0600', 24, 'card', 'paid', 0, '2026-02-16 23:00:00', '2026-02-16 23:00:00');
INSERT INTO bookings (id, booking_ref, user_id, studio_id, date, start_time, end_time, group_type, status, base_price, equipment_price, total_price, equipment, payment_method, payment_status, notes, created_at, updated_at, cancelled_at, cancel_reason) VALUES ('bk-0601', 'H3-20260216-ZCWU', 'usr-021', 'le-podium', '2026-02-22', '16:00', '17:00', 'solo', 'confirmed', 12, 9, 21, '[{"id":"piano","quantity":2},{"id":"bass","quantity":2}]', 'card', 'paid', '', '2026-02-16 23:00:00', '2026-02-16 23:00:00', NULL, NULL);
INSERT INTO payments (id, booking_id, amount, method, status, refunded_amount, paid_at, created_at) VALUES ('pay-0601', 'bk-0601', 21, 'card', 'paid', 0, '2026-02-16 23:00:00', '2026-02-16 23:00:00');
INSERT INTO bookings (id, booking_ref, user_id, studio_id, date, start_time, end_time, group_type, status, base_price, equipment_price, total_price, equipment, payment_method, payment_status, notes, created_at, updated_at, cancelled_at, cancel_reason) VALUES ('bk-0602', 'H3-20260215-30Z1', 'usr-015', 'la-scene', '2026-02-22', '15:30', '16:30', 'group', 'confirmed', 36, 0, 36, NULL, 'cash', 'pending', '', '2026-02-15 23:00:00', '2026-02-15 23:00:00', NULL, NULL);
INSERT INTO payments (id, booking_id, amount, method, status, refunded_amount, paid_at, created_at) VALUES ('pay-0602', 'bk-0602', 36, 'cash', 'pending', 0, NULL, '2026-02-15 23:00:00');
INSERT INTO bookings (id, booking_ref, user_id, studio_id, date, start_time, end_time, group_type, status, base_price, equipment_price, total_price, equipment, payment_method, payment_status, notes, created_at, updated_at, cancelled_at, cancel_reason) VALUES ('bk-0603', 'H3-20260217-F4TH', 'usr-028', 'le-podium', '2026-02-23', '13:30', '14:30', 'group', 'confirmed', 30, 3, 33, '[{"id":"mic","quantity":1}]', 'card', 'paid', '', '2026-02-17 23:00:00', '2026-02-17 23:00:00', NULL, NULL);
INSERT INTO payments (id, booking_id, amount, method, status, refunded_amount, paid_at, created_at) VALUES ('pay-0603', 'bk-0603', 33, 'card', 'paid', 0, '2026-02-17 23:00:00', '2026-02-17 23:00:00');
INSERT INTO bookings (id, booking_ref, user_id, studio_id, date, start_time, end_time, group_type, status, base_price, equipment_price, total_price, equipment, payment_method, payment_status, notes, created_at, updated_at, cancelled_at, cancel_reason) VALUES ('bk-0604', 'H3-20260217-NJTZ', 'usr-002', 'la-scene', '2026-02-23', '12:00', '13:30', 'group', 'confirmed', 54, 0, 54, NULL, 'card', 'paid', '', '2026-02-17 23:00:00', '2026-02-17 23:00:00', NULL, NULL);
INSERT INTO payments (id, booking_id, amount, method, status, refunded_amount, paid_at, created_at) VALUES ('pay-0604', 'bk-0604', 54, 'card', 'paid', 0, '2026-02-17 23:00:00', '2026-02-17 23:00:00');
INSERT INTO bookings (id, booking_ref, user_id, studio_id, date, start_time, end_time, group_type, status, base_price, equipment_price, total_price, equipment, payment_method, payment_status, notes, created_at, updated_at, cancelled_at, cancel_reason) VALUES ('bk-0605', 'H3-20260214-O4DM', 'usr-017', 'la-scene', '2026-02-23', '19:00', '20:00', 'duo', 'confirmed', 24, 6, 30, '[{"id":"mic","quantity":1},{"id":"guitar","quantity":1}]', 'card', 'paid', '', '2026-02-14 23:00:00', '2026-02-14 23:00:00', NULL, NULL);
INSERT INTO payments (id, booking_id, amount, method, status, refunded_amount, paid_at, created_at) VALUES ('pay-0605', 'bk-0605', 30, 'card', 'paid', 0, '2026-02-14 23:00:00', '2026-02-14 23:00:00');
INSERT INTO bookings (id, booking_ref, user_id, studio_id, date, start_time, end_time, group_type, status, base_price, equipment_price, total_price, equipment, payment_method, payment_status, notes, created_at, updated_at, cancelled_at, cancel_reason) VALUES ('bk-0606', 'H3-20260210-PDE9', 'usr-036', 'le-podium', '2026-02-23', '09:00', '10:30', 'solo', 'confirmed', 18, 0, 18, NULL, 'card', 'paid', '', '2026-02-10 23:00:00', '2026-02-10 23:00:00', NULL, NULL);
INSERT INTO payments (id, booking_id, amount, method, status, refunded_amount, paid_at, created_at) VALUES ('pay-0606', 'bk-0606', 18, 'card', 'paid', 0, '2026-02-10 23:00:00', '2026-02-10 23:00:00');
INSERT INTO bookings (id, booking_ref, user_id, studio_id, date, start_time, end_time, group_type, status, base_price, equipment_price, total_price, equipment, payment_method, payment_status, notes, created_at, updated_at, cancelled_at, cancel_reason) VALUES ('bk-0607', 'H3-20260215-FCYI', 'usr-037', 'la-scene', '2026-02-23', '10:30', '11:30', 'duo', 'confirmed', 24, 9, 33, '[{"id":"guitar","quantity":2},{"id":"cymbal","quantity":1}]', 'cash', 'pending', '', '2026-02-15 23:00:00', '2026-02-15 23:00:00', NULL, NULL);
INSERT INTO payments (id, booking_id, amount, method, status, refunded_amount, paid_at, created_at) VALUES ('pay-0607', 'bk-0607', 33, 'cash', 'pending', 0, NULL, '2026-02-15 23:00:00');
INSERT INTO bookings (id, booking_ref, user_id, studio_id, date, start_time, end_time, group_type, status, base_price, equipment_price, total_price, equipment, payment_method, payment_status, notes, created_at, updated_at, cancelled_at, cancel_reason) VALUES ('bk-0608', 'H3-20260213-HE0O', 'usr-040', 'le-podium', '2026-02-23', '14:30', '16:00', 'duo', 'confirmed', 36, 0, 36, NULL, 'cash', 'pending', '', '2026-02-13 23:00:00', '2026-02-13 23:00:00', NULL, NULL);
INSERT INTO payments (id, booking_id, amount, method, status, refunded_amount, paid_at, created_at) VALUES ('pay-0608', 'bk-0608', 36, 'cash', 'pending', 0, NULL, '2026-02-13 23:00:00');
INSERT INTO bookings (id, booking_ref, user_id, studio_id, date, start_time, end_time, group_type, status, base_price, equipment_price, total_price, equipment, payment_method, payment_status, notes, created_at, updated_at, cancelled_at, cancel_reason) VALUES ('bk-0609', 'H3-20260218-ETQE', 'usr-032', 'le-podium', '2026-02-23', '10:30', '11:30', 'group', 'confirmed', 30, 0, 30, NULL, 'cash', 'pending', '', '2026-02-18 23:00:00', '2026-02-18 23:00:00', NULL, NULL);
INSERT INTO payments (id, booking_id, amount, method, status, refunded_amount, paid_at, created_at) VALUES ('pay-0609', 'bk-0609', 30, 'cash', 'pending', 0, NULL, '2026-02-18 23:00:00');
INSERT INTO bookings (id, booking_ref, user_id, studio_id, date, start_time, end_time, group_type, status, base_price, equipment_price, total_price, equipment, payment_method, payment_status, notes, created_at, updated_at, cancelled_at, cancel_reason) VALUES ('bk-0610', 'H3-20260219-OOS4', 'usr-038', 'le-podium', '2026-02-23', '21:30', '22:30', 'group', 'confirmed', 36, 6, 42, '[{"id":"bass","quantity":2},{"id":"guitar","quantity":1}]', 'card', 'paid', '', '2026-02-19 23:00:00', '2026-02-19 23:00:00', NULL, NULL);
INSERT INTO payments (id, booking_id, amount, method, status, refunded_amount, paid_at, created_at) VALUES ('pay-0610', 'bk-0610', 42, 'card', 'paid', 0, '2026-02-19 23:00:00', '2026-02-19 23:00:00');
INSERT INTO bookings (id, booking_ref, user_id, studio_id, date, start_time, end_time, group_type, status, base_price, equipment_price, total_price, equipment, payment_method, payment_status, notes, created_at, updated_at, cancelled_at, cancel_reason) VALUES ('bk-0611', 'H3-20260214-82L9', 'usr-027', 'la-scene', '2026-02-23', '17:30', '19:00', 'duo', 'confirmed', 36, 0, 36, NULL, 'cash', 'pending', '', '2026-02-14 23:00:00', '2026-02-14 23:00:00', NULL, NULL);
INSERT INTO payments (id, booking_id, amount, method, status, refunded_amount, paid_at, created_at) VALUES ('pay-0611', 'bk-0611', 36, 'cash', 'pending', 0, NULL, '2026-02-14 23:00:00');
INSERT INTO bookings (id, booking_ref, user_id, studio_id, date, start_time, end_time, group_type, status, base_price, equipment_price, total_price, equipment, payment_method, payment_status, notes, created_at, updated_at, cancelled_at, cancel_reason) VALUES ('bk-0612', 'H3-20260215-7QZN', 'usr-011', 'la-scene', '2026-02-23', '14:30', '16:00', 'solo', 'confirmed', 18, 0, 18, NULL, 'card', 'paid', '', '2026-02-15 23:00:00', '2026-02-15 23:00:00', NULL, NULL);
INSERT INTO payments (id, booking_id, amount, method, status, refunded_amount, paid_at, created_at) VALUES ('pay-0612', 'bk-0612', 18, 'card', 'paid', 0, '2026-02-15 23:00:00', '2026-02-15 23:00:00');
INSERT INTO bookings (id, booking_ref, user_id, studio_id, date, start_time, end_time, group_type, status, base_price, equipment_price, total_price, equipment, payment_method, payment_status, notes, created_at, updated_at, cancelled_at, cancel_reason) VALUES ('bk-0613', 'H3-20260214-QVK5', 'usr-025', 'le-podium', '2026-02-23', '11:30', '12:30', 'solo', 'confirmed', 12, 0, 12, NULL, 'card', 'paid', '', '2026-02-14 23:00:00', '2026-02-14 23:00:00', NULL, NULL);
INSERT INTO payments (id, booking_id, amount, method, status, refunded_amount, paid_at, created_at) VALUES ('pay-0613', 'bk-0613', 12, 'card', 'paid', 0, '2026-02-14 23:00:00', '2026-02-14 23:00:00');
INSERT INTO bookings (id, booking_ref, user_id, studio_id, date, start_time, end_time, group_type, status, base_price, equipment_price, total_price, equipment, payment_method, payment_status, notes, created_at, updated_at, cancelled_at, cancel_reason) VALUES ('bk-0614', 'H3-20260219-Y85Z', 'usr-001', 'la-scene', '2026-02-24', '15:00', '16:00', 'solo', 'confirmed', 12, 0, 12, NULL, 'card', 'paid', '', '2026-02-19 23:00:00', '2026-02-19 23:00:00', NULL, NULL);
INSERT INTO payments (id, booking_id, amount, method, status, refunded_amount, paid_at, created_at) VALUES ('pay-0614', 'bk-0614', 12, 'card', 'paid', 0, '2026-02-19 23:00:00', '2026-02-19 23:00:00');
INSERT INTO bookings (id, booking_ref, user_id, studio_id, date, start_time, end_time, group_type, status, base_price, equipment_price, total_price, equipment, payment_method, payment_status, notes, created_at, updated_at, cancelled_at, cancel_reason) VALUES ('bk-0615', 'H3-20260216-A2BG', 'usr-018', 'la-scene', '2026-02-24', '19:30', '21:00', 'solo', 'confirmed', 18, 0, 18, NULL, 'card', 'paid', '', '2026-02-16 23:00:00', '2026-02-16 23:00:00', NULL, NULL);
INSERT INTO payments (id, booking_id, amount, method, status, refunded_amount, paid_at, created_at) VALUES ('pay-0615', 'bk-0615', 18, 'card', 'paid', 0, '2026-02-16 23:00:00', '2026-02-16 23:00:00');
INSERT INTO bookings (id, booking_ref, user_id, studio_id, date, start_time, end_time, group_type, status, base_price, equipment_price, total_price, equipment, payment_method, payment_status, notes, created_at, updated_at, cancelled_at, cancel_reason) VALUES ('bk-0616', 'H3-20260212-E7B0', 'usr-046', 'la-scene', '2026-02-24', '11:30', '12:30', 'duo', 'confirmed', 24, 6, 30, '[{"id":"guitar","quantity":2}]', 'cash', 'pending', '', '2026-02-12 23:00:00', '2026-02-12 23:00:00', NULL, NULL);
INSERT INTO payments (id, booking_id, amount, method, status, refunded_amount, paid_at, created_at) VALUES ('pay-0616', 'bk-0616', 30, 'cash', 'pending', 0, NULL, '2026-02-12 23:00:00');
INSERT INTO bookings (id, booking_ref, user_id, studio_id, date, start_time, end_time, group_type, status, base_price, equipment_price, total_price, equipment, payment_method, payment_status, notes, created_at, updated_at, cancelled_at, cancel_reason) VALUES ('bk-0617', 'H3-20260213-VK6G', 'usr-024', 'le-podium', '2026-02-24', '21:00', '22:30', 'solo', 'confirmed', 18, 0, 18, NULL, 'card', 'paid', '', '2026-02-13 23:00:00', '2026-02-13 23:00:00', NULL, NULL);
INSERT INTO payments (id, booking_id, amount, method, status, refunded_amount, paid_at, created_at) VALUES ('pay-0617', 'bk-0617', 18, 'card', 'paid', 0, '2026-02-13 23:00:00', '2026-02-13 23:00:00');
INSERT INTO bookings (id, booking_ref, user_id, studio_id, date, start_time, end_time, group_type, status, base_price, equipment_price, total_price, equipment, payment_method, payment_status, notes, created_at, updated_at, cancelled_at, cancel_reason) VALUES ('bk-0618', 'H3-20260216-APOA', 'usr-040', 'le-podium', '2026-02-24', '12:00', '13:30', 'solo', 'confirmed', 18, 0, 18, NULL, 'card', 'paid', '', '2026-02-16 23:00:00', '2026-02-16 23:00:00', NULL, NULL);
INSERT INTO payments (id, booking_id, amount, method, status, refunded_amount, paid_at, created_at) VALUES ('pay-0618', 'bk-0618', 18, 'card', 'paid', 0, '2026-02-16 23:00:00', '2026-02-16 23:00:00');
INSERT INTO bookings (id, booking_ref, user_id, studio_id, date, start_time, end_time, group_type, status, base_price, equipment_price, total_price, equipment, payment_method, payment_status, notes, created_at, updated_at, cancelled_at, cancel_reason) VALUES ('bk-0619', 'H3-20260217-ZJPP', 'usr-014', 'la-scene', '2026-02-24', '14:00', '15:00', 'group', 'confirmed', 36, 0, 36, NULL, 'card', 'paid', '', '2026-02-17 23:00:00', '2026-02-17 23:00:00', NULL, NULL);
INSERT INTO payments (id, booking_id, amount, method, status, refunded_amount, paid_at, created_at) VALUES ('pay-0619', 'bk-0619', 36, 'card', 'paid', 0, '2026-02-17 23:00:00', '2026-02-17 23:00:00');
INSERT INTO bookings (id, booking_ref, user_id, studio_id, date, start_time, end_time, group_type, status, base_price, equipment_price, total_price, equipment, payment_method, payment_status, notes, created_at, updated_at, cancelled_at, cancel_reason) VALUES ('bk-0620', 'H3-20260218-J0MA', 'usr-014', 'le-podium', '2026-02-24', '19:30', '20:30', 'duo', 'confirmed', 24, 8, 32, '[{"id":"cymbal","quantity":2},{"id":"mic","quantity":2}]', 'card', 'paid', '', '2026-02-18 23:00:00', '2026-02-18 23:00:00', NULL, NULL);
INSERT INTO payments (id, booking_id, amount, method, status, refunded_amount, paid_at, created_at) VALUES ('pay-0620', 'bk-0620', 32, 'card', 'paid', 0, '2026-02-18 23:00:00', '2026-02-18 23:00:00');
INSERT INTO bookings (id, booking_ref, user_id, studio_id, date, start_time, end_time, group_type, status, base_price, equipment_price, total_price, equipment, payment_method, payment_status, notes, created_at, updated_at, cancelled_at, cancel_reason) VALUES ('bk-0621', 'H3-20260223-M9HS', 'usr-020', 'le-podium', '2026-02-24', '15:00', '16:00', 'group', 'confirmed', 30, 0, 30, NULL, 'cash', 'pending', '', '2026-02-23 23:00:00', '2026-02-23 23:00:00', NULL, NULL);
INSERT INTO payments (id, booking_id, amount, method, status, refunded_amount, paid_at, created_at) VALUES ('pay-0621', 'bk-0621', 30, 'cash', 'pending', 0, NULL, '2026-02-23 23:00:00');
INSERT INTO bookings (id, booking_ref, user_id, studio_id, date, start_time, end_time, group_type, status, base_price, equipment_price, total_price, equipment, payment_method, payment_status, notes, created_at, updated_at, cancelled_at, cancel_reason) VALUES ('bk-0622', 'H3-20260217-XF7A', 'usr-018', 'le-podium', '2026-02-24', '17:30', '18:30', 'group', 'confirmed', 33, 0, 33, NULL, 'card', 'paid', '', '2026-02-17 23:00:00', '2026-02-17 23:00:00', NULL, NULL);
INSERT INTO payments (id, booking_id, amount, method, status, refunded_amount, paid_at, created_at) VALUES ('pay-0622', 'bk-0622', 33, 'card', 'paid', 0, '2026-02-17 23:00:00', '2026-02-17 23:00:00');
INSERT INTO bookings (id, booking_ref, user_id, studio_id, date, start_time, end_time, group_type, status, base_price, equipment_price, total_price, equipment, payment_method, payment_status, notes, created_at, updated_at, cancelled_at, cancel_reason) VALUES ('bk-0623', 'H3-20260216-5D3K', 'usr-047', 'le-podium', '2026-02-24', '10:00', '11:00', 'solo', 'confirmed', 12, 3, 15, '[{"id":"cymbal","quantity":2}]', 'card', 'paid', '', '2026-02-16 23:00:00', '2026-02-16 23:00:00', NULL, NULL);
INSERT INTO payments (id, booking_id, amount, method, status, refunded_amount, paid_at, created_at) VALUES ('pay-0623', 'bk-0623', 15, 'card', 'paid', 0, '2026-02-16 23:00:00', '2026-02-16 23:00:00');
INSERT INTO bookings (id, booking_ref, user_id, studio_id, date, start_time, end_time, group_type, status, base_price, equipment_price, total_price, equipment, payment_method, payment_status, notes, created_at, updated_at, cancelled_at, cancel_reason) VALUES ('bk-0624', 'H3-20260214-RK3I', 'usr-039', 'la-scene', '2026-02-24', '21:00', '22:00', 'duo', 'confirmed', 24, 0, 24, NULL, 'cash', 'pending', '', '2026-02-14 23:00:00', '2026-02-14 23:00:00', NULL, NULL);
INSERT INTO payments (id, booking_id, amount, method, status, refunded_amount, paid_at, created_at) VALUES ('pay-0624', 'bk-0624', 24, 'cash', 'pending', 0, NULL, '2026-02-14 23:00:00');
INSERT INTO bookings (id, booking_ref, user_id, studio_id, date, start_time, end_time, group_type, status, base_price, equipment_price, total_price, equipment, payment_method, payment_status, notes, created_at, updated_at, cancelled_at, cancel_reason) VALUES ('bk-0625', 'H3-20260220-WAVD', 'usr-025', 'la-scene', '2026-02-24', '09:30', '10:30', 'duo', 'confirmed', 24, 0, 24, NULL, 'cash', 'pending', '', '2026-02-20 23:00:00', '2026-02-20 23:00:00', NULL, NULL);
INSERT INTO payments (id, booking_id, amount, method, status, refunded_amount, paid_at, created_at) VALUES ('pay-0625', 'bk-0625', 24, 'cash', 'pending', 0, NULL, '2026-02-20 23:00:00');
INSERT INTO bookings (id, booking_ref, user_id, studio_id, date, start_time, end_time, group_type, status, base_price, equipment_price, total_price, equipment, payment_method, payment_status, notes, created_at, updated_at, cancelled_at, cancel_reason) VALUES ('bk-0626', 'H3-20260217-CJSX', 'usr-017', 'la-scene', '2026-02-25', '18:30', '20:00', 'duo', 'confirmed', 36, 0, 36, NULL, 'card', 'paid', '', '2026-02-17 23:00:00', '2026-02-17 23:00:00', NULL, NULL);
INSERT INTO payments (id, booking_id, amount, method, status, refunded_amount, paid_at, created_at) VALUES ('pay-0626', 'bk-0626', 36, 'card', 'paid', 0, '2026-02-17 23:00:00', '2026-02-17 23:00:00');
INSERT INTO bookings (id, booking_ref, user_id, studio_id, date, start_time, end_time, group_type, status, base_price, equipment_price, total_price, equipment, payment_method, payment_status, notes, created_at, updated_at, cancelled_at, cancel_reason) VALUES ('bk-0627', 'H3-20260221-2SBG', 'usr-024', 'la-scene', '2026-02-25', '21:30', '23:00', 'solo', 'confirmed', 18, 0, 18, NULL, 'cash', 'pending', '', '2026-02-21 23:00:00', '2026-02-21 23:00:00', NULL, NULL);
INSERT INTO payments (id, booking_id, amount, method, status, refunded_amount, paid_at, created_at) VALUES ('pay-0627', 'bk-0627', 18, 'cash', 'pending', 0, NULL, '2026-02-21 23:00:00');
INSERT INTO bookings (id, booking_ref, user_id, studio_id, date, start_time, end_time, group_type, status, base_price, equipment_price, total_price, equipment, payment_method, payment_status, notes, created_at, updated_at, cancelled_at, cancel_reason) VALUES ('bk-0628', 'H3-20260222-PW26', 'usr-012', 'la-scene', '2026-02-25', '11:30', '12:30', 'solo', 'confirmed', 12, 8, 20, '[{"id":"bass","quantity":2},{"id":"mic","quantity":2}]', 'card', 'paid', '', '2026-02-22 23:00:00', '2026-02-22 23:00:00', NULL, NULL);
INSERT INTO payments (id, booking_id, amount, method, status, refunded_amount, paid_at, created_at) VALUES ('pay-0628', 'bk-0628', 20, 'card', 'paid', 0, '2026-02-22 23:00:00', '2026-02-22 23:00:00');
INSERT INTO bookings (id, booking_ref, user_id, studio_id, date, start_time, end_time, group_type, status, base_price, equipment_price, total_price, equipment, payment_method, payment_status, notes, created_at, updated_at, cancelled_at, cancel_reason) VALUES ('bk-0629', 'H3-20260215-2YLQ', 'usr-001', 'la-scene', '2026-02-25', '13:00', '14:00', 'group', 'confirmed', 36, 0, 36, NULL, 'card', 'paid', '', '2026-02-15 23:00:00', '2026-02-15 23:00:00', NULL, NULL);
INSERT INTO payments (id, booking_id, amount, method, status, refunded_amount, paid_at, created_at) VALUES ('pay-0629', 'bk-0629', 36, 'card', 'paid', 0, '2026-02-15 23:00:00', '2026-02-15 23:00:00');
INSERT INTO bookings (id, booking_ref, user_id, studio_id, date, start_time, end_time, group_type, status, base_price, equipment_price, total_price, equipment, payment_method, payment_status, notes, created_at, updated_at, cancelled_at, cancel_reason) VALUES ('bk-0630', 'H3-20260223-HKWT', 'usr-011', 'le-podium', '2026-02-25', '18:00', '19:00', 'duo', 'confirmed', 24, 0, 24, NULL, 'cash', 'pending', '', '2026-02-23 23:00:00', '2026-02-23 23:00:00', NULL, NULL);
INSERT INTO payments (id, booking_id, amount, method, status, refunded_amount, paid_at, created_at) VALUES ('pay-0630', 'bk-0630', 24, 'cash', 'pending', 0, NULL, '2026-02-23 23:00:00');
INSERT INTO bookings (id, booking_ref, user_id, studio_id, date, start_time, end_time, group_type, status, base_price, equipment_price, total_price, equipment, payment_method, payment_status, notes, created_at, updated_at, cancelled_at, cancel_reason) VALUES ('bk-0631', 'H3-20260217-HFN7', 'usr-011', 'le-podium', '2026-02-25', '09:00', '10:00', 'group', 'confirmed', 30, 0, 30, NULL, 'cash', 'pending', '', '2026-02-17 23:00:00', '2026-02-17 23:00:00', NULL, NULL);
INSERT INTO payments (id, booking_id, amount, method, status, refunded_amount, paid_at, created_at) VALUES ('pay-0631', 'bk-0631', 30, 'cash', 'pending', 0, NULL, '2026-02-17 23:00:00');
INSERT INTO bookings (id, booking_ref, user_id, studio_id, date, start_time, end_time, group_type, status, base_price, equipment_price, total_price, equipment, payment_method, payment_status, notes, created_at, updated_at, cancelled_at, cancel_reason) VALUES ('bk-0632', 'H3-20260214-JA9T', 'usr-032', 'le-podium', '2026-02-25', '10:00', '11:30', 'group', 'confirmed', 45, 0, 45, NULL, 'card', 'paid', '', '2026-02-14 23:00:00', '2026-02-14 23:00:00', NULL, NULL);
INSERT INTO payments (id, booking_id, amount, method, status, refunded_amount, paid_at, created_at) VALUES ('pay-0632', 'bk-0632', 45, 'card', 'paid', 0, '2026-02-14 23:00:00', '2026-02-14 23:00:00');
INSERT INTO bookings (id, booking_ref, user_id, studio_id, date, start_time, end_time, group_type, status, base_price, equipment_price, total_price, equipment, payment_method, payment_status, notes, created_at, updated_at, cancelled_at, cancel_reason) VALUES ('bk-0633', 'H3-20260215-S0PN', 'usr-003', 'le-podium', '2026-02-25', '12:30', '13:30', 'duo', 'confirmed', 24, 3, 27, '[{"id":"cymbal","quantity":2}]', 'cash', 'pending', '', '2026-02-15 23:00:00', '2026-02-15 23:00:00', NULL, NULL);
INSERT INTO payments (id, booking_id, amount, method, status, refunded_amount, paid_at, created_at) VALUES ('pay-0633', 'bk-0633', 27, 'cash', 'pending', 0, NULL, '2026-02-15 23:00:00');
INSERT INTO bookings (id, booking_ref, user_id, studio_id, date, start_time, end_time, group_type, status, base_price, equipment_price, total_price, equipment, payment_method, payment_status, notes, created_at, updated_at, cancelled_at, cancel_reason) VALUES ('bk-0634', 'H3-20260214-Q82G', 'usr-033', 'la-scene', '2026-02-25', '15:30', '17:00', 'group', 'confirmed', 54, 0, 54, NULL, 'card', 'paid', '', '2026-02-14 23:00:00', '2026-02-14 23:00:00', NULL, NULL);
INSERT INTO payments (id, booking_id, amount, method, status, refunded_amount, paid_at, created_at) VALUES ('pay-0634', 'bk-0634', 54, 'card', 'paid', 0, '2026-02-14 23:00:00', '2026-02-14 23:00:00');
INSERT INTO bookings (id, booking_ref, user_id, studio_id, date, start_time, end_time, group_type, status, base_price, equipment_price, total_price, equipment, payment_method, payment_status, notes, created_at, updated_at, cancelled_at, cancel_reason) VALUES ('bk-0635', 'H3-20260213-6P9Z', 'usr-013', 'le-podium', '2026-02-25', '15:00', '16:00', 'solo', 'confirmed', 12, 6, 18, '[{"id":"bass","quantity":1},{"id":"cymbal","quantity":2}]', 'card', 'paid', '', '2026-02-13 23:00:00', '2026-02-13 23:00:00', NULL, NULL);
INSERT INTO payments (id, booking_id, amount, method, status, refunded_amount, paid_at, created_at) VALUES ('pay-0635', 'bk-0635', 18, 'card', 'paid', 0, '2026-02-13 23:00:00', '2026-02-13 23:00:00');
INSERT INTO bookings (id, booking_ref, user_id, studio_id, date, start_time, end_time, group_type, status, base_price, equipment_price, total_price, equipment, payment_method, payment_status, notes, created_at, updated_at, cancelled_at, cancel_reason) VALUES ('bk-0636', 'H3-20260212-XQXP', 'usr-006', 'le-podium', '2026-02-25', '19:30', '20:30', 'solo', 'confirmed', 12, 0, 12, NULL, 'cash', 'pending', '', '2026-02-12 23:00:00', '2026-02-12 23:00:00', NULL, NULL);
INSERT INTO payments (id, booking_id, amount, method, status, refunded_amount, paid_at, created_at) VALUES ('pay-0636', 'bk-0636', 12, 'cash', 'pending', 0, NULL, '2026-02-12 23:00:00');
INSERT INTO bookings (id, booking_ref, user_id, studio_id, date, start_time, end_time, group_type, status, base_price, equipment_price, total_price, equipment, payment_method, payment_status, notes, created_at, updated_at, cancelled_at, cancel_reason) VALUES ('bk-0637', 'H3-20260212-3BGG', 'usr-018', 'la-scene', '2026-02-25', '09:30', '10:30', 'group', 'confirmed', 36, 0, 36, NULL, 'card', 'paid', '', '2026-02-12 23:00:00', '2026-02-12 23:00:00', NULL, NULL);
INSERT INTO payments (id, booking_id, amount, method, status, refunded_amount, paid_at, created_at) VALUES ('pay-0637', 'bk-0637', 36, 'card', 'paid', 0, '2026-02-12 23:00:00', '2026-02-12 23:00:00');
INSERT INTO bookings (id, booking_ref, user_id, studio_id, date, start_time, end_time, group_type, status, base_price, equipment_price, total_price, equipment, payment_method, payment_status, notes, created_at, updated_at, cancelled_at, cancel_reason) VALUES ('bk-0638', 'H3-20260221-XI3Q', 'usr-004', 'la-scene', '2026-02-26', '19:00', '20:00', 'solo', 'confirmed', 12, 0, 12, NULL, 'cash', 'pending', '', '2026-02-21 23:00:00', '2026-02-21 23:00:00', NULL, NULL);
INSERT INTO payments (id, booking_id, amount, method, status, refunded_amount, paid_at, created_at) VALUES ('pay-0638', 'bk-0638', 12, 'cash', 'pending', 0, NULL, '2026-02-21 23:00:00');
INSERT INTO bookings (id, booking_ref, user_id, studio_id, date, start_time, end_time, group_type, status, base_price, equipment_price, total_price, equipment, payment_method, payment_status, notes, created_at, updated_at, cancelled_at, cancel_reason) VALUES ('bk-0639', 'H3-20260218-7D7T', 'usr-031', 'la-scene', '2026-02-26', '17:30', '18:30', 'group', 'confirmed', 40, 0, 40, NULL, 'card', 'paid', '', '2026-02-18 23:00:00', '2026-02-18 23:00:00', NULL, NULL);
INSERT INTO payments (id, booking_id, amount, method, status, refunded_amount, paid_at, created_at) VALUES ('pay-0639', 'bk-0639', 40, 'card', 'paid', 0, '2026-02-18 23:00:00', '2026-02-18 23:00:00');
INSERT INTO bookings (id, booking_ref, user_id, studio_id, date, start_time, end_time, group_type, status, base_price, equipment_price, total_price, equipment, payment_method, payment_status, notes, created_at, updated_at, cancelled_at, cancel_reason) VALUES ('bk-0640', 'H3-20260221-B3PP', 'usr-021', 'la-scene', '2026-02-26', '12:00', '13:00', 'group', 'confirmed', 36, 0, 36, NULL, 'card', 'paid', '', '2026-02-21 23:00:00', '2026-02-21 23:00:00', NULL, NULL);
INSERT INTO payments (id, booking_id, amount, method, status, refunded_amount, paid_at, created_at) VALUES ('pay-0640', 'bk-0640', 36, 'card', 'paid', 0, '2026-02-21 23:00:00', '2026-02-21 23:00:00');
INSERT INTO bookings (id, booking_ref, user_id, studio_id, date, start_time, end_time, group_type, status, base_price, equipment_price, total_price, equipment, payment_method, payment_status, notes, created_at, updated_at, cancelled_at, cancel_reason) VALUES ('bk-0641', 'H3-20260218-2LSK', 'usr-012', 'le-podium', '2026-02-26', '14:30', '16:00', 'solo', 'confirmed', 18, 0, 18, NULL, 'card', 'paid', '', '2026-02-18 23:00:00', '2026-02-18 23:00:00', NULL, NULL);
INSERT INTO payments (id, booking_id, amount, method, status, refunded_amount, paid_at, created_at) VALUES ('pay-0641', 'bk-0641', 18, 'card', 'paid', 0, '2026-02-18 23:00:00', '2026-02-18 23:00:00');
INSERT INTO bookings (id, booking_ref, user_id, studio_id, date, start_time, end_time, group_type, status, base_price, equipment_price, total_price, equipment, payment_method, payment_status, notes, created_at, updated_at, cancelled_at, cancel_reason) VALUES ('bk-0642', 'H3-20260223-B14B', 'usr-041', 'le-podium', '2026-02-26', '11:30', '12:30', 'solo', 'confirmed', 12, 0, 12, NULL, 'card', 'paid', '', '2026-02-23 23:00:00', '2026-02-23 23:00:00', NULL, NULL);
INSERT INTO payments (id, booking_id, amount, method, status, refunded_amount, paid_at, created_at) VALUES ('pay-0642', 'bk-0642', 12, 'card', 'paid', 0, '2026-02-23 23:00:00', '2026-02-23 23:00:00');
INSERT INTO bookings (id, booking_ref, user_id, studio_id, date, start_time, end_time, group_type, status, base_price, equipment_price, total_price, equipment, payment_method, payment_status, notes, created_at, updated_at, cancelled_at, cancel_reason) VALUES ('bk-0643', 'H3-20260222-CWA0', 'usr-016', 'le-podium', '2026-02-26', '18:30', '20:00', 'duo', 'confirmed', 36, 0, 36, NULL, 'cash', 'pending', '', '2026-02-22 23:00:00', '2026-02-22 23:00:00', NULL, NULL);
INSERT INTO payments (id, booking_id, amount, method, status, refunded_amount, paid_at, created_at) VALUES ('pay-0643', 'bk-0643', 36, 'cash', 'pending', 0, NULL, '2026-02-22 23:00:00');
INSERT INTO bookings (id, booking_ref, user_id, studio_id, date, start_time, end_time, group_type, status, base_price, equipment_price, total_price, equipment, payment_method, payment_status, notes, created_at, updated_at, cancelled_at, cancel_reason) VALUES ('bk-0644', 'H3-20260218-N75C', 'usr-040', 'la-scene', '2026-02-26', '13:30', '14:30', 'group', 'confirmed', 36, 0, 36, NULL, 'card', 'paid', '', '2026-02-18 23:00:00', '2026-02-18 23:00:00', NULL, NULL);
INSERT INTO payments (id, booking_id, amount, method, status, refunded_amount, paid_at, created_at) VALUES ('pay-0644', 'bk-0644', 36, 'card', 'paid', 0, '2026-02-18 23:00:00', '2026-02-18 23:00:00');
INSERT INTO bookings (id, booking_ref, user_id, studio_id, date, start_time, end_time, group_type, status, base_price, equipment_price, total_price, equipment, payment_method, payment_status, notes, created_at, updated_at, cancelled_at, cancel_reason) VALUES ('bk-0645', 'H3-20260215-8K04', 'usr-023', 'le-podium', '2026-02-26', '21:00', '22:30', 'solo', 'confirmed', 18, 0, 18, NULL, 'cash', 'pending', '', '2026-02-15 23:00:00', '2026-02-15 23:00:00', NULL, NULL);
INSERT INTO payments (id, booking_id, amount, method, status, refunded_amount, paid_at, created_at) VALUES ('pay-0645', 'bk-0645', 18, 'cash', 'pending', 0, NULL, '2026-02-15 23:00:00');
INSERT INTO bookings (id, booking_ref, user_id, studio_id, date, start_time, end_time, group_type, status, base_price, equipment_price, total_price, equipment, payment_method, payment_status, notes, created_at, updated_at, cancelled_at, cancel_reason) VALUES ('bk-0646', 'H3-20260215-5YCY', 'usr-034', 'la-scene', '2026-02-26', '22:00', '23:00', 'duo', 'confirmed', 24, 9, 33, '[{"id":"mic","quantity":1},{"id":"piano","quantity":2}]', 'card', 'paid', '', '2026-02-15 23:00:00', '2026-02-15 23:00:00', NULL, NULL);
INSERT INTO payments (id, booking_id, amount, method, status, refunded_amount, paid_at, created_at) VALUES ('pay-0646', 'bk-0646', 33, 'card', 'paid', 0, '2026-02-15 23:00:00', '2026-02-15 23:00:00');
INSERT INTO bookings (id, booking_ref, user_id, studio_id, date, start_time, end_time, group_type, status, base_price, equipment_price, total_price, equipment, payment_method, payment_status, notes, created_at, updated_at, cancelled_at, cancel_reason) VALUES ('bk-0647', 'H3-20260216-L9N7', 'usr-032', 'la-scene', '2026-02-26', '20:30', '21:30', 'solo', 'confirmed', 12, 0, 12, NULL, 'cash', 'pending', '', '2026-02-16 23:00:00', '2026-02-16 23:00:00', NULL, NULL);
INSERT INTO payments (id, booking_id, amount, method, status, refunded_amount, paid_at, created_at) VALUES ('pay-0647', 'bk-0647', 12, 'cash', 'pending', 0, NULL, '2026-02-16 23:00:00');
INSERT INTO bookings (id, booking_ref, user_id, studio_id, date, start_time, end_time, group_type, status, base_price, equipment_price, total_price, equipment, payment_method, payment_status, notes, created_at, updated_at, cancelled_at, cancel_reason) VALUES ('bk-0648', 'H3-20260216-KDT2', 'usr-038', 'le-podium', '2026-02-26', '10:00', '11:30', 'duo', 'confirmed', 36, 3, 39, '[{"id":"mic","quantity":1}]', 'card', 'paid', '', '2026-02-16 23:00:00', '2026-02-16 23:00:00', NULL, NULL);
INSERT INTO payments (id, booking_id, amount, method, status, refunded_amount, paid_at, created_at) VALUES ('pay-0648', 'bk-0648', 39, 'card', 'paid', 0, '2026-02-16 23:00:00', '2026-02-16 23:00:00');
INSERT INTO bookings (id, booking_ref, user_id, studio_id, date, start_time, end_time, group_type, status, base_price, equipment_price, total_price, equipment, payment_method, payment_status, notes, created_at, updated_at, cancelled_at, cancel_reason) VALUES ('bk-0649', 'H3-20260225-L2DI', 'usr-034', 'la-scene', '2026-02-26', '15:00', '16:00', 'solo', 'confirmed', 12, 0, 12, NULL, 'card', 'paid', '', '2026-02-25 23:00:00', '2026-02-25 23:00:00', NULL, NULL);
INSERT INTO payments (id, booking_id, amount, method, status, refunded_amount, paid_at, created_at) VALUES ('pay-0649', 'bk-0649', 12, 'card', 'paid', 0, '2026-02-25 23:00:00', '2026-02-25 23:00:00');
INSERT INTO bookings (id, booking_ref, user_id, studio_id, date, start_time, end_time, group_type, status, base_price, equipment_price, total_price, equipment, payment_method, payment_status, notes, created_at, updated_at, cancelled_at, cancel_reason) VALUES ('bk-0650', 'H3-20260212-C3LY', 'usr-033', 'la-scene', '2026-02-26', '16:00', '17:00', 'duo', 'confirmed', 24, 0, 24, NULL, 'card', 'paid', '', '2026-02-12 23:00:00', '2026-02-12 23:00:00', NULL, NULL);
INSERT INTO payments (id, booking_id, amount, method, status, refunded_amount, paid_at, created_at) VALUES ('pay-0650', 'bk-0650', 24, 'card', 'paid', 0, '2026-02-12 23:00:00', '2026-02-12 23:00:00');

-- Update user booking totals
UPDATE users SET total_bookings = 18, total_spent = 677 WHERE id = 'usr-001';
UPDATE users SET total_bookings = 15, total_spent = 411 WHERE id = 'usr-002';
UPDATE users SET total_bookings = 12, total_spent = 387 WHERE id = 'usr-003';
UPDATE users SET total_bookings = 8, total_spent = 269 WHERE id = 'usr-004';
UPDATE users SET total_bookings = 9, total_spent = 231 WHERE id = 'usr-005';
UPDATE users SET total_bookings = 12, total_spent = 339 WHERE id = 'usr-006';
UPDATE users SET total_bookings = 11, total_spent = 358 WHERE id = 'usr-007';
UPDATE users SET total_bookings = 16, total_spent = 478 WHERE id = 'usr-008';
UPDATE users SET total_bookings = 10, total_spent = 322 WHERE id = 'usr-009';
UPDATE users SET total_bookings = 10, total_spent = 394 WHERE id = 'usr-010';
UPDATE users SET total_bookings = 17, total_spent = 390 WHERE id = 'usr-011';
UPDATE users SET total_bookings = 14, total_spent = 272 WHERE id = 'usr-012';
UPDATE users SET total_bookings = 13, total_spent = 475 WHERE id = 'usr-013';
UPDATE users SET total_bookings = 15, total_spent = 445 WHERE id = 'usr-014';
UPDATE users SET total_bookings = 15, total_spent = 463 WHERE id = 'usr-015';
UPDATE users SET total_bookings = 11, total_spent = 300 WHERE id = 'usr-016';
UPDATE users SET total_bookings = 14, total_spent = 431 WHERE id = 'usr-017';
UPDATE users SET total_bookings = 13, total_spent = 429 WHERE id = 'usr-018';
UPDATE users SET total_bookings = 11, total_spent = 426 WHERE id = 'usr-019';
UPDATE users SET total_bookings = 11, total_spent = 303 WHERE id = 'usr-020';
UPDATE users SET total_bookings = 13, total_spent = 306 WHERE id = 'usr-021';
UPDATE users SET total_bookings = 14, total_spent = 384 WHERE id = 'usr-022';
UPDATE users SET total_bookings = 13, total_spent = 413 WHERE id = 'usr-023';
UPDATE users SET total_bookings = 10, total_spent = 303 WHERE id = 'usr-024';
UPDATE users SET total_bookings = 11, total_spent = 353 WHERE id = 'usr-025';
UPDATE users SET total_bookings = 10, total_spent = 301 WHERE id = 'usr-026';
UPDATE users SET total_bookings = 7, total_spent = 281 WHERE id = 'usr-027';
UPDATE users SET total_bookings = 11, total_spent = 338 WHERE id = 'usr-028';
UPDATE users SET total_bookings = 9, total_spent = 268 WHERE id = 'usr-029';
UPDATE users SET total_bookings = 8, total_spent = 340 WHERE id = 'usr-030';
UPDATE users SET total_bookings = 11, total_spent = 296 WHERE id = 'usr-031';
UPDATE users SET total_bookings = 17, total_spent = 539 WHERE id = 'usr-032';
UPDATE users SET total_bookings = 13, total_spent = 470 WHERE id = 'usr-033';
UPDATE users SET total_bookings = 16, total_spent = 473 WHERE id = 'usr-034';
UPDATE users SET total_bookings = 9, total_spent = 282 WHERE id = 'usr-035';
UPDATE users SET total_bookings = 13, total_spent = 388 WHERE id = 'usr-036';
UPDATE users SET total_bookings = 11, total_spent = 341 WHERE id = 'usr-037';
UPDATE users SET total_bookings = 18, total_spent = 571 WHERE id = 'usr-038';
UPDATE users SET total_bookings = 17, total_spent = 451 WHERE id = 'usr-039';
UPDATE users SET total_bookings = 20, total_spent = 536 WHERE id = 'usr-040';
UPDATE users SET total_bookings = 14, total_spent = 432 WHERE id = 'usr-041';
UPDATE users SET total_bookings = 13, total_spent = 401 WHERE id = 'usr-042';
UPDATE users SET total_bookings = 16, total_spent = 489 WHERE id = 'usr-043';
UPDATE users SET total_bookings = 20, total_spent = 569 WHERE id = 'usr-044';
UPDATE users SET total_bookings = 15, total_spent = 387 WHERE id = 'usr-045';
UPDATE users SET total_bookings = 14, total_spent = 362 WHERE id = 'usr-046';
UPDATE users SET total_bookings = 8, total_spent = 207 WHERE id = 'usr-047';
UPDATE users SET total_bookings = 15, total_spent = 449 WHERE id = 'usr-048';
UPDATE users SET total_bookings = 14, total_spent = 388 WHERE id = 'usr-049';
UPDATE users SET total_bookings = 15, total_spent = 443 WHERE id = 'usr-050';
Generated: 650 bookings, 650 payments, 50 users
