-- H3 Studios Seed Data
-- Generated from admin-store.ts mock data patterns

-- Admin users
INSERT INTO admin_users (id, email, password_hash, name, role, is_active) VALUES ('adm-001', 'admin@h3studios.fr', '$2a$10$placeholder_admin123_hash_will_be_set_by_auth', 'Admin H3', 'super-admin', 1);
INSERT INTO admin_users (id, email, password_hash, name, role, is_active) VALUES ('adm-002', 'operateur@h3studios.fr', '$2a$10$placeholder_oper123_hash_will_be_set_by_auth', 'Opérateur H3', 'operator', 1);

-- Pricing (from booking.ts PRICING)
INSERT INTO pricing (id, studio_id, group_type, is_peak, price_per_half_hour) VALUES ('prc-001', 'la-scene', 'solo', 0, 6);
INSERT INTO pricing (id, studio_id, group_type, is_peak, price_per_half_hour) VALUES ('prc-002', 'la-scene', 'solo', 1, 6);
INSERT INTO pricing (id, studio_id, group_type, is_peak, price_per_half_hour) VALUES ('prc-003', 'la-scene', 'duo', 0, 12);
INSERT INTO pricing (id, studio_id, group_type, is_peak, price_per_half_hour) VALUES ('prc-004', 'la-scene', 'duo', 1, 12);
INSERT INTO pricing (id, studio_id, group_type, is_peak, price_per_half_hour) VALUES ('prc-005', 'la-scene', 'group', 0, 18);
INSERT INTO pricing (id, studio_id, group_type, is_peak, price_per_half_hour) VALUES ('prc-006', 'la-scene', 'group', 1, 22);
INSERT INTO pricing (id, studio_id, group_type, is_peak, price_per_half_hour) VALUES ('prc-007', 'le-podium', 'solo', 0, 6);
INSERT INTO pricing (id, studio_id, group_type, is_peak, price_per_half_hour) VALUES ('prc-008', 'le-podium', 'solo', 1, 6);
INSERT INTO pricing (id, studio_id, group_type, is_peak, price_per_half_hour) VALUES ('prc-009', 'le-podium', 'duo', 0, 12);
INSERT INTO pricing (id, studio_id, group_type, is_peak, price_per_half_hour) VALUES ('prc-010', 'le-podium', 'duo', 1, 12);
INSERT INTO pricing (id, studio_id, group_type, is_peak, price_per_half_hour) VALUES ('prc-011', 'le-podium', 'group', 0, 15);
INSERT INTO pricing (id, studio_id, group_type, is_peak, price_per_half_hour) VALUES ('prc-012', 'le-podium', 'group', 1, 18);

-- Equipment (from booking.ts EQUIPMENT)
INSERT INTO equipment (id, equipment_id, name, max_per_session, pricing_type, session_pricing, price_per_hour) VALUES ('eq-001', 'cymbal', '2 Cymbales Crash', 1, 'session', '[3]', 0);
INSERT INTO equipment (id, equipment_id, name, max_per_session, pricing_type, session_pricing, price_per_hour) VALUES ('eq-002', 'mic', 'Micro supplémentaire', 4, 'session', '[3,5,6,6]', 2);
INSERT INTO equipment (id, equipment_id, name, max_per_session, pricing_type, session_pricing, price_per_hour) VALUES ('eq-003', 'guitar', 'Guitare électrique', 3, 'session', '[3,6,9]', 0);
INSERT INTO equipment (id, equipment_id, name, max_per_session, pricing_type, session_pricing, price_per_hour) VALUES ('eq-004', 'bass', 'Basse', 1, 'session', '[3]', 0);
INSERT INTO equipment (id, equipment_id, name, max_per_session, pricing_type, session_pricing, price_per_hour) VALUES ('eq-005', 'piano', 'Piano numérique', 2, 'session', '[3,6]', 0);

-- Opening hours (from booking.ts STUDIO_HOURS)
INSERT INTO opening_hours (id, studio_id, day_of_week, open_time, close_time, is_closed) VALUES ('oh-001', 'le-podium', 0, '10:00', '22:30', 0);
INSERT INTO opening_hours (id, studio_id, day_of_week, open_time, close_time, is_closed) VALUES ('oh-002', 'le-podium', 1, '18:00', '22:30', 0);
INSERT INTO opening_hours (id, studio_id, day_of_week, open_time, close_time, is_closed) VALUES ('oh-003', 'le-podium', 2, '10:00', '22:30', 0);
INSERT INTO opening_hours (id, studio_id, day_of_week, open_time, close_time, is_closed) VALUES ('oh-004', 'le-podium', 3, '10:00', '22:30', 0);
INSERT INTO opening_hours (id, studio_id, day_of_week, open_time, close_time, is_closed) VALUES ('oh-005', 'le-podium', 4, '10:00', '22:30', 0);
INSERT INTO opening_hours (id, studio_id, day_of_week, open_time, close_time, is_closed) VALUES ('oh-006', 'le-podium', 5, '10:00', '22:30', 0);
INSERT INTO opening_hours (id, studio_id, day_of_week, open_time, close_time, is_closed) VALUES ('oh-007', 'le-podium', 6, '10:00', '22:30', 0);
INSERT INTO opening_hours (id, studio_id, day_of_week, open_time, close_time, is_closed) VALUES ('oh-008', 'la-scene', 0, '10:00', '00:00', 0);
INSERT INTO opening_hours (id, studio_id, day_of_week, open_time, close_time, is_closed) VALUES ('oh-009', 'la-scene', 1, '18:00', '00:00', 0);
INSERT INTO opening_hours (id, studio_id, day_of_week, open_time, close_time, is_closed) VALUES ('oh-010', 'la-scene', 2, '10:00', '00:00', 0);
INSERT INTO opening_hours (id, studio_id, day_of_week, open_time, close_time, is_closed) VALUES ('oh-011', 'la-scene', 3, '10:00', '00:00', 0);
INSERT INTO opening_hours (id, studio_id, day_of_week, open_time, close_time, is_closed) VALUES ('oh-012', 'la-scene', 4, '10:00', '00:00', 0);
INSERT INTO opening_hours (id, studio_id, day_of_week, open_time, close_time, is_closed) VALUES ('oh-013', 'la-scene', 5, '10:00', '00:00', 0);
INSERT INTO opening_hours (id, studio_id, day_of_week, open_time, close_time, is_closed) VALUES ('oh-014', 'la-scene', 6, '10:00', '00:00', 0);

-- Promo codes (from booking.ts)
INSERT INTO promo_codes (id, code, type, value, min_total, is_active) VALUES ('prm-001', 'BIENVENUE', 'percentage', 10, 0, 1);
INSERT INTO promo_codes (id, code, type, value, min_total, is_active) VALUES ('prm-002', 'H3AMIS', 'fixed', 5, 15, 1);
INSERT INTO promo_codes (id, code, type, value, min_total, is_active) VALUES ('prm-003', 'ROCK2026', 'percentage', 15, 0, 1);

-- Default settings
INSERT INTO settings (id, key, value) VALUES ('set-001', 'booking_advance_days', '30');
INSERT INTO settings (id, key, value) VALUES ('set-002', 'cancellation_hours', '24');
INSERT INTO settings (id, key, value) VALUES ('set-003', 'max_booking_duration_slots', '12');

-- Users (50 clients)
INSERT INTO users (id, email, name, phone, band_name, notes, is_blocked, total_bookings, total_spent, created_at, updated_at) VALUES ('usr-001', 'chloé.moreau0@email.com', 'Chloé Moreau', '0629835733', 'Blues Brothers', '', 0, 0, 0, '2025-05-22 18:30:46', '2025-05-22 18:30:46');
INSERT INTO users (id, email, name, phone, band_name, notes, is_blocked, total_bookings, total_spent, created_at, updated_at) VALUES ('usr-002', 'emma.dubois1@email.com', 'Emma Dubois', '0685932672', 'Drum Circle', '', 0, 0, 0, '2025-03-30 18:30:46', '2025-03-30 18:30:46');
INSERT INTO users (id, email, name, phone, band_name, notes, is_blocked, total_bookings, total_spent, created_at, updated_at) VALUES ('usr-003', 'marie.michel2@email.com', 'Marie Michel', '0672548136', 'Drum Circle', '', 0, 0, 0, '2025-11-19 18:30:46', '2025-11-19 18:30:46');
INSERT INTO users (id, email, name, phone, band_name, notes, is_blocked, total_bookings, total_spent, created_at, updated_at) VALUES ('usr-004', 'chloé.michel3@email.com', 'Chloé Michel', '0675598739', 'Guitar Heroes', '', 0, 0, 0, '2025-08-27 18:30:46', '2025-08-27 18:30:46');
INSERT INTO users (id, email, name, phone, band_name, notes, is_blocked, total_bookings, total_spent, created_at, updated_at) VALUES ('usr-005', 'alexandre.thomas4@email.com', 'Alexandre Thomas', '0641954977', 'Guitar Heroes', '', 0, 0, 0, '2025-06-03 18:30:46', '2025-06-03 18:30:46');
INSERT INTO users (id, email, name, phone, band_name, notes, is_blocked, total_bookings, total_spent, created_at, updated_at) VALUES ('usr-006', 'hugo.richard5@email.com', 'Hugo Richard', '0663719883', 'Vocal Harmony', '', 0, 0, 0, '2025-06-07 18:30:46', '2025-06-07 18:30:46');
INSERT INTO users (id, email, name, phone, band_name, notes, is_blocked, total_bookings, total_spent, created_at, updated_at) VALUES ('usr-007', 'alexandre.martin6@email.com', 'Alexandre Martin', '0641264120', 'Blues Brothers', '', 0, 0, 0, '2025-12-30 18:30:46', '2025-12-30 18:30:46');
INSERT INTO users (id, email, name, phone, band_name, notes, is_blocked, total_bookings, total_spent, created_at, updated_at) VALUES ('usr-008', 'julie.david7@email.com', 'Julie David', '0615195536', 'Drum Circle', '', 0, 0, 0, '2025-09-03 18:30:46', '2025-09-03 18:30:46');
INSERT INTO users (id, email, name, phone, band_name, notes, is_blocked, total_bookings, total_spent, created_at, updated_at) VALUES ('usr-009', 'hugo.michel8@email.com', 'Hugo Michel', '0691726849', 'Drum Circle', '', 0, 0, 0, '2025-05-19 18:30:46', '2025-05-19 18:30:46');
INSERT INTO users (id, email, name, phone, band_name, notes, is_blocked, total_bookings, total_spent, created_at, updated_at) VALUES ('usr-010', 'hugo.thomas9@email.com', 'Hugo Thomas', '0694792848', 'Sound Wave', '', 0, 0, 0, '2025-03-12 18:30:46', '2025-03-12 18:30:46');
INSERT INTO users (id, email, name, phone, band_name, notes, is_blocked, total_bookings, total_spent, created_at, updated_at) VALUES ('usr-011', 'nicolas.garcia10@email.com', 'Nicolas Garcia', '0659589810', 'Blues Brothers', '', 0, 0, 0, '2025-06-03 18:30:46', '2025-06-03 18:30:46');
INSERT INTO users (id, email, name, phone, band_name, notes, is_blocked, total_bookings, total_spent, created_at, updated_at) VALUES ('usr-012', 'julie.durand11@email.com', 'Julie Durand', '0615730999', '', '', 0, 0, 0, '2025-10-31 18:30:46', '2025-10-31 18:30:46');
INSERT INTO users (id, email, name, phone, band_name, notes, is_blocked, total_bookings, total_spent, created_at, updated_at) VALUES ('usr-013', 'maxime.moreau12@email.com', 'Maxime Moreau', '0639199721', 'Bass Line', '', 0, 0, 0, '2025-05-24 18:30:46', '2025-05-24 18:30:46');
INSERT INTO users (id, email, name, phone, band_name, notes, is_blocked, total_bookings, total_spent, created_at, updated_at) VALUES ('usr-014', 'laura.thomas13@email.com', 'Laura Thomas', '0629536342', 'Jazz Fusion', '', 0, 0, 0, '2025-07-02 18:30:46', '2025-07-02 18:30:46');
INSERT INTO users (id, email, name, phone, band_name, notes, is_blocked, total_bookings, total_spent, created_at, updated_at) VALUES ('usr-015', 'julie.petit14@email.com', 'Julie Petit', '0613649714', 'Electric Souls', '', 0, 0, 0, '2025-12-03 18:30:46', '2025-12-03 18:30:46');
INSERT INTO users (id, email, name, phone, band_name, notes, is_blocked, total_bookings, total_spent, created_at, updated_at) VALUES ('usr-016', 'laura.thomas15@email.com', 'Laura Thomas', '0653439412', 'Electric Souls', '', 0, 0, 0, '2025-02-27 18:30:46', '2025-02-27 18:30:46');
INSERT INTO users (id, email, name, phone, band_name, notes, is_blocked, total_bookings, total_spent, created_at, updated_at) VALUES ('usr-017', 'chloé.leroy16@email.com', 'Chloé Leroy', '0683405157', 'Rhythm Section', '', 0, 0, 0, '2025-06-30 18:30:46', '2025-06-30 18:30:46');
INSERT INTO users (id, email, name, phone, band_name, notes, is_blocked, total_bookings, total_spent, created_at, updated_at) VALUES ('usr-018', 'thomas.garcia17@email.com', 'Thomas Garcia', '0661766944', 'Acoustic Dreams', '', 0, 0, 0, '2025-09-28 18:30:46', '2025-09-28 18:30:46');
INSERT INTO users (id, email, name, phone, band_name, notes, is_blocked, total_bookings, total_spent, created_at, updated_at) VALUES ('usr-019', 'chloé.dubois18@email.com', 'Chloé Dubois', '0665810876', '', '', 0, 0, 0, '2025-04-04 18:30:46', '2025-04-04 18:30:46');
INSERT INTO users (id, email, name, phone, band_name, notes, is_blocked, total_bookings, total_spent, created_at, updated_at) VALUES ('usr-020', 'hugo.martin19@email.com', 'Hugo Martin', '0616934647', 'Metal Storm', '', 0, 0, 0, '2025-12-29 18:30:46', '2025-12-29 18:30:46');
INSERT INTO users (id, email, name, phone, band_name, notes, is_blocked, total_bookings, total_spent, created_at, updated_at) VALUES ('usr-021', 'julie.david20@email.com', 'Julie David', '0640563972', 'The Groove', '', 0, 0, 0, '2025-10-06 18:30:46', '2025-10-06 18:30:46');
INSERT INTO users (id, email, name, phone, band_name, notes, is_blocked, total_bookings, total_spent, created_at, updated_at) VALUES ('usr-022', 'chloé.richard21@email.com', 'Chloé Richard', '0647009668', 'Metal Storm', '', 0, 0, 0, '2026-01-10 18:30:46', '2026-01-10 18:30:46');
INSERT INTO users (id, email, name, phone, band_name, notes, is_blocked, total_bookings, total_spent, created_at, updated_at) VALUES ('usr-023', 'pierre.richard22@email.com', 'Pierre Richard', '0672230380', 'Jazz Fusion', '', 0, 0, 0, '2025-07-03 18:30:46', '2025-07-03 18:30:46');
INSERT INTO users (id, email, name, phone, band_name, notes, is_blocked, total_bookings, total_spent, created_at, updated_at) VALUES ('usr-024', 'alexandre.moreau23@email.com', 'Alexandre Moreau', '0660652029', 'Guitar Heroes', '', 0, 0, 0, '2025-12-08 18:30:46', '2025-12-08 18:30:46');
INSERT INTO users (id, email, name, phone, band_name, notes, is_blocked, total_bookings, total_spent, created_at, updated_at) VALUES ('usr-025', 'lucas.garcia24@email.com', 'Lucas Garcia', '0696968970', 'Echo Chamber', '', 0, 0, 0, '2025-12-10 18:30:46', '2025-12-10 18:30:46');
INSERT INTO users (id, email, name, phone, band_name, notes, is_blocked, total_bookings, total_spent, created_at, updated_at) VALUES ('usr-026', 'emma.durand25@email.com', 'Emma Durand', '0659345054', 'Blues Brothers', '', 0, 0, 0, '2025-04-16 18:30:46', '2025-04-16 18:30:46');
INSERT INTO users (id, email, name, phone, band_name, notes, is_blocked, total_bookings, total_spent, created_at, updated_at) VALUES ('usr-027', 'camille.leroy26@email.com', 'Camille Leroy', '0675455964', 'Bass Line', '', 0, 0, 0, '2025-08-20 18:30:46', '2025-08-20 18:30:46');
INSERT INTO users (id, email, name, phone, band_name, notes, is_blocked, total_bookings, total_spent, created_at, updated_at) VALUES ('usr-028', 'emma.bernard27@email.com', 'Emma Bernard', '0639649802', 'Electric Souls', '', 0, 0, 0, '2025-05-02 18:30:46', '2025-05-02 18:30:46');
INSERT INTO users (id, email, name, phone, band_name, notes, is_blocked, total_bookings, total_spent, created_at, updated_at) VALUES ('usr-029', 'emma.david28@email.com', 'Emma David', '0693599578', 'Rhythm Section', '', 1, 0, 0, '2025-03-16 18:30:46', '2025-03-16 18:30:46');
INSERT INTO users (id, email, name, phone, band_name, notes, is_blocked, total_bookings, total_spent, created_at, updated_at) VALUES ('usr-030', 'marie.moreau29@email.com', 'Marie Moreau', '0666072399', 'Bass Line', '', 0, 0, 0, '2025-10-11 18:30:46', '2025-10-11 18:30:46');
INSERT INTO users (id, email, name, phone, band_name, notes, is_blocked, total_bookings, total_spent, created_at, updated_at) VALUES ('usr-031', 'julie.garcia30@email.com', 'Julie Garcia', '0620899328', 'Jazz Fusion', '', 0, 0, 0, '2025-03-03 18:30:46', '2025-03-03 18:30:46');
INSERT INTO users (id, email, name, phone, band_name, notes, is_blocked, total_bookings, total_spent, created_at, updated_at) VALUES ('usr-032', 'chloé.richard31@email.com', 'Chloé Richard', '0612435464', '', '', 0, 0, 0, '2025-10-10 18:30:46', '2025-10-10 18:30:46');
INSERT INTO users (id, email, name, phone, band_name, notes, is_blocked, total_bookings, total_spent, created_at, updated_at) VALUES ('usr-033', 'pierre.petit32@email.com', 'Pierre Petit', '0686558711', '', '', 0, 0, 0, '2025-06-13 18:30:46', '2025-06-13 18:30:46');
INSERT INTO users (id, email, name, phone, band_name, notes, is_blocked, total_bookings, total_spent, created_at, updated_at) VALUES ('usr-034', 'chloé.richard33@email.com', 'Chloé Richard', '0643297363', 'Blues Brothers', '', 0, 0, 0, '2025-03-17 18:30:46', '2025-03-17 18:30:46');
INSERT INTO users (id, email, name, phone, band_name, notes, is_blocked, total_bookings, total_spent, created_at, updated_at) VALUES ('usr-035', 'camille.thomas34@email.com', 'Camille Thomas', '0645319218', 'Funk Masters', '', 0, 0, 0, '2025-09-17 18:30:46', '2025-09-17 18:30:46');
INSERT INTO users (id, email, name, phone, band_name, notes, is_blocked, total_bookings, total_spent, created_at, updated_at) VALUES ('usr-036', 'lucas.thomas35@email.com', 'Lucas Thomas', '0617900892', 'Bass Line', '', 0, 0, 0, '2025-12-26 18:30:46', '2025-12-26 18:30:46');
INSERT INTO users (id, email, name, phone, band_name, notes, is_blocked, total_bookings, total_spent, created_at, updated_at) VALUES ('usr-037', 'nicolas.martin36@email.com', 'Nicolas Martin', '0658551124', 'Metal Storm', '', 0, 0, 0, '2025-08-15 18:30:46', '2025-08-15 18:30:46');
INSERT INTO users (id, email, name, phone, band_name, notes, is_blocked, total_bookings, total_spent, created_at, updated_at) VALUES ('usr-038', 'maxime.michel37@email.com', 'Maxime Michel', '0663553156', 'Rhythm Section', '', 0, 0, 0, '2025-12-06 18:30:46', '2025-12-06 18:30:46');
INSERT INTO users (id, email, name, phone, band_name, notes, is_blocked, total_bookings, total_spent, created_at, updated_at) VALUES ('usr-039', 'chloé.durand38@email.com', 'Chloé Durand', '0627041325', 'Acoustic Dreams', '', 0, 0, 0, '2025-05-29 18:30:46', '2025-05-29 18:30:46');
INSERT INTO users (id, email, name, phone, band_name, notes, is_blocked, total_bookings, total_spent, created_at, updated_at) VALUES ('usr-040', 'laura.dubois39@email.com', 'Laura Dubois', '0630391227', 'Electric Souls', '', 0, 0, 0, '2025-04-18 18:30:46', '2025-04-18 18:30:46');
INSERT INTO users (id, email, name, phone, band_name, notes, is_blocked, total_bookings, total_spent, created_at, updated_at) VALUES ('usr-041', 'marie.dubois40@email.com', 'Marie Dubois', '0616811670', 'Funk Masters', '', 0, 0, 0, '2025-03-21 18:30:46', '2025-03-21 18:30:46');
INSERT INTO users (id, email, name, phone, band_name, notes, is_blocked, total_bookings, total_spent, created_at, updated_at) VALUES ('usr-042', 'hugo.michel41@email.com', 'Hugo Michel', '0661209451', 'Acoustic Dreams', '', 0, 0, 0, '2025-02-28 18:30:46', '2025-02-28 18:30:46');
INSERT INTO users (id, email, name, phone, band_name, notes, is_blocked, total_bookings, total_spent, created_at, updated_at) VALUES ('usr-043', 'lucas.leroy42@email.com', 'Lucas Leroy', '0655093416', 'Electric Souls', '', 0, 0, 0, '2025-08-28 18:30:46', '2025-08-28 18:30:46');
INSERT INTO users (id, email, name, phone, band_name, notes, is_blocked, total_bookings, total_spent, created_at, updated_at) VALUES ('usr-044', 'chloé.robert43@email.com', 'Chloé Robert', '0670359304', 'Funk Masters', '', 0, 0, 0, '2025-10-18 18:30:46', '2025-10-18 18:30:46');
INSERT INTO users (id, email, name, phone, band_name, notes, is_blocked, total_bookings, total_spent, created_at, updated_at) VALUES ('usr-045', 'thomas.robert44@email.com', 'Thomas Robert', '0634076821', 'Vocal Harmony', '', 0, 0, 0, '2025-08-17 18:30:46', '2025-08-17 18:30:46');
INSERT INTO users (id, email, name, phone, band_name, notes, is_blocked, total_bookings, total_spent, created_at, updated_at) VALUES ('usr-046', 'emma.garcia45@email.com', 'Emma Garcia', '0649835331', 'Vocal Harmony', '', 0, 0, 0, '2025-08-16 18:30:46', '2025-08-16 18:30:46');
INSERT INTO users (id, email, name, phone, band_name, notes, is_blocked, total_bookings, total_spent, created_at, updated_at) VALUES ('usr-047', 'pierre.simon46@email.com', 'Pierre Simon', '0686876339', 'Electric Souls', '', 0, 0, 0, '2025-03-30 18:30:46', '2025-03-30 18:30:46');
INSERT INTO users (id, email, name, phone, band_name, notes, is_blocked, total_bookings, total_spent, created_at, updated_at) VALUES ('usr-048', 'hugo.garcia47@email.com', 'Hugo Garcia', '0690800883', 'Echo Chamber', '', 0, 0, 0, '2025-12-31 18:30:46', '2025-12-31 18:30:46');
INSERT INTO users (id, email, name, phone, band_name, notes, is_blocked, total_bookings, total_spent, created_at, updated_at) VALUES ('usr-049', 'laura.leroy48@email.com', 'Laura Leroy', '0695748046', 'Echo Chamber', '', 0, 0, 0, '2025-09-08 18:30:46', '2025-09-08 18:30:46');
INSERT INTO users (id, email, name, phone, band_name, notes, is_blocked, total_bookings, total_spent, created_at, updated_at) VALUES ('usr-050', 'lucas.garcia49@email.com', 'Lucas Garcia', '0621858533', 'The Groove', '', 0, 0, 0, '2025-12-31 18:30:46', '2025-12-31 18:30:46');

-- Bookings and Payments (~600 bookings)
INSERT INTO bookings (id, booking_ref, user_id, studio_id, date, start_time, end_time, group_type, status, base_price, equipment_price, total_price, equipment, payment_method, payment_status, notes, created_at, updated_at, cancelled_at, cancel_reason) VALUES ('bk-0001', 'H3-20260106-N4YT', 'usr-043', 'le-podium', '2026-01-13', '17:00', '18:30', 'solo', 'completed', 18, 0, 18, NULL, 'cash', 'paid', '', '2026-01-06 23:00:00', '2026-01-06 23:00:00', NULL, NULL);
INSERT INTO payments (id, booking_id, amount, method, status, refunded_amount, paid_at, created_at) VALUES ('pay-0001', 'bk-0001', 18, 'cash', 'paid', 0, '2026-01-13 23:00:00', '2026-01-06 23:00:00');
INSERT INTO bookings (id, booking_ref, user_id, studio_id, date, start_time, end_time, group_type, status, base_price, equipment_price, total_price, equipment, payment_method, payment_status, notes, created_at, updated_at, cancelled_at, cancel_reason) VALUES ('bk-0002', 'H3-20260109-V69D', 'usr-016', 'le-podium', '2026-01-13', '10:00', '11:00', 'group', 'completed', 30, 0, 30, NULL, 'card', 'paid', '', '2026-01-09 23:00:00', '2026-01-09 23:00:00', NULL, NULL);
INSERT INTO payments (id, booking_id, amount, method, status, refunded_amount, paid_at, created_at) VALUES ('pay-0002', 'bk-0002', 30, 'card', 'paid', 0, '2026-01-09 23:00:00', '2026-01-09 23:00:00');
INSERT INTO bookings (id, booking_ref, user_id, studio_id, date, start_time, end_time, group_type, status, base_price, equipment_price, total_price, equipment, payment_method, payment_status, notes, created_at, updated_at, cancelled_at, cancel_reason) VALUES ('bk-0003', 'H3-20260106-4DMR', 'usr-016', 'le-podium', '2026-01-13', '11:00', '12:00', 'group', 'completed', 30, 3, 33, '[{"id":"guitar","quantity":1}]', 'card', 'paid', '', '2026-01-06 23:00:00', '2026-01-06 23:00:00', NULL, NULL);
INSERT INTO payments (id, booking_id, amount, method, status, refunded_amount, paid_at, created_at) VALUES ('pay-0003', 'bk-0003', 33, 'card', 'paid', 0, '2026-01-06 23:00:00', '2026-01-06 23:00:00');
INSERT INTO bookings (id, booking_ref, user_id, studio_id, date, start_time, end_time, group_type, status, base_price, equipment_price, total_price, equipment, payment_method, payment_status, notes, created_at, updated_at, cancelled_at, cancel_reason) VALUES ('bk-0004', 'H3-20251231-LF3S', 'usr-034', 'le-podium', '2026-01-13', '16:00', '17:30', 'duo', 'completed', 36, 3, 39, '[{"id":"guitar","quantity":1}]', 'card', 'paid', '', '2025-12-31 23:00:00', '2025-12-31 23:00:00', NULL, NULL);
INSERT INTO payments (id, booking_id, amount, method, status, refunded_amount, paid_at, created_at) VALUES ('pay-0004', 'bk-0004', 39, 'card', 'paid', 0, '2025-12-31 23:00:00', '2025-12-31 23:00:00');
INSERT INTO bookings (id, booking_ref, user_id, studio_id, date, start_time, end_time, group_type, status, base_price, equipment_price, total_price, equipment, payment_method, payment_status, notes, created_at, updated_at, cancelled_at, cancel_reason) VALUES ('bk-0005', 'H3-20260103-HSSE', 'usr-047', 'la-scene', '2026-01-13', '17:30', '18:30', 'group', 'completed', 40, 0, 40, NULL, 'card', 'paid', '', '2026-01-03 23:00:00', '2026-01-03 23:00:00', NULL, NULL);
INSERT INTO payments (id, booking_id, amount, method, status, refunded_amount, paid_at, created_at) VALUES ('pay-0005', 'bk-0005', 40, 'card', 'paid', 0, '2026-01-03 23:00:00', '2026-01-03 23:00:00');
INSERT INTO bookings (id, booking_ref, user_id, studio_id, date, start_time, end_time, group_type, status, base_price, equipment_price, total_price, equipment, payment_method, payment_status, notes, created_at, updated_at, cancelled_at, cancel_reason) VALUES ('bk-0006', 'H3-20260108-RSNQ', 'usr-017', 'la-scene', '2026-01-13', '11:30', '12:30', 'group', 'completed', 36, 0, 36, NULL, 'cash', 'paid', '', '2026-01-08 23:00:00', '2026-01-08 23:00:00', NULL, NULL);
INSERT INTO payments (id, booking_id, amount, method, status, refunded_amount, paid_at, created_at) VALUES ('pay-0006', 'bk-0006', 36, 'cash', 'paid', 0, '2026-01-13 23:00:00', '2026-01-08 23:00:00');
INSERT INTO bookings (id, booking_ref, user_id, studio_id, date, start_time, end_time, group_type, status, base_price, equipment_price, total_price, equipment, payment_method, payment_status, notes, created_at, updated_at, cancelled_at, cancel_reason) VALUES ('bk-0007', 'H3-20260110-DCPQ', 'usr-011', 'la-scene', '2026-01-13', '13:30', '15:00', 'solo', 'no-show', 18, 5, 23, '[{"id":"mic","quantity":2}]', 'cash', 'pending', '', '2026-01-10 23:00:00', '2026-01-10 23:00:00', NULL, NULL);
INSERT INTO payments (id, booking_id, amount, method, status, refunded_amount, paid_at, created_at) VALUES ('pay-0007', 'bk-0007', 23, 'cash', 'pending', 0, NULL, '2026-01-10 23:00:00');
INSERT INTO bookings (id, booking_ref, user_id, studio_id, date, start_time, end_time, group_type, status, base_price, equipment_price, total_price, equipment, payment_method, payment_status, notes, created_at, updated_at, cancelled_at, cancel_reason) VALUES ('bk-0008', 'H3-20260105-T4KF', 'usr-037', 'la-scene', '2026-01-13', '20:00', '21:30', 'duo', 'completed', 36, 0, 36, NULL, 'card', 'paid', '', '2026-01-05 23:00:00', '2026-01-05 23:00:00', NULL, NULL);
INSERT INTO payments (id, booking_id, amount, method, status, refunded_amount, paid_at, created_at) VALUES ('pay-0008', 'bk-0008', 36, 'card', 'paid', 0, '2026-01-05 23:00:00', '2026-01-05 23:00:00');
INSERT INTO bookings (id, booking_ref, user_id, studio_id, date, start_time, end_time, group_type, status, base_price, equipment_price, total_price, equipment, payment_method, payment_status, notes, created_at, updated_at, cancelled_at, cancel_reason) VALUES ('bk-0009', 'H3-20260103-VJ2T', 'usr-040', 'le-podium', '2026-01-13', '20:00', '21:30', 'duo', 'completed', 36, 5, 41, '[{"id":"mic","quantity":2}]', 'card', 'paid', '', '2026-01-03 23:00:00', '2026-01-03 23:00:00', NULL, NULL);
INSERT INTO payments (id, booking_id, amount, method, status, refunded_amount, paid_at, created_at) VALUES ('pay-0009', 'bk-0009', 41, 'card', 'paid', 0, '2026-01-03 23:00:00', '2026-01-03 23:00:00');
INSERT INTO bookings (id, booking_ref, user_id, studio_id, date, start_time, end_time, group_type, status, base_price, equipment_price, total_price, equipment, payment_method, payment_status, notes, created_at, updated_at, cancelled_at, cancel_reason) VALUES ('bk-0010', 'H3-20251230-OVVB', 'usr-027', 'la-scene', '2026-01-13', '20:00', '21:00', 'solo', 'cancelled', 12, 0, 12, NULL, 'card', 'paid', '', '2025-12-30 23:00:00', '2025-12-30 23:00:00', '2026-01-01 23:00:00', 'Empêchement');
INSERT INTO payments (id, booking_id, amount, method, status, refunded_amount, paid_at, created_at) VALUES ('pay-0010', 'bk-0010', 12, 'card', 'paid', 0, '2025-12-30 23:00:00', '2025-12-30 23:00:00');
INSERT INTO bookings (id, booking_ref, user_id, studio_id, date, start_time, end_time, group_type, status, base_price, equipment_price, total_price, equipment, payment_method, payment_status, notes, created_at, updated_at, cancelled_at, cancel_reason) VALUES ('bk-0011', 'H3-20260103-5UDC', 'usr-023', 'le-podium', '2026-01-13', '19:30', '20:30', 'group', 'no-show', 36, 8, 44, '[{"id":"mic","quantity":2},{"id":"guitar","quantity":1}]', 'card', 'paid', '', '2026-01-03 23:00:00', '2026-01-03 23:00:00', NULL, NULL);
INSERT INTO payments (id, booking_id, amount, method, status, refunded_amount, paid_at, created_at) VALUES ('pay-0011', 'bk-0011', 44, 'card', 'paid', 0, '2026-01-03 23:00:00', '2026-01-03 23:00:00');
INSERT INTO bookings (id, booking_ref, user_id, studio_id, date, start_time, end_time, group_type, status, base_price, equipment_price, total_price, equipment, payment_method, payment_status, notes, created_at, updated_at, cancelled_at, cancel_reason) VALUES ('bk-0012', 'H3-20260112-1BC9', 'usr-010', 'le-podium', '2026-01-13', '22:30', '23:30', 'duo', 'completed', 24, 0, 24, NULL, 'card', 'paid', '', '2026-01-12 23:00:00', '2026-01-12 23:00:00', NULL, NULL);
INSERT INTO payments (id, booking_id, amount, method, status, refunded_amount, paid_at, created_at) VALUES ('pay-0012', 'bk-0012', 24, 'card', 'paid', 0, '2026-01-12 23:00:00', '2026-01-12 23:00:00');
INSERT INTO bookings (id, booking_ref, user_id, studio_id, date, start_time, end_time, group_type, status, base_price, equipment_price, total_price, equipment, payment_method, payment_status, notes, created_at, updated_at, cancelled_at, cancel_reason) VALUES ('bk-0013', 'H3-20260111-5394', 'usr-030', 'la-scene', '2026-01-14', '16:00', '17:00', 'duo', 'completed', 24, 0, 24, NULL, 'cash', 'paid', '', '2026-01-11 23:00:00', '2026-01-11 23:00:00', NULL, NULL);
INSERT INTO payments (id, booking_id, amount, method, status, refunded_amount, paid_at, created_at) VALUES ('pay-0013', 'bk-0013', 24, 'cash', 'paid', 0, '2026-01-14 23:00:00', '2026-01-11 23:00:00');
INSERT INTO bookings (id, booking_ref, user_id, studio_id, date, start_time, end_time, group_type, status, base_price, equipment_price, total_price, equipment, payment_method, payment_status, notes, created_at, updated_at, cancelled_at, cancel_reason) VALUES ('bk-0014', 'H3-20260101-78GN', 'usr-033', 'la-scene', '2026-01-14', '13:30', '14:30', 'duo', 'completed', 24, 0, 24, NULL, 'card', 'paid', '', '2026-01-01 23:00:00', '2026-01-01 23:00:00', NULL, NULL);
INSERT INTO payments (id, booking_id, amount, method, status, refunded_amount, paid_at, created_at) VALUES ('pay-0014', 'bk-0014', 24, 'card', 'paid', 0, '2026-01-01 23:00:00', '2026-01-01 23:00:00');
INSERT INTO bookings (id, booking_ref, user_id, studio_id, date, start_time, end_time, group_type, status, base_price, equipment_price, total_price, equipment, payment_method, payment_status, notes, created_at, updated_at, cancelled_at, cancel_reason) VALUES ('bk-0015', 'H3-20260104-JCPJ', 'usr-004', 'la-scene', '2026-01-14', '11:30', '12:30', 'duo', 'no-show', 24, 0, 24, NULL, 'card', 'paid', '', '2026-01-04 23:00:00', '2026-01-04 23:00:00', NULL, NULL);
INSERT INTO payments (id, booking_id, amount, method, status, refunded_amount, paid_at, created_at) VALUES ('pay-0015', 'bk-0015', 24, 'card', 'paid', 0, '2026-01-04 23:00:00', '2026-01-04 23:00:00');
INSERT INTO bookings (id, booking_ref, user_id, studio_id, date, start_time, end_time, group_type, status, base_price, equipment_price, total_price, equipment, payment_method, payment_status, notes, created_at, updated_at, cancelled_at, cancel_reason) VALUES ('bk-0016', 'H3-20260107-WW06', 'usr-030', 'le-podium', '2026-01-14', '19:00', '20:00', 'group', 'completed', 36, 0, 36, NULL, 'cash', 'paid', '', '2026-01-07 23:00:00', '2026-01-07 23:00:00', NULL, NULL);
INSERT INTO payments (id, booking_id, amount, method, status, refunded_amount, paid_at, created_at) VALUES ('pay-0016', 'bk-0016', 36, 'cash', 'paid', 0, '2026-01-14 23:00:00', '2026-01-07 23:00:00');
INSERT INTO bookings (id, booking_ref, user_id, studio_id, date, start_time, end_time, group_type, status, base_price, equipment_price, total_price, equipment, payment_method, payment_status, notes, created_at, updated_at, cancelled_at, cancel_reason) VALUES ('bk-0017', 'H3-20260113-VG9M', 'usr-027', 'la-scene', '2026-01-14', '16:30', '18:00', 'group', 'no-show', 54, 6, 60, '[{"id":"bass","quantity":1},{"id":"guitar","quantity":1}]', 'card', 'paid', '', '2026-01-13 23:00:00', '2026-01-13 23:00:00', NULL, NULL);
INSERT INTO payments (id, booking_id, amount, method, status, refunded_amount, paid_at, created_at) VALUES ('pay-0017', 'bk-0017', 60, 'card', 'paid', 0, '2026-01-13 23:00:00', '2026-01-13 23:00:00');
INSERT INTO bookings (id, booking_ref, user_id, studio_id, date, start_time, end_time, group_type, status, base_price, equipment_price, total_price, equipment, payment_method, payment_status, notes, created_at, updated_at, cancelled_at, cancel_reason) VALUES ('bk-0018', 'H3-20260113-NT2M', 'usr-021', 'la-scene', '2026-01-14', '16:30', '17:30', 'duo', 'cancelled', 24, 0, 24, NULL, 'card', 'paid', '', '2026-01-13 23:00:00', '2026-01-13 23:00:00', '2026-01-14 23:00:00', 'Changement de plans');
INSERT INTO payments (id, booking_id, amount, method, status, refunded_amount, paid_at, created_at) VALUES ('pay-0018', 'bk-0018', 24, 'card', 'paid', 0, '2026-01-13 23:00:00', '2026-01-13 23:00:00');
INSERT INTO bookings (id, booking_ref, user_id, studio_id, date, start_time, end_time, group_type, status, base_price, equipment_price, total_price, equipment, payment_method, payment_status, notes, created_at, updated_at, cancelled_at, cancel_reason) VALUES ('bk-0019', 'H3-20260104-MP47', 'usr-031', 'la-scene', '2026-01-14', '12:00', '13:30', 'group', 'completed', 54, 5, 59, '[{"id":"mic","quantity":2}]', 'card', 'paid', '', '2026-01-04 23:00:00', '2026-01-04 23:00:00', NULL, NULL);
INSERT INTO payments (id, booking_id, amount, method, status, refunded_amount, paid_at, created_at) VALUES ('pay-0019', 'bk-0019', 59, 'card', 'paid', 0, '2026-01-04 23:00:00', '2026-01-04 23:00:00');
INSERT INTO bookings (id, booking_ref, user_id, studio_id, date, start_time, end_time, group_type, status, base_price, equipment_price, total_price, equipment, payment_method, payment_status, notes, created_at, updated_at, cancelled_at, cancel_reason) VALUES ('bk-0020', 'H3-20260105-A8QM', 'usr-004', 'le-podium', '2026-01-14', '11:00', '12:30', 'duo', 'completed', 36, 6, 42, '[{"id":"piano","quantity":2}]', 'cash', 'paid', '', '2026-01-05 23:00:00', '2026-01-05 23:00:00', NULL, NULL);
INSERT INTO payments (id, booking_id, amount, method, status, refunded_amount, paid_at, created_at) VALUES ('pay-0020', 'bk-0020', 42, 'cash', 'paid', 0, '2026-01-14 23:00:00', '2026-01-05 23:00:00');
INSERT INTO bookings (id, booking_ref, user_id, studio_id, date, start_time, end_time, group_type, status, base_price, equipment_price, total_price, equipment, payment_method, payment_status, notes, created_at, updated_at, cancelled_at, cancel_reason) VALUES ('bk-0021', 'H3-20260102-UW00', 'usr-030', 'le-podium', '2026-01-14', '18:00', '19:00', 'solo', 'no-show', 12, 0, 12, NULL, 'cash', 'pending', '', '2026-01-02 23:00:00', '2026-01-02 23:00:00', NULL, NULL);
INSERT INTO payments (id, booking_id, amount, method, status, refunded_amount, paid_at, created_at) VALUES ('pay-0021', 'bk-0021', 12, 'cash', 'pending', 0, NULL, '2026-01-02 23:00:00');
INSERT INTO bookings (id, booking_ref, user_id, studio_id, date, start_time, end_time, group_type, status, base_price, equipment_price, total_price, equipment, payment_method, payment_status, notes, created_at, updated_at, cancelled_at, cancel_reason) VALUES ('bk-0022', 'H3-20260103-52VN', 'usr-044', 'la-scene', '2026-01-14', '11:30', '12:30', 'solo', 'completed', 12, 6, 18, '[{"id":"piano","quantity":1},{"id":"mic","quantity":1}]', 'card', 'paid', '', '2026-01-03 23:00:00', '2026-01-03 23:00:00', NULL, NULL);
INSERT INTO payments (id, booking_id, amount, method, status, refunded_amount, paid_at, created_at) VALUES ('pay-0022', 'bk-0022', 18, 'card', 'paid', 0, '2026-01-03 23:00:00', '2026-01-03 23:00:00');
INSERT INTO bookings (id, booking_ref, user_id, studio_id, date, start_time, end_time, group_type, status, base_price, equipment_price, total_price, equipment, payment_method, payment_status, notes, created_at, updated_at, cancelled_at, cancel_reason) VALUES ('bk-0023', 'H3-20260111-FHEW', 'usr-039', 'la-scene', '2026-01-14', '12:00', '13:30', 'group', 'completed', 54, 0, 54, NULL, 'card', 'paid', '', '2026-01-11 23:00:00', '2026-01-11 23:00:00', NULL, NULL);
INSERT INTO payments (id, booking_id, amount, method, status, refunded_amount, paid_at, created_at) VALUES ('pay-0023', 'bk-0023', 54, 'card', 'paid', 0, '2026-01-11 23:00:00', '2026-01-11 23:00:00');
INSERT INTO bookings (id, booking_ref, user_id, studio_id, date, start_time, end_time, group_type, status, base_price, equipment_price, total_price, equipment, payment_method, payment_status, notes, created_at, updated_at, cancelled_at, cancel_reason) VALUES ('bk-0024', 'H3-20260109-SVYM', 'usr-008', 'le-podium', '2026-01-14', '11:30', '13:00', 'group', 'completed', 45, 3, 48, '[{"id":"guitar","quantity":1}]', 'cash', 'paid', '', '2026-01-09 23:00:00', '2026-01-09 23:00:00', NULL, NULL);
INSERT INTO payments (id, booking_id, amount, method, status, refunded_amount, paid_at, created_at) VALUES ('pay-0024', 'bk-0024', 48, 'cash', 'paid', 0, '2026-01-14 23:00:00', '2026-01-09 23:00:00');
INSERT INTO bookings (id, booking_ref, user_id, studio_id, date, start_time, end_time, group_type, status, base_price, equipment_price, total_price, equipment, payment_method, payment_status, notes, created_at, updated_at, cancelled_at, cancel_reason) VALUES ('bk-0025', 'H3-20260111-10G1', 'usr-023', 'le-podium', '2026-01-14', '22:30', '23:30', 'solo', 'completed', 12, 0, 12, NULL, 'card', 'paid', '', '2026-01-11 23:00:00', '2026-01-11 23:00:00', NULL, NULL);
INSERT INTO payments (id, booking_id, amount, method, status, refunded_amount, paid_at, created_at) VALUES ('pay-0025', 'bk-0025', 12, 'card', 'paid', 0, '2026-01-11 23:00:00', '2026-01-11 23:00:00');
INSERT INTO bookings (id, booking_ref, user_id, studio_id, date, start_time, end_time, group_type, status, base_price, equipment_price, total_price, equipment, payment_method, payment_status, notes, created_at, updated_at, cancelled_at, cancel_reason) VALUES ('bk-0026', 'H3-20260102-8821', 'usr-004', 'le-podium', '2026-01-14', '19:00', '20:30', 'group', 'cancelled', 54, 0, 54, NULL, 'card', 'paid', '', '2026-01-02 23:00:00', '2026-01-02 23:00:00', '2026-01-04 23:00:00', 'Changement de plans');
INSERT INTO payments (id, booking_id, amount, method, status, refunded_amount, paid_at, created_at) VALUES ('pay-0026', 'bk-0026', 54, 'card', 'paid', 0, '2026-01-02 23:00:00', '2026-01-02 23:00:00');
INSERT INTO bookings (id, booking_ref, user_id, studio_id, date, start_time, end_time, group_type, status, base_price, equipment_price, total_price, equipment, payment_method, payment_status, notes, created_at, updated_at, cancelled_at, cancel_reason) VALUES ('bk-0027', 'H3-20260102-KT1B', 'usr-007', 'la-scene', '2026-01-14', '18:00', '19:00', 'solo', 'no-show', 12, 0, 12, NULL, 'card', 'paid', '', '2026-01-02 23:00:00', '2026-01-02 23:00:00', NULL, NULL);
INSERT INTO payments (id, booking_id, amount, method, status, refunded_amount, paid_at, created_at) VALUES ('pay-0027', 'bk-0027', 12, 'card', 'paid', 0, '2026-01-02 23:00:00', '2026-01-02 23:00:00');
INSERT INTO bookings (id, booking_ref, user_id, studio_id, date, start_time, end_time, group_type, status, base_price, equipment_price, total_price, equipment, payment_method, payment_status, notes, created_at, updated_at, cancelled_at, cancel_reason) VALUES ('bk-0028', 'H3-20260113-K86G', 'usr-016', 'le-podium', '2026-01-14', '14:00', '15:00', 'duo', 'completed', 24, 0, 24, NULL, 'card', 'paid', '', '2026-01-13 23:00:00', '2026-01-13 23:00:00', NULL, NULL);
INSERT INTO payments (id, booking_id, amount, method, status, refunded_amount, paid_at, created_at) VALUES ('pay-0028', 'bk-0028', 24, 'card', 'paid', 0, '2026-01-13 23:00:00', '2026-01-13 23:00:00');
INSERT INTO bookings (id, booking_ref, user_id, studio_id, date, start_time, end_time, group_type, status, base_price, equipment_price, total_price, equipment, payment_method, payment_status, notes, created_at, updated_at, cancelled_at, cancel_reason) VALUES ('bk-0029', 'H3-20260104-3W3Z', 'usr-029', 'la-scene', '2026-01-14', '11:30', '12:30', 'group', 'completed', 36, 0, 36, NULL, 'card', 'paid', '', '2026-01-04 23:00:00', '2026-01-04 23:00:00', NULL, NULL);
INSERT INTO payments (id, booking_id, amount, method, status, refunded_amount, paid_at, created_at) VALUES ('pay-0029', 'bk-0029', 36, 'card', 'paid', 0, '2026-01-04 23:00:00', '2026-01-04 23:00:00');
INSERT INTO bookings (id, booking_ref, user_id, studio_id, date, start_time, end_time, group_type, status, base_price, equipment_price, total_price, equipment, payment_method, payment_status, notes, created_at, updated_at, cancelled_at, cancel_reason) VALUES ('bk-0030', 'H3-20260101-4H22', 'usr-021', 'la-scene', '2026-01-15', '10:00', '11:00', 'duo', 'completed', 24, 3, 27, '[{"id":"mic","quantity":1}]', 'card', 'paid', '', '2026-01-01 23:00:00', '2026-01-01 23:00:00', NULL, NULL);
INSERT INTO payments (id, booking_id, amount, method, status, refunded_amount, paid_at, created_at) VALUES ('pay-0030', 'bk-0030', 27, 'card', 'paid', 0, '2026-01-01 23:00:00', '2026-01-01 23:00:00');
INSERT INTO bookings (id, booking_ref, user_id, studio_id, date, start_time, end_time, group_type, status, base_price, equipment_price, total_price, equipment, payment_method, payment_status, notes, created_at, updated_at, cancelled_at, cancel_reason) VALUES ('bk-0031', 'H3-20260109-5SCC', 'usr-019', 'la-scene', '2026-01-15', '11:00', '12:00', 'solo', 'completed', 12, 0, 12, NULL, 'card', 'paid', '', '2026-01-09 23:00:00', '2026-01-09 23:00:00', NULL, NULL);
INSERT INTO payments (id, booking_id, amount, method, status, refunded_amount, paid_at, created_at) VALUES ('pay-0031', 'bk-0031', 12, 'card', 'paid', 0, '2026-01-09 23:00:00', '2026-01-09 23:00:00');
INSERT INTO bookings (id, booking_ref, user_id, studio_id, date, start_time, end_time, group_type, status, base_price, equipment_price, total_price, equipment, payment_method, payment_status, notes, created_at, updated_at, cancelled_at, cancel_reason) VALUES ('bk-0032', 'H3-20260112-SNQW', 'usr-040', 'le-podium', '2026-01-15', '15:30', '16:30', 'solo', 'completed', 12, 0, 12, NULL, 'card', 'paid', '', '2026-01-12 23:00:00', '2026-01-12 23:00:00', NULL, NULL);
INSERT INTO payments (id, booking_id, amount, method, status, refunded_amount, paid_at, created_at) VALUES ('pay-0032', 'bk-0032', 12, 'card', 'paid', 0, '2026-01-12 23:00:00', '2026-01-12 23:00:00');
INSERT INTO bookings (id, booking_ref, user_id, studio_id, date, start_time, end_time, group_type, status, base_price, equipment_price, total_price, equipment, payment_method, payment_status, notes, created_at, updated_at, cancelled_at, cancel_reason) VALUES ('bk-0033', 'H3-20260105-0QH4', 'usr-046', 'le-podium', '2026-01-15', '09:30', '10:30', 'solo', 'completed', 12, 0, 12, NULL, 'card', 'paid', '', '2026-01-05 23:00:00', '2026-01-05 23:00:00', NULL, NULL);
INSERT INTO payments (id, booking_id, amount, method, status, refunded_amount, paid_at, created_at) VALUES ('pay-0033', 'bk-0033', 12, 'card', 'paid', 0, '2026-01-05 23:00:00', '2026-01-05 23:00:00');
INSERT INTO bookings (id, booking_ref, user_id, studio_id, date, start_time, end_time, group_type, status, base_price, equipment_price, total_price, equipment, payment_method, payment_status, notes, created_at, updated_at, cancelled_at, cancel_reason) VALUES ('bk-0034', 'H3-20260108-HB9R', 'usr-003', 'la-scene', '2026-01-15', '20:00', '21:00', 'duo', 'completed', 24, 0, 24, NULL, 'card', 'paid', '', '2026-01-08 23:00:00', '2026-01-08 23:00:00', NULL, NULL);
INSERT INTO payments (id, booking_id, amount, method, status, refunded_amount, paid_at, created_at) VALUES ('pay-0034', 'bk-0034', 24, 'card', 'paid', 0, '2026-01-08 23:00:00', '2026-01-08 23:00:00');
INSERT INTO bookings (id, booking_ref, user_id, studio_id, date, start_time, end_time, group_type, status, base_price, equipment_price, total_price, equipment, payment_method, payment_status, notes, created_at, updated_at, cancelled_at, cancel_reason) VALUES ('bk-0035', 'H3-20260107-QLS3', 'usr-009', 'le-podium', '2026-01-15', '20:30', '22:00', 'duo', 'completed', 36, 0, 36, NULL, 'card', 'paid', '', '2026-01-07 23:00:00', '2026-01-07 23:00:00', NULL, NULL);
INSERT INTO payments (id, booking_id, amount, method, status, refunded_amount, paid_at, created_at) VALUES ('pay-0035', 'bk-0035', 36, 'card', 'paid', 0, '2026-01-07 23:00:00', '2026-01-07 23:00:00');
INSERT INTO bookings (id, booking_ref, user_id, studio_id, date, start_time, end_time, group_type, status, base_price, equipment_price, total_price, equipment, payment_method, payment_status, notes, created_at, updated_at, cancelled_at, cancel_reason) VALUES ('bk-0036', 'H3-20260104-XFZI', 'usr-038', 'le-podium', '2026-01-15', '10:30', '12:00', 'group', 'no-show', 45, 0, 45, NULL, 'card', 'paid', '', '2026-01-04 23:00:00', '2026-01-04 23:00:00', NULL, NULL);
INSERT INTO payments (id, booking_id, amount, method, status, refunded_amount, paid_at, created_at) VALUES ('pay-0036', 'bk-0036', 45, 'card', 'paid', 0, '2026-01-04 23:00:00', '2026-01-04 23:00:00');
INSERT INTO bookings (id, booking_ref, user_id, studio_id, date, start_time, end_time, group_type, status, base_price, equipment_price, total_price, equipment, payment_method, payment_status, notes, created_at, updated_at, cancelled_at, cancel_reason) VALUES ('bk-0037', 'H3-20260110-DI33', 'usr-015', 'la-scene', '2026-01-15', '17:00', '18:30', 'group', 'no-show', 58, 0, 58, NULL, 'card', 'paid', '', '2026-01-10 23:00:00', '2026-01-10 23:00:00', NULL, NULL);
INSERT INTO payments (id, booking_id, amount, method, status, refunded_amount, paid_at, created_at) VALUES ('pay-0037', 'bk-0037', 58, 'card', 'paid', 0, '2026-01-10 23:00:00', '2026-01-10 23:00:00');
INSERT INTO bookings (id, booking_ref, user_id, studio_id, date, start_time, end_time, group_type, status, base_price, equipment_price, total_price, equipment, payment_method, payment_status, notes, created_at, updated_at, cancelled_at, cancel_reason) VALUES ('bk-0038', 'H3-20260108-RQQ6', 'usr-028', 'la-scene', '2026-01-15', '12:30', '13:30', 'duo', 'completed', 24, 8, 32, '[{"id":"bass","quantity":1},{"id":"mic","quantity":2}]', 'cash', 'paid', '', '2026-01-08 23:00:00', '2026-01-08 23:00:00', NULL, NULL);
INSERT INTO payments (id, booking_id, amount, method, status, refunded_amount, paid_at, created_at) VALUES ('pay-0038', 'bk-0038', 32, 'cash', 'paid', 0, '2026-01-15 23:00:00', '2026-01-08 23:00:00');
INSERT INTO bookings (id, booking_ref, user_id, studio_id, date, start_time, end_time, group_type, status, base_price, equipment_price, total_price, equipment, payment_method, payment_status, notes, created_at, updated_at, cancelled_at, cancel_reason) VALUES ('bk-0039', 'H3-20260105-F5RL', 'usr-033', 'la-scene', '2026-01-15', '17:00', '18:00', 'group', 'completed', 36, 3, 39, '[{"id":"bass","quantity":2}]', 'cash', 'paid', '', '2026-01-05 23:00:00', '2026-01-05 23:00:00', NULL, NULL);
INSERT INTO payments (id, booking_id, amount, method, status, refunded_amount, paid_at, created_at) VALUES ('pay-0039', 'bk-0039', 39, 'cash', 'paid', 0, '2026-01-15 23:00:00', '2026-01-05 23:00:00');
INSERT INTO bookings (id, booking_ref, user_id, studio_id, date, start_time, end_time, group_type, status, base_price, equipment_price, total_price, equipment, payment_method, payment_status, notes, created_at, updated_at, cancelled_at, cancel_reason) VALUES ('bk-0040', 'H3-20260106-FKO0', 'usr-016', 'le-podium', '2026-01-15', '22:00', '23:00', 'solo', 'completed', 12, 0, 12, NULL, 'card', 'paid', '', '2026-01-06 23:00:00', '2026-01-06 23:00:00', NULL, NULL);
INSERT INTO payments (id, booking_id, amount, method, status, refunded_amount, paid_at, created_at) VALUES ('pay-0040', 'bk-0040', 12, 'card', 'paid', 0, '2026-01-06 23:00:00', '2026-01-06 23:00:00');
INSERT INTO bookings (id, booking_ref, user_id, studio_id, date, start_time, end_time, group_type, status, base_price, equipment_price, total_price, equipment, payment_method, payment_status, notes, created_at, updated_at, cancelled_at, cancel_reason) VALUES ('bk-0041', 'H3-20260102-XEDC', 'usr-023', 'la-scene', '2026-01-15', '12:30', '14:00', 'duo', 'completed', 36, 0, 36, NULL, 'cash', 'paid', '', '2026-01-02 23:00:00', '2026-01-02 23:00:00', NULL, NULL);
INSERT INTO payments (id, booking_id, amount, method, status, refunded_amount, paid_at, created_at) VALUES ('pay-0041', 'bk-0041', 36, 'cash', 'paid', 0, '2026-01-15 23:00:00', '2026-01-02 23:00:00');
INSERT INTO bookings (id, booking_ref, user_id, studio_id, date, start_time, end_time, group_type, status, base_price, equipment_price, total_price, equipment, payment_method, payment_status, notes, created_at, updated_at, cancelled_at, cancel_reason) VALUES ('bk-0042', 'H3-20260108-2TK5', 'usr-007', 'le-podium', '2026-01-15', '09:30', '11:00', 'duo', 'completed', 36, 0, 36, NULL, 'card', 'paid', '', '2026-01-08 23:00:00', '2026-01-08 23:00:00', NULL, NULL);
INSERT INTO payments (id, booking_id, amount, method, status, refunded_amount, paid_at, created_at) VALUES ('pay-0042', 'bk-0042', 36, 'card', 'paid', 0, '2026-01-08 23:00:00', '2026-01-08 23:00:00');
INSERT INTO bookings (id, booking_ref, user_id, studio_id, date, start_time, end_time, group_type, status, base_price, equipment_price, total_price, equipment, payment_method, payment_status, notes, created_at, updated_at, cancelled_at, cancel_reason) VALUES ('bk-0043', 'H3-20260114-HPAC', 'usr-028', 'le-podium', '2026-01-15', '10:30', '12:00', 'duo', 'completed', 36, 0, 36, NULL, 'cash', 'paid', '', '2026-01-14 23:00:00', '2026-01-14 23:00:00', NULL, NULL);
INSERT INTO payments (id, booking_id, amount, method, status, refunded_amount, paid_at, created_at) VALUES ('pay-0043', 'bk-0043', 36, 'cash', 'paid', 0, '2026-01-15 23:00:00', '2026-01-14 23:00:00');
INSERT INTO bookings (id, booking_ref, user_id, studio_id, date, start_time, end_time, group_type, status, base_price, equipment_price, total_price, equipment, payment_method, payment_status, notes, created_at, updated_at, cancelled_at, cancel_reason) VALUES ('bk-0044', 'H3-20260108-I4RP', 'usr-021', 'le-podium', '2026-01-16', '10:30', '12:00', 'duo', 'no-show', 36, 0, 36, NULL, 'card', 'paid', '', '2026-01-08 23:00:00', '2026-01-08 23:00:00', NULL, NULL);
INSERT INTO payments (id, booking_id, amount, method, status, refunded_amount, paid_at, created_at) VALUES ('pay-0044', 'bk-0044', 36, 'card', 'paid', 0, '2026-01-08 23:00:00', '2026-01-08 23:00:00');
INSERT INTO bookings (id, booking_ref, user_id, studio_id, date, start_time, end_time, group_type, status, base_price, equipment_price, total_price, equipment, payment_method, payment_status, notes, created_at, updated_at, cancelled_at, cancel_reason) VALUES ('bk-0045', 'H3-20260103-ZII0', 'usr-043', 'le-podium', '2026-01-16', '15:00', '16:00', 'group', 'completed', 36, 3, 39, '[{"id":"cymbal","quantity":2}]', 'card', 'paid', '', '2026-01-03 23:00:00', '2026-01-03 23:00:00', NULL, NULL);
INSERT INTO payments (id, booking_id, amount, method, status, refunded_amount, paid_at, created_at) VALUES ('pay-0045', 'bk-0045', 39, 'card', 'paid', 0, '2026-01-03 23:00:00', '2026-01-03 23:00:00');
INSERT INTO bookings (id, booking_ref, user_id, studio_id, date, start_time, end_time, group_type, status, base_price, equipment_price, total_price, equipment, payment_method, payment_status, notes, created_at, updated_at, cancelled_at, cancel_reason) VALUES ('bk-0046', 'H3-20260103-BP4B', 'usr-002', 'le-podium', '2026-01-16', '13:00', '14:00', 'solo', 'completed', 12, 0, 12, NULL, 'cash', 'paid', '', '2026-01-03 23:00:00', '2026-01-03 23:00:00', NULL, NULL);
INSERT INTO payments (id, booking_id, amount, method, status, refunded_amount, paid_at, created_at) VALUES ('pay-0046', 'bk-0046', 12, 'cash', 'paid', 0, '2026-01-16 23:00:00', '2026-01-03 23:00:00');
INSERT INTO bookings (id, booking_ref, user_id, studio_id, date, start_time, end_time, group_type, status, base_price, equipment_price, total_price, equipment, payment_method, payment_status, notes, created_at, updated_at, cancelled_at, cancel_reason) VALUES ('bk-0047', 'H3-20260111-0S6O', 'usr-025', 'le-podium', '2026-01-16', '22:00', '23:30', 'duo', 'no-show', 36, 3, 39, '[{"id":"bass","quantity":2}]', 'card', 'paid', '', '2026-01-11 23:00:00', '2026-01-11 23:00:00', NULL, NULL);
INSERT INTO payments (id, booking_id, amount, method, status, refunded_amount, paid_at, created_at) VALUES ('pay-0047', 'bk-0047', 39, 'card', 'paid', 0, '2026-01-11 23:00:00', '2026-01-11 23:00:00');
INSERT INTO bookings (id, booking_ref, user_id, studio_id, date, start_time, end_time, group_type, status, base_price, equipment_price, total_price, equipment, payment_method, payment_status, notes, created_at, updated_at, cancelled_at, cancel_reason) VALUES ('bk-0048', 'H3-20260114-UNRT', 'usr-034', 'le-podium', '2026-01-16', '20:30', '21:30', 'solo', 'completed', 12, 6, 18, '[{"id":"bass","quantity":2},{"id":"piano","quantity":1}]', 'card', 'paid', '', '2026-01-14 23:00:00', '2026-01-14 23:00:00', NULL, NULL);
INSERT INTO payments (id, booking_id, amount, method, status, refunded_amount, paid_at, created_at) VALUES ('pay-0048', 'bk-0048', 18, 'card', 'paid', 0, '2026-01-14 23:00:00', '2026-01-14 23:00:00');
INSERT INTO bookings (id, booking_ref, user_id, studio_id, date, start_time, end_time, group_type, status, base_price, equipment_price, total_price, equipment, payment_method, payment_status, notes, created_at, updated_at, cancelled_at, cancel_reason) VALUES ('bk-0049', 'H3-20260115-GQZ1', 'usr-012', 'la-scene', '2026-01-16', '19:00', '20:00', 'solo', 'completed', 12, 0, 12, NULL, 'card', 'paid', '', '2026-01-15 23:00:00', '2026-01-15 23:00:00', NULL, NULL);
INSERT INTO payments (id, booking_id, amount, method, status, refunded_amount, paid_at, created_at) VALUES ('pay-0049', 'bk-0049', 12, 'card', 'paid', 0, '2026-01-15 23:00:00', '2026-01-15 23:00:00');
INSERT INTO bookings (id, booking_ref, user_id, studio_id, date, start_time, end_time, group_type, status, base_price, equipment_price, total_price, equipment, payment_method, payment_status, notes, created_at, updated_at, cancelled_at, cancel_reason) VALUES ('bk-0050', 'H3-20260103-VHKA', 'usr-001', 'la-scene', '2026-01-16', '15:00', '16:00', 'duo', 'completed', 24, 0, 24, NULL, 'card', 'paid', '', '2026-01-03 23:00:00', '2026-01-03 23:00:00', NULL, NULL);
INSERT INTO payments (id, booking_id, amount, method, status, refunded_amount, paid_at, created_at) VALUES ('pay-0050', 'bk-0050', 24, 'card', 'paid', 0, '2026-01-03 23:00:00', '2026-01-03 23:00:00');
INSERT INTO bookings (id, booking_ref, user_id, studio_id, date, start_time, end_time, group_type, status, base_price, equipment_price, total_price, equipment, payment_method, payment_status, notes, created_at, updated_at, cancelled_at, cancel_reason) VALUES ('bk-0051', 'H3-20260105-CUCI', 'usr-048', 'la-scene', '2026-01-16', '16:30', '17:30', 'duo', 'completed', 24, 0, 24, NULL, 'card', 'paid', '', '2026-01-05 23:00:00', '2026-01-05 23:00:00', NULL, NULL);
INSERT INTO payments (id, booking_id, amount, method, status, refunded_amount, paid_at, created_at) VALUES ('pay-0051', 'bk-0051', 24, 'card', 'paid', 0, '2026-01-05 23:00:00', '2026-01-05 23:00:00');
INSERT INTO bookings (id, booking_ref, user_id, studio_id, date, start_time, end_time, group_type, status, base_price, equipment_price, total_price, equipment, payment_method, payment_status, notes, created_at, updated_at, cancelled_at, cancel_reason) VALUES ('bk-0052', 'H3-20260102-Z3PZ', 'usr-021', 'le-podium', '2026-01-16', '21:00', '22:30', 'duo', 'completed', 36, 0, 36, NULL, 'card', 'paid', '', '2026-01-02 23:00:00', '2026-01-02 23:00:00', NULL, NULL);
INSERT INTO payments (id, booking_id, amount, method, status, refunded_amount, paid_at, created_at) VALUES ('pay-0052', 'bk-0052', 36, 'card', 'paid', 0, '2026-01-02 23:00:00', '2026-01-02 23:00:00');
INSERT INTO bookings (id, booking_ref, user_id, studio_id, date, start_time, end_time, group_type, status, base_price, equipment_price, total_price, equipment, payment_method, payment_status, notes, created_at, updated_at, cancelled_at, cancel_reason) VALUES ('bk-0053', 'H3-20260110-F3Q1', 'usr-025', 'la-scene', '2026-01-16', '10:30', '11:30', 'group', 'completed', 44, 0, 44, NULL, 'cash', 'paid', '', '2026-01-10 23:00:00', '2026-01-10 23:00:00', NULL, NULL);
INSERT INTO payments (id, booking_id, amount, method, status, refunded_amount, paid_at, created_at) VALUES ('pay-0053', 'bk-0053', 44, 'cash', 'paid', 0, '2026-01-16 23:00:00', '2026-01-10 23:00:00');
INSERT INTO bookings (id, booking_ref, user_id, studio_id, date, start_time, end_time, group_type, status, base_price, equipment_price, total_price, equipment, payment_method, payment_status, notes, created_at, updated_at, cancelled_at, cancel_reason) VALUES ('bk-0054', 'H3-20260105-W2OG', 'usr-045', 'la-scene', '2026-01-16', '20:30', '21:30', 'duo', 'completed', 24, 0, 24, NULL, 'card', 'paid', '', '2026-01-05 23:00:00', '2026-01-05 23:00:00', NULL, NULL);
INSERT INTO payments (id, booking_id, amount, method, status, refunded_amount, paid_at, created_at) VALUES ('pay-0054', 'bk-0054', 24, 'card', 'paid', 0, '2026-01-05 23:00:00', '2026-01-05 23:00:00');
INSERT INTO bookings (id, booking_ref, user_id, studio_id, date, start_time, end_time, group_type, status, base_price, equipment_price, total_price, equipment, payment_method, payment_status, notes, created_at, updated_at, cancelled_at, cancel_reason) VALUES ('bk-0055', 'H3-20260109-URZ6', 'usr-002', 'le-podium', '2026-01-16', '16:00', '17:30', 'solo', 'completed', 18, 6, 24, '[{"id":"cymbal","quantity":2},{"id":"guitar","quantity":1}]', 'card', 'paid', '', '2026-01-09 23:00:00', '2026-01-09 23:00:00', NULL, NULL);
INSERT INTO payments (id, booking_id, amount, method, status, refunded_amount, paid_at, created_at) VALUES ('pay-0055', 'bk-0055', 24, 'card', 'paid', 0, '2026-01-09 23:00:00', '2026-01-09 23:00:00');
INSERT INTO bookings (id, booking_ref, user_id, studio_id, date, start_time, end_time, group_type, status, base_price, equipment_price, total_price, equipment, payment_method, payment_status, notes, created_at, updated_at, cancelled_at, cancel_reason) VALUES ('bk-0056', 'H3-20260115-ACEH', 'usr-033', 'le-podium', '2026-01-16', '20:30', '22:00', 'duo', 'completed', 36, 0, 36, NULL, 'card', 'paid', '', '2026-01-15 23:00:00', '2026-01-15 23:00:00', NULL, NULL);
INSERT INTO payments (id, booking_id, amount, method, status, refunded_amount, paid_at, created_at) VALUES ('pay-0056', 'bk-0056', 36, 'card', 'paid', 0, '2026-01-15 23:00:00', '2026-01-15 23:00:00');
INSERT INTO bookings (id, booking_ref, user_id, studio_id, date, start_time, end_time, group_type, status, base_price, equipment_price, total_price, equipment, payment_method, payment_status, notes, created_at, updated_at, cancelled_at, cancel_reason) VALUES ('bk-0057', 'H3-20260108-SQ30', 'usr-015', 'la-scene', '2026-01-16', '17:00', '18:30', 'solo', 'completed', 18, 0, 18, NULL, 'cash', 'paid', '', '2026-01-08 23:00:00', '2026-01-08 23:00:00', NULL, NULL);
INSERT INTO payments (id, booking_id, amount, method, status, refunded_amount, paid_at, created_at) VALUES ('pay-0057', 'bk-0057', 18, 'cash', 'paid', 0, '2026-01-16 23:00:00', '2026-01-08 23:00:00');
INSERT INTO bookings (id, booking_ref, user_id, studio_id, date, start_time, end_time, group_type, status, base_price, equipment_price, total_price, equipment, payment_method, payment_status, notes, created_at, updated_at, cancelled_at, cancel_reason) VALUES ('bk-0058', 'H3-20260107-SIK1', 'usr-008', 'le-podium', '2026-01-16', '22:00', '23:30', 'group', 'no-show', 54, 6, 60, '[{"id":"cymbal","quantity":1},{"id":"bass","quantity":2}]', 'cash', 'pending', '', '2026-01-07 23:00:00', '2026-01-07 23:00:00', NULL, NULL);
INSERT INTO payments (id, booking_id, amount, method, status, refunded_amount, paid_at, created_at) VALUES ('pay-0058', 'bk-0058', 60, 'cash', 'pending', 0, NULL, '2026-01-07 23:00:00');
INSERT INTO bookings (id, booking_ref, user_id, studio_id, date, start_time, end_time, group_type, status, base_price, equipment_price, total_price, equipment, payment_method, payment_status, notes, created_at, updated_at, cancelled_at, cancel_reason) VALUES ('bk-0059', 'H3-20260112-1YTT', 'usr-036', 'le-podium', '2026-01-16', '12:00', '13:30', 'duo', 'completed', 36, 0, 36, NULL, 'card', 'paid', '', '2026-01-12 23:00:00', '2026-01-12 23:00:00', NULL, NULL);
INSERT INTO payments (id, booking_id, amount, method, status, refunded_amount, paid_at, created_at) VALUES ('pay-0059', 'bk-0059', 36, 'card', 'paid', 0, '2026-01-12 23:00:00', '2026-01-12 23:00:00');
INSERT INTO bookings (id, booking_ref, user_id, studio_id, date, start_time, end_time, group_type, status, base_price, equipment_price, total_price, equipment, payment_method, payment_status, notes, created_at, updated_at, cancelled_at, cancel_reason) VALUES ('bk-0060', 'H3-20260105-DSL3', 'usr-026', 'la-scene', '2026-01-16', '10:00', '11:00', 'solo', 'completed', 12, 0, 12, NULL, 'card', 'paid', '', '2026-01-05 23:00:00', '2026-01-05 23:00:00', NULL, NULL);
INSERT INTO payments (id, booking_id, amount, method, status, refunded_amount, paid_at, created_at) VALUES ('pay-0060', 'bk-0060', 12, 'card', 'paid', 0, '2026-01-05 23:00:00', '2026-01-05 23:00:00');
INSERT INTO bookings (id, booking_ref, user_id, studio_id, date, start_time, end_time, group_type, status, base_price, equipment_price, total_price, equipment, payment_method, payment_status, notes, created_at, updated_at, cancelled_at, cancel_reason) VALUES ('bk-0061', 'H3-20260115-4TTG', 'usr-005', 'la-scene', '2026-01-16', '21:30', '22:30', 'duo', 'no-show', 24, 3, 27, '[{"id":"piano","quantity":1}]', 'card', 'paid', '', '2026-01-15 23:00:00', '2026-01-15 23:00:00', NULL, NULL);
INSERT INTO payments (id, booking_id, amount, method, status, refunded_amount, paid_at, created_at) VALUES ('pay-0061', 'bk-0061', 27, 'card', 'paid', 0, '2026-01-15 23:00:00', '2026-01-15 23:00:00');
INSERT INTO bookings (id, booking_ref, user_id, studio_id, date, start_time, end_time, group_type, status, base_price, equipment_price, total_price, equipment, payment_method, payment_status, notes, created_at, updated_at, cancelled_at, cancel_reason) VALUES ('bk-0062', 'H3-20260115-2NJ2', 'usr-021', 'le-podium', '2026-01-16', '20:00', '21:30', 'duo', 'completed', 36, 3, 39, '[{"id":"bass","quantity":2}]', 'card', 'paid', '', '2026-01-15 23:00:00', '2026-01-15 23:00:00', NULL, NULL);
INSERT INTO payments (id, booking_id, amount, method, status, refunded_amount, paid_at, created_at) VALUES ('pay-0062', 'bk-0062', 39, 'card', 'paid', 0, '2026-01-15 23:00:00', '2026-01-15 23:00:00');
INSERT INTO bookings (id, booking_ref, user_id, studio_id, date, start_time, end_time, group_type, status, base_price, equipment_price, total_price, equipment, payment_method, payment_status, notes, created_at, updated_at, cancelled_at, cancel_reason) VALUES ('bk-0063', 'H3-20260112-S77L', 'usr-014', 'le-podium', '2026-01-16', '21:30', '22:30', 'duo', 'completed', 24, 0, 24, NULL, 'cash', 'paid', '', '2026-01-12 23:00:00', '2026-01-12 23:00:00', NULL, NULL);
INSERT INTO payments (id, booking_id, amount, method, status, refunded_amount, paid_at, created_at) VALUES ('pay-0063', 'bk-0063', 24, 'cash', 'paid', 0, '2026-01-16 23:00:00', '2026-01-12 23:00:00');
INSERT INTO bookings (id, booking_ref, user_id, studio_id, date, start_time, end_time, group_type, status, base_price, equipment_price, total_price, equipment, payment_method, payment_status, notes, created_at, updated_at, cancelled_at, cancel_reason) VALUES ('bk-0064', 'H3-20260105-PLWF', 'usr-028', 'le-podium', '2026-01-16', '17:00', '18:00', 'solo', 'completed', 12, 3, 15, '[{"id":"bass","quantity":2}]', 'cash', 'paid', '', '2026-01-05 23:00:00', '2026-01-05 23:00:00', NULL, NULL);
INSERT INTO payments (id, booking_id, amount, method, status, refunded_amount, paid_at, created_at) VALUES ('pay-0064', 'bk-0064', 15, 'cash', 'paid', 0, '2026-01-16 23:00:00', '2026-01-05 23:00:00');
INSERT INTO bookings (id, booking_ref, user_id, studio_id, date, start_time, end_time, group_type, status, base_price, equipment_price, total_price, equipment, payment_method, payment_status, notes, created_at, updated_at, cancelled_at, cancel_reason) VALUES ('bk-0065', 'H3-20260109-76OW', 'usr-044', 'le-podium', '2026-01-16', '09:00', '10:30', 'duo', 'completed', 36, 3, 39, '[{"id":"guitar","quantity":1}]', 'card', 'paid', '', '2026-01-09 23:00:00', '2026-01-09 23:00:00', NULL, NULL);
INSERT INTO payments (id, booking_id, amount, method, status, refunded_amount, paid_at, created_at) VALUES ('pay-0065', 'bk-0065', 39, 'card', 'paid', 0, '2026-01-09 23:00:00', '2026-01-09 23:00:00');
INSERT INTO bookings (id, booking_ref, user_id, studio_id, date, start_time, end_time, group_type, status, base_price, equipment_price, total_price, equipment, payment_method, payment_status, notes, created_at, updated_at, cancelled_at, cancel_reason) VALUES ('bk-0066', 'H3-20260103-KATR', 'usr-011', 'le-podium', '2026-01-16', '09:00', '10:00', 'duo', 'completed', 24, 0, 24, NULL, 'cash', 'paid', '', '2026-01-03 23:00:00', '2026-01-03 23:00:00', NULL, NULL);
INSERT INTO payments (id, booking_id, amount, method, status, refunded_amount, paid_at, created_at) VALUES ('pay-0066', 'bk-0066', 24, 'cash', 'paid', 0, '2026-01-16 23:00:00', '2026-01-03 23:00:00');
INSERT INTO bookings (id, booking_ref, user_id, studio_id, date, start_time, end_time, group_type, status, base_price, equipment_price, total_price, equipment, payment_method, payment_status, notes, created_at, updated_at, cancelled_at, cancel_reason) VALUES ('bk-0067', 'H3-20260108-NXHV', 'usr-021', 'le-podium', '2026-01-17', '17:00', '18:00', 'duo', 'completed', 24, 0, 24, NULL, 'card', 'paid', '', '2026-01-08 23:00:00', '2026-01-08 23:00:00', NULL, NULL);
INSERT INTO payments (id, booking_id, amount, method, status, refunded_amount, paid_at, created_at) VALUES ('pay-0067', 'bk-0067', 24, 'card', 'paid', 0, '2026-01-08 23:00:00', '2026-01-08 23:00:00');
INSERT INTO bookings (id, booking_ref, user_id, studio_id, date, start_time, end_time, group_type, status, base_price, equipment_price, total_price, equipment, payment_method, payment_status, notes, created_at, updated_at, cancelled_at, cancel_reason) VALUES ('bk-0068', 'H3-20260108-DSBI', 'usr-039', 'la-scene', '2026-01-17', '10:00', '11:30', 'group', 'completed', 66, 0, 66, NULL, 'cash', 'paid', '', '2026-01-08 23:00:00', '2026-01-08 23:00:00', NULL, NULL);
INSERT INTO payments (id, booking_id, amount, method, status, refunded_amount, paid_at, created_at) VALUES ('pay-0068', 'bk-0068', 66, 'cash', 'paid', 0, '2026-01-17 23:00:00', '2026-01-08 23:00:00');
INSERT INTO bookings (id, booking_ref, user_id, studio_id, date, start_time, end_time, group_type, status, base_price, equipment_price, total_price, equipment, payment_method, payment_status, notes, created_at, updated_at, cancelled_at, cancel_reason) VALUES ('bk-0069', 'H3-20260116-T8V0', 'usr-027', 'le-podium', '2026-01-17', '11:00', '12:00', 'group', 'completed', 36, 6, 42, '[{"id":"piano","quantity":2}]', 'card', 'paid', '', '2026-01-16 23:00:00', '2026-01-16 23:00:00', NULL, NULL);
INSERT INTO payments (id, booking_id, amount, method, status, refunded_amount, paid_at, created_at) VALUES ('pay-0069', 'bk-0069', 42, 'card', 'paid', 0, '2026-01-16 23:00:00', '2026-01-16 23:00:00');
INSERT INTO bookings (id, booking_ref, user_id, studio_id, date, start_time, end_time, group_type, status, base_price, equipment_price, total_price, equipment, payment_method, payment_status, notes, created_at, updated_at, cancelled_at, cancel_reason) VALUES ('bk-0070', 'H3-20260108-JS90', 'usr-043', 'la-scene', '2026-01-17', '21:00', '22:30', 'duo', 'completed', 36, 0, 36, NULL, 'card', 'paid', '', '2026-01-08 23:00:00', '2026-01-08 23:00:00', NULL, NULL);
INSERT INTO payments (id, booking_id, amount, method, status, refunded_amount, paid_at, created_at) VALUES ('pay-0070', 'bk-0070', 36, 'card', 'paid', 0, '2026-01-08 23:00:00', '2026-01-08 23:00:00');
INSERT INTO bookings (id, booking_ref, user_id, studio_id, date, start_time, end_time, group_type, status, base_price, equipment_price, total_price, equipment, payment_method, payment_status, notes, created_at, updated_at, cancelled_at, cancel_reason) VALUES ('bk-0071', 'H3-20260103-6TJN', 'usr-024', 'le-podium', '2026-01-17', '15:00', '16:00', 'duo', 'cancelled', 24, 0, 24, NULL, 'card', 'paid', '', '2026-01-03 23:00:00', '2026-01-03 23:00:00', '2026-01-06 23:00:00', 'Maladie');
INSERT INTO payments (id, booking_id, amount, method, status, refunded_amount, paid_at, created_at) VALUES ('pay-0071', 'bk-0071', 24, 'card', 'paid', 0, '2026-01-03 23:00:00', '2026-01-03 23:00:00');
INSERT INTO bookings (id, booking_ref, user_id, studio_id, date, start_time, end_time, group_type, status, base_price, equipment_price, total_price, equipment, payment_method, payment_status, notes, created_at, updated_at, cancelled_at, cancel_reason) VALUES ('bk-0072', 'H3-20260104-93SO', 'usr-031', 'la-scene', '2026-01-17', '21:30', '22:30', 'solo', 'completed', 12, 0, 12, NULL, 'card', 'paid', '', '2026-01-04 23:00:00', '2026-01-04 23:00:00', NULL, NULL);
INSERT INTO payments (id, booking_id, amount, method, status, refunded_amount, paid_at, created_at) VALUES ('pay-0072', 'bk-0072', 12, 'card', 'paid', 0, '2026-01-04 23:00:00', '2026-01-04 23:00:00');
INSERT INTO bookings (id, booking_ref, user_id, studio_id, date, start_time, end_time, group_type, status, base_price, equipment_price, total_price, equipment, payment_method, payment_status, notes, created_at, updated_at, cancelled_at, cancel_reason) VALUES ('bk-0073', 'H3-20260113-XMKV', 'usr-023', 'le-podium', '2026-01-17', '16:00', '17:30', 'duo', 'completed', 36, 8, 44, '[{"id":"bass","quantity":2},{"id":"mic","quantity":2}]', 'card', 'paid', '', '2026-01-13 23:00:00', '2026-01-13 23:00:00', NULL, NULL);
INSERT INTO payments (id, booking_id, amount, method, status, refunded_amount, paid_at, created_at) VALUES ('pay-0073', 'bk-0073', 44, 'card', 'paid', 0, '2026-01-13 23:00:00', '2026-01-13 23:00:00');
INSERT INTO bookings (id, booking_ref, user_id, studio_id, date, start_time, end_time, group_type, status, base_price, equipment_price, total_price, equipment, payment_method, payment_status, notes, created_at, updated_at, cancelled_at, cancel_reason) VALUES ('bk-0074', 'H3-20260110-VR1D', 'usr-008', 'le-podium', '2026-01-17', '14:30', '15:30', 'solo', 'completed', 12, 6, 18, '[{"id":"piano","quantity":2}]', 'card', 'paid', '', '2026-01-10 23:00:00', '2026-01-10 23:00:00', NULL, NULL);
INSERT INTO payments (id, booking_id, amount, method, status, refunded_amount, paid_at, created_at) VALUES ('pay-0074', 'bk-0074', 18, 'card', 'paid', 0, '2026-01-10 23:00:00', '2026-01-10 23:00:00');
INSERT INTO bookings (id, booking_ref, user_id, studio_id, date, start_time, end_time, group_type, status, base_price, equipment_price, total_price, equipment, payment_method, payment_status, notes, created_at, updated_at, cancelled_at, cancel_reason) VALUES ('bk-0075', 'H3-20260105-TL1O', 'usr-003', 'le-podium', '2026-01-17', '14:00', '15:00', 'solo', 'completed', 12, 0, 12, NULL, 'card', 'paid', '', '2026-01-05 23:00:00', '2026-01-05 23:00:00', NULL, NULL);
INSERT INTO payments (id, booking_id, amount, method, status, refunded_amount, paid_at, created_at) VALUES ('pay-0075', 'bk-0075', 12, 'card', 'paid', 0, '2026-01-05 23:00:00', '2026-01-05 23:00:00');
INSERT INTO bookings (id, booking_ref, user_id, studio_id, date, start_time, end_time, group_type, status, base_price, equipment_price, total_price, equipment, payment_method, payment_status, notes, created_at, updated_at, cancelled_at, cancel_reason) VALUES ('bk-0076', 'H3-20260114-OQA3', 'usr-021', 'le-podium', '2026-01-17', '13:30', '15:00', 'solo', 'completed', 18, 0, 18, NULL, 'card', 'paid', '', '2026-01-14 23:00:00', '2026-01-14 23:00:00', NULL, NULL);
INSERT INTO payments (id, booking_id, amount, method, status, refunded_amount, paid_at, created_at) VALUES ('pay-0076', 'bk-0076', 18, 'card', 'paid', 0, '2026-01-14 23:00:00', '2026-01-14 23:00:00');
INSERT INTO bookings (id, booking_ref, user_id, studio_id, date, start_time, end_time, group_type, status, base_price, equipment_price, total_price, equipment, payment_method, payment_status, notes, created_at, updated_at, cancelled_at, cancel_reason) VALUES ('bk-0077', 'H3-20260107-0DQQ', 'usr-023', 'le-podium', '2026-01-17', '10:00', '11:00', 'solo', 'completed', 12, 3, 15, '[{"id":"cymbal","quantity":1}]', 'card', 'paid', '', '2026-01-07 23:00:00', '2026-01-07 23:00:00', NULL, NULL);
INSERT INTO payments (id, booking_id, amount, method, status, refunded_amount, paid_at, created_at) VALUES ('pay-0077', 'bk-0077', 15, 'card', 'paid', 0, '2026-01-07 23:00:00', '2026-01-07 23:00:00');
INSERT INTO bookings (id, booking_ref, user_id, studio_id, date, start_time, end_time, group_type, status, base_price, equipment_price, total_price, equipment, payment_method, payment_status, notes, created_at, updated_at, cancelled_at, cancel_reason) VALUES ('bk-0078', 'H3-20260115-WAMS', 'usr-014', 'la-scene', '2026-01-17', '10:30', '12:00', 'duo', 'completed', 36, 0, 36, NULL, 'card', 'paid', '', '2026-01-15 23:00:00', '2026-01-15 23:00:00', NULL, NULL);
INSERT INTO payments (id, booking_id, amount, method, status, refunded_amount, paid_at, created_at) VALUES ('pay-0078', 'bk-0078', 36, 'card', 'paid', 0, '2026-01-15 23:00:00', '2026-01-15 23:00:00');
INSERT INTO bookings (id, booking_ref, user_id, studio_id, date, start_time, end_time, group_type, status, base_price, equipment_price, total_price, equipment, payment_method, payment_status, notes, created_at, updated_at, cancelled_at, cancel_reason) VALUES ('bk-0079', 'H3-20260107-DG7C', 'usr-028', 'le-podium', '2026-01-17', '17:00', '18:00', 'group', 'cancelled', 36, 0, 36, NULL, 'cash', 'pending', '', '2026-01-07 23:00:00', '2026-01-07 23:00:00', '2026-01-09 23:00:00', 'Empêchement');
INSERT INTO payments (id, booking_id, amount, method, status, refunded_amount, paid_at, created_at) VALUES ('pay-0079', 'bk-0079', 36, 'cash', 'pending', 0, NULL, '2026-01-07 23:00:00');
INSERT INTO bookings (id, booking_ref, user_id, studio_id, date, start_time, end_time, group_type, status, base_price, equipment_price, total_price, equipment, payment_method, payment_status, notes, created_at, updated_at, cancelled_at, cancel_reason) VALUES ('bk-0080', 'H3-20260111-0RPE', 'usr-027', 'le-podium', '2026-01-17', '11:30', '13:00', 'duo', 'completed', 36, 0, 36, NULL, 'cash', 'paid', '', '2026-01-11 23:00:00', '2026-01-11 23:00:00', NULL, NULL);
INSERT INTO payments (id, booking_id, amount, method, status, refunded_amount, paid_at, created_at) VALUES ('pay-0080', 'bk-0080', 36, 'cash', 'paid', 0, '2026-01-17 23:00:00', '2026-01-11 23:00:00');
INSERT INTO bookings (id, booking_ref, user_id, studio_id, date, start_time, end_time, group_type, status, base_price, equipment_price, total_price, equipment, payment_method, payment_status, notes, created_at, updated_at, cancelled_at, cancel_reason) VALUES ('bk-0081', 'H3-20260112-7A46', 'usr-039', 'le-podium', '2026-01-17', '12:00', '13:00', 'group', 'completed', 36, 0, 36, NULL, 'card', 'paid', '', '2026-01-12 23:00:00', '2026-01-12 23:00:00', NULL, NULL);
INSERT INTO payments (id, booking_id, amount, method, status, refunded_amount, paid_at, created_at) VALUES ('pay-0081', 'bk-0081', 36, 'card', 'paid', 0, '2026-01-12 23:00:00', '2026-01-12 23:00:00');
INSERT INTO bookings (id, booking_ref, user_id, studio_id, date, start_time, end_time, group_type, status, base_price, equipment_price, total_price, equipment, payment_method, payment_status, notes, created_at, updated_at, cancelled_at, cancel_reason) VALUES ('bk-0082', 'H3-20260115-QLQ5', 'usr-026', 'le-podium', '2026-01-17', '13:30', '14:30', 'group', 'no-show', 36, 0, 36, NULL, 'cash', 'pending', '', '2026-01-15 23:00:00', '2026-01-15 23:00:00', NULL, NULL);
INSERT INTO payments (id, booking_id, amount, method, status, refunded_amount, paid_at, created_at) VALUES ('pay-0082', 'bk-0082', 36, 'cash', 'pending', 0, NULL, '2026-01-15 23:00:00');
INSERT INTO bookings (id, booking_ref, user_id, studio_id, date, start_time, end_time, group_type, status, base_price, equipment_price, total_price, equipment, payment_method, payment_status, notes, created_at, updated_at, cancelled_at, cancel_reason) VALUES ('bk-0083', 'H3-20260113-1DZX', 'usr-007', 'la-scene', '2026-01-17', '18:00', '19:00', 'solo', 'completed', 12, 0, 12, NULL, 'card', 'paid', '', '2026-01-13 23:00:00', '2026-01-13 23:00:00', NULL, NULL);
INSERT INTO payments (id, booking_id, amount, method, status, refunded_amount, paid_at, created_at) VALUES ('pay-0083', 'bk-0083', 12, 'card', 'paid', 0, '2026-01-13 23:00:00', '2026-01-13 23:00:00');
INSERT INTO bookings (id, booking_ref, user_id, studio_id, date, start_time, end_time, group_type, status, base_price, equipment_price, total_price, equipment, payment_method, payment_status, notes, created_at, updated_at, cancelled_at, cancel_reason) VALUES ('bk-0084', 'H3-20260103-GSCC', 'usr-008', 'la-scene', '2026-01-17', '15:30', '16:30', 'solo', 'completed', 12, 0, 12, NULL, 'cash', 'paid', '', '2026-01-03 23:00:00', '2026-01-03 23:00:00', NULL, NULL);
INSERT INTO payments (id, booking_id, amount, method, status, refunded_amount, paid_at, created_at) VALUES ('pay-0084', 'bk-0084', 12, 'cash', 'paid', 0, '2026-01-17 23:00:00', '2026-01-03 23:00:00');
INSERT INTO bookings (id, booking_ref, user_id, studio_id, date, start_time, end_time, group_type, status, base_price, equipment_price, total_price, equipment, payment_method, payment_status, notes, created_at, updated_at, cancelled_at, cancel_reason) VALUES ('bk-0085', 'H3-20260112-BDJW', 'usr-013', 'le-podium', '2026-01-17', '10:30', '11:30', 'group', 'completed', 36, 0, 36, NULL, 'cash', 'paid', '', '2026-01-12 23:00:00', '2026-01-12 23:00:00', NULL, NULL);
INSERT INTO payments (id, booking_id, amount, method, status, refunded_amount, paid_at, created_at) VALUES ('pay-0085', 'bk-0085', 36, 'cash', 'paid', 0, '2026-01-17 23:00:00', '2026-01-12 23:00:00');
INSERT INTO bookings (id, booking_ref, user_id, studio_id, date, start_time, end_time, group_type, status, base_price, equipment_price, total_price, equipment, payment_method, payment_status, notes, created_at, updated_at, cancelled_at, cancel_reason) VALUES ('bk-0086', 'H3-20260103-T0VY', 'usr-050', 'la-scene', '2026-01-17', '15:00', '16:00', 'solo', 'no-show', 12, 3, 15, '[{"id":"bass","quantity":1}]', 'card', 'paid', '', '2026-01-03 23:00:00', '2026-01-03 23:00:00', NULL, NULL);
INSERT INTO payments (id, booking_id, amount, method, status, refunded_amount, paid_at, created_at) VALUES ('pay-0086', 'bk-0086', 15, 'card', 'paid', 0, '2026-01-03 23:00:00', '2026-01-03 23:00:00');
INSERT INTO bookings (id, booking_ref, user_id, studio_id, date, start_time, end_time, group_type, status, base_price, equipment_price, total_price, equipment, payment_method, payment_status, notes, created_at, updated_at, cancelled_at, cancel_reason) VALUES ('bk-0087', 'H3-20260114-QUFD', 'usr-043', 'le-podium', '2026-01-17', '16:00', '17:00', 'solo', 'cancelled', 12, 0, 12, NULL, 'cash', 'pending', '', '2026-01-14 23:00:00', '2026-01-14 23:00:00', '2026-01-16 23:00:00', 'Maladie');
INSERT INTO payments (id, booking_id, amount, method, status, refunded_amount, paid_at, created_at) VALUES ('pay-0087', 'bk-0087', 12, 'cash', 'pending', 0, NULL, '2026-01-14 23:00:00');
INSERT INTO bookings (id, booking_ref, user_id, studio_id, date, start_time, end_time, group_type, status, base_price, equipment_price, total_price, equipment, payment_method, payment_status, notes, created_at, updated_at, cancelled_at, cancel_reason) VALUES ('bk-0088', 'H3-20260106-0PM7', 'usr-034', 'la-scene', '2026-01-17', '18:00', '19:00', 'solo', 'completed', 12, 3, 15, '[{"id":"cymbal","quantity":2}]', 'card', 'paid', '', '2026-01-06 23:00:00', '2026-01-06 23:00:00', NULL, NULL);
INSERT INTO payments (id, booking_id, amount, method, status, refunded_amount, paid_at, created_at) VALUES ('pay-0088', 'bk-0088', 15, 'card', 'paid', 0, '2026-01-06 23:00:00', '2026-01-06 23:00:00');
INSERT INTO bookings (id, booking_ref, user_id, studio_id, date, start_time, end_time, group_type, status, base_price, equipment_price, total_price, equipment, payment_method, payment_status, notes, created_at, updated_at, cancelled_at, cancel_reason) VALUES ('bk-0089', 'H3-20260110-AQT6', 'usr-047', 'le-podium', '2026-01-18', '17:00', '18:00', 'group', 'no-show', 30, 0, 30, NULL, 'cash', 'pending', '', '2026-01-10 23:00:00', '2026-01-10 23:00:00', NULL, NULL);
INSERT INTO payments (id, booking_id, amount, method, status, refunded_amount, paid_at, created_at) VALUES ('pay-0089', 'bk-0089', 30, 'cash', 'pending', 0, NULL, '2026-01-10 23:00:00');
INSERT INTO bookings (id, booking_ref, user_id, studio_id, date, start_time, end_time, group_type, status, base_price, equipment_price, total_price, equipment, payment_method, payment_status, notes, created_at, updated_at, cancelled_at, cancel_reason) VALUES ('bk-0090', 'H3-20260108-C31D', 'usr-039', 'le-podium', '2026-01-18', '12:30', '13:30', 'solo', 'completed', 12, 0, 12, NULL, 'card', 'paid', '', '2026-01-08 23:00:00', '2026-01-08 23:00:00', NULL, NULL);
INSERT INTO payments (id, booking_id, amount, method, status, refunded_amount, paid_at, created_at) VALUES ('pay-0090', 'bk-0090', 12, 'card', 'paid', 0, '2026-01-08 23:00:00', '2026-01-08 23:00:00');
INSERT INTO bookings (id, booking_ref, user_id, studio_id, date, start_time, end_time, group_type, status, base_price, equipment_price, total_price, equipment, payment_method, payment_status, notes, created_at, updated_at, cancelled_at, cancel_reason) VALUES ('bk-0091', 'H3-20260110-ZVY9', 'usr-005', 'la-scene', '2026-01-18', '22:30', '23:30', 'duo', 'completed', 24, 0, 24, NULL, 'card', 'paid', '', '2026-01-10 23:00:00', '2026-01-10 23:00:00', NULL, NULL);
INSERT INTO payments (id, booking_id, amount, method, status, refunded_amount, paid_at, created_at) VALUES ('pay-0091', 'bk-0091', 24, 'card', 'paid', 0, '2026-01-10 23:00:00', '2026-01-10 23:00:00');
INSERT INTO bookings (id, booking_ref, user_id, studio_id, date, start_time, end_time, group_type, status, base_price, equipment_price, total_price, equipment, payment_method, payment_status, notes, created_at, updated_at, cancelled_at, cancel_reason) VALUES ('bk-0092', 'H3-20260108-VTGL', 'usr-045', 'la-scene', '2026-01-18', '12:30', '13:30', 'duo', 'completed', 24, 0, 24, NULL, 'card', 'paid', '', '2026-01-08 23:00:00', '2026-01-08 23:00:00', NULL, NULL);
INSERT INTO payments (id, booking_id, amount, method, status, refunded_amount, paid_at, created_at) VALUES ('pay-0092', 'bk-0092', 24, 'card', 'paid', 0, '2026-01-08 23:00:00', '2026-01-08 23:00:00');
INSERT INTO bookings (id, booking_ref, user_id, studio_id, date, start_time, end_time, group_type, status, base_price, equipment_price, total_price, equipment, payment_method, payment_status, notes, created_at, updated_at, cancelled_at, cancel_reason) VALUES ('bk-0093', 'H3-20260116-W6DF', 'usr-035', 'le-podium', '2026-01-18', '16:00', '17:00', 'duo', 'completed', 24, 0, 24, NULL, 'cash', 'paid', '', '2026-01-16 23:00:00', '2026-01-16 23:00:00', NULL, NULL);
INSERT INTO payments (id, booking_id, amount, method, status, refunded_amount, paid_at, created_at) VALUES ('pay-0093', 'bk-0093', 24, 'cash', 'paid', 0, '2026-01-18 23:00:00', '2026-01-16 23:00:00');
INSERT INTO bookings (id, booking_ref, user_id, studio_id, date, start_time, end_time, group_type, status, base_price, equipment_price, total_price, equipment, payment_method, payment_status, notes, created_at, updated_at, cancelled_at, cancel_reason) VALUES ('bk-0094', 'H3-20260106-IVA7', 'usr-041', 'le-podium', '2026-01-18', '13:30', '15:00', 'group', 'completed', 45, 0, 45, NULL, 'cash', 'paid', '', '2026-01-06 23:00:00', '2026-01-06 23:00:00', NULL, NULL);
INSERT INTO payments (id, booking_id, amount, method, status, refunded_amount, paid_at, created_at) VALUES ('pay-0094', 'bk-0094', 45, 'cash', 'paid', 0, '2026-01-18 23:00:00', '2026-01-06 23:00:00');
INSERT INTO bookings (id, booking_ref, user_id, studio_id, date, start_time, end_time, group_type, status, base_price, equipment_price, total_price, equipment, payment_method, payment_status, notes, created_at, updated_at, cancelled_at, cancel_reason) VALUES ('bk-0095', 'H3-20260107-YWSH', 'usr-044', 'la-scene', '2026-01-18', '22:00', '23:30', 'group', 'completed', 66, 0, 66, NULL, 'card', 'paid', '', '2026-01-07 23:00:00', '2026-01-07 23:00:00', NULL, NULL);
INSERT INTO payments (id, booking_id, amount, method, status, refunded_amount, paid_at, created_at) VALUES ('pay-0095', 'bk-0095', 66, 'card', 'paid', 0, '2026-01-07 23:00:00', '2026-01-07 23:00:00');
INSERT INTO bookings (id, booking_ref, user_id, studio_id, date, start_time, end_time, group_type, status, base_price, equipment_price, total_price, equipment, payment_method, payment_status, notes, created_at, updated_at, cancelled_at, cancel_reason) VALUES ('bk-0096', 'H3-20260113-HWB7', 'usr-050', 'le-podium', '2026-01-18', '10:30', '11:30', 'duo', 'no-show', 24, 8, 32, '[{"id":"cymbal","quantity":2},{"id":"mic","quantity":2}]', 'cash', 'pending', '', '2026-01-13 23:00:00', '2026-01-13 23:00:00', NULL, NULL);
INSERT INTO payments (id, booking_id, amount, method, status, refunded_amount, paid_at, created_at) VALUES ('pay-0096', 'bk-0096', 32, 'cash', 'pending', 0, NULL, '2026-01-13 23:00:00');
INSERT INTO bookings (id, booking_ref, user_id, studio_id, date, start_time, end_time, group_type, status, base_price, equipment_price, total_price, equipment, payment_method, payment_status, notes, created_at, updated_at, cancelled_at, cancel_reason) VALUES ('bk-0097', 'H3-20260113-TOKM', 'usr-050', 'le-podium', '2026-01-18', '11:30', '12:30', 'group', 'completed', 30, 0, 30, NULL, 'card', 'paid', '', '2026-01-13 23:00:00', '2026-01-13 23:00:00', NULL, NULL);
INSERT INTO payments (id, booking_id, amount, method, status, refunded_amount, paid_at, created_at) VALUES ('pay-0097', 'bk-0097', 30, 'card', 'paid', 0, '2026-01-13 23:00:00', '2026-01-13 23:00:00');
INSERT INTO bookings (id, booking_ref, user_id, studio_id, date, start_time, end_time, group_type, status, base_price, equipment_price, total_price, equipment, payment_method, payment_status, notes, created_at, updated_at, cancelled_at, cancel_reason) VALUES ('bk-0098', 'H3-20260106-OCD1', 'usr-020', 'le-podium', '2026-01-18', '09:30', '10:30', 'solo', 'completed', 12, 0, 12, NULL, 'card', 'paid', '', '2026-01-06 23:00:00', '2026-01-06 23:00:00', NULL, NULL);
INSERT INTO payments (id, booking_id, amount, method, status, refunded_amount, paid_at, created_at) VALUES ('pay-0098', 'bk-0098', 12, 'card', 'paid', 0, '2026-01-06 23:00:00', '2026-01-06 23:00:00');
INSERT INTO bookings (id, booking_ref, user_id, studio_id, date, start_time, end_time, group_type, status, base_price, equipment_price, total_price, equipment, payment_method, payment_status, notes, created_at, updated_at, cancelled_at, cancel_reason) VALUES ('bk-0099', 'H3-20260104-1WY4', 'usr-019', 'la-scene', '2026-01-18', '16:30', '17:30', 'solo', 'completed', 12, 6, 18, '[{"id":"cymbal","quantity":1},{"id":"bass","quantity":2}]', 'card', 'paid', '', '2026-01-04 23:00:00', '2026-01-04 23:00:00', NULL, NULL);
INSERT INTO payments (id, booking_id, amount, method, status, refunded_amount, paid_at, created_at) VALUES ('pay-0099', 'bk-0099', 18, 'card', 'paid', 0, '2026-01-04 23:00:00', '2026-01-04 23:00:00');
INSERT INTO bookings (id, booking_ref, user_id, studio_id, date, start_time, end_time, group_type, status, base_price, equipment_price, total_price, equipment, payment_method, payment_status, notes, created_at, updated_at, cancelled_at, cancel_reason) VALUES ('bk-0100', 'H3-20260114-1HYP', 'usr-021', 'le-podium', '2026-01-18', '21:00', '22:00', 'group', 'cancelled', 36, 0, 36, NULL, 'cash', 'pending', '', '2026-01-14 23:00:00', '2026-01-14 23:00:00', '2026-01-17 23:00:00', 'Changement de plans');
INSERT INTO payments (id, booking_id, amount, method, status, refunded_amount, paid_at, created_at) VALUES ('pay-0100', 'bk-0100', 36, 'cash', 'pending', 0, NULL, '2026-01-14 23:00:00');
INSERT INTO bookings (id, booking_ref, user_id, studio_id, date, start_time, end_time, group_type, status, base_price, equipment_price, total_price, equipment, payment_method, payment_status, notes, created_at, updated_at, cancelled_at, cancel_reason) VALUES ('bk-0101', 'H3-20260110-8P8C', 'usr-019', 'le-podium', '2026-01-18', '18:30', '19:30', 'solo', 'completed', 12, 0, 12, NULL, 'card', 'paid', '', '2026-01-10 23:00:00', '2026-01-10 23:00:00', NULL, NULL);
INSERT INTO payments (id, booking_id, amount, method, status, refunded_amount, paid_at, created_at) VALUES ('pay-0101', 'bk-0101', 12, 'card', 'paid', 0, '2026-01-10 23:00:00', '2026-01-10 23:00:00');
INSERT INTO bookings (id, booking_ref, user_id, studio_id, date, start_time, end_time, group_type, status, base_price, equipment_price, total_price, equipment, payment_method, payment_status, notes, created_at, updated_at, cancelled_at, cancel_reason) VALUES ('bk-0102', 'H3-20260112-F6PL', 'usr-020', 'le-podium', '2026-01-18', '10:00', '11:00', 'group', 'completed', 30, 0, 30, NULL, 'card', 'paid', '', '2026-01-12 23:00:00', '2026-01-12 23:00:00', NULL, NULL);
INSERT INTO payments (id, booking_id, amount, method, status, refunded_amount, paid_at, created_at) VALUES ('pay-0102', 'bk-0102', 30, 'card', 'paid', 0, '2026-01-12 23:00:00', '2026-01-12 23:00:00');
INSERT INTO bookings (id, booking_ref, user_id, studio_id, date, start_time, end_time, group_type, status, base_price, equipment_price, total_price, equipment, payment_method, payment_status, notes, created_at, updated_at, cancelled_at, cancel_reason) VALUES ('bk-0103', 'H3-20260114-P2DS', 'usr-011', 'le-podium', '2026-01-18', '19:30', '20:30', 'solo', 'completed', 12, 0, 12, NULL, 'cash', 'paid', '', '2026-01-14 23:00:00', '2026-01-14 23:00:00', NULL, NULL);
INSERT INTO payments (id, booking_id, amount, method, status, refunded_amount, paid_at, created_at) VALUES ('pay-0103', 'bk-0103', 12, 'cash', 'paid', 0, '2026-01-18 23:00:00', '2026-01-14 23:00:00');
INSERT INTO bookings (id, booking_ref, user_id, studio_id, date, start_time, end_time, group_type, status, base_price, equipment_price, total_price, equipment, payment_method, payment_status, notes, created_at, updated_at, cancelled_at, cancel_reason) VALUES ('bk-0104', 'H3-20260113-ZXK9', 'usr-045', 'la-scene', '2026-01-18', '13:00', '14:00', 'duo', 'completed', 24, 9, 33, '[{"id":"bass","quantity":1},{"id":"piano","quantity":2}]', 'cash', 'paid', '', '2026-01-13 23:00:00', '2026-01-13 23:00:00', NULL, NULL);
INSERT INTO payments (id, booking_id, amount, method, status, refunded_amount, paid_at, created_at) VALUES ('pay-0104', 'bk-0104', 33, 'cash', 'paid', 0, '2026-01-18 23:00:00', '2026-01-13 23:00:00');
INSERT INTO bookings (id, booking_ref, user_id, studio_id, date, start_time, end_time, group_type, status, base_price, equipment_price, total_price, equipment, payment_method, payment_status, notes, created_at, updated_at, cancelled_at, cancel_reason) VALUES ('bk-0105', 'H3-20260111-L9QL', 'usr-019', 'la-scene', '2026-01-18', '17:00', '18:00', 'group', 'completed', 36, 0, 36, NULL, 'card', 'paid', '', '2026-01-11 23:00:00', '2026-01-11 23:00:00', NULL, NULL);
INSERT INTO payments (id, booking_id, amount, method, status, refunded_amount, paid_at, created_at) VALUES ('pay-0105', 'bk-0105', 36, 'card', 'paid', 0, '2026-01-11 23:00:00', '2026-01-11 23:00:00');
INSERT INTO bookings (id, booking_ref, user_id, studio_id, date, start_time, end_time, group_type, status, base_price, equipment_price, total_price, equipment, payment_method, payment_status, notes, created_at, updated_at, cancelled_at, cancel_reason) VALUES ('bk-0106', 'H3-20260109-O4W7', 'usr-003', 'la-scene', '2026-01-19', '15:00', '16:00', 'group', 'cancelled', 36, 0, 36, NULL, 'card', 'paid', '', '2026-01-09 23:00:00', '2026-01-09 23:00:00', '2026-01-12 23:00:00', 'Maladie');
INSERT INTO payments (id, booking_id, amount, method, status, refunded_amount, paid_at, created_at) VALUES ('pay-0106', 'bk-0106', 36, 'card', 'paid', 0, '2026-01-09 23:00:00', '2026-01-09 23:00:00');
INSERT INTO bookings (id, booking_ref, user_id, studio_id, date, start_time, end_time, group_type, status, base_price, equipment_price, total_price, equipment, payment_method, payment_status, notes, created_at, updated_at, cancelled_at, cancel_reason) VALUES ('bk-0107', 'H3-20260106-WA56', 'usr-036', 'la-scene', '2026-01-19', '11:30', '12:30', 'solo', 'completed', 12, 0, 12, NULL, 'cash', 'paid', '', '2026-01-06 23:00:00', '2026-01-06 23:00:00', NULL, NULL);
INSERT INTO payments (id, booking_id, amount, method, status, refunded_amount, paid_at, created_at) VALUES ('pay-0107', 'bk-0107', 12, 'cash', 'paid', 0, '2026-01-19 23:00:00', '2026-01-06 23:00:00');
INSERT INTO bookings (id, booking_ref, user_id, studio_id, date, start_time, end_time, group_type, status, base_price, equipment_price, total_price, equipment, payment_method, payment_status, notes, created_at, updated_at, cancelled_at, cancel_reason) VALUES ('bk-0108', 'H3-20260106-LRU3', 'usr-042', 'la-scene', '2026-01-19', '18:30', '19:30', 'duo', 'completed', 24, 6, 30, '[{"id":"mic","quantity":1},{"id":"piano","quantity":1}]', 'card', 'paid', '', '2026-01-06 23:00:00', '2026-01-06 23:00:00', NULL, NULL);
INSERT INTO payments (id, booking_id, amount, method, status, refunded_amount, paid_at, created_at) VALUES ('pay-0108', 'bk-0108', 30, 'card', 'paid', 0, '2026-01-06 23:00:00', '2026-01-06 23:00:00');
INSERT INTO bookings (id, booking_ref, user_id, studio_id, date, start_time, end_time, group_type, status, base_price, equipment_price, total_price, equipment, payment_method, payment_status, notes, created_at, updated_at, cancelled_at, cancel_reason) VALUES ('bk-0109', 'H3-20260116-RZWG', 'usr-011', 'le-podium', '2026-01-19', '10:00', '11:00', 'duo', 'no-show', 24, 0, 24, NULL, 'card', 'paid', '', '2026-01-16 23:00:00', '2026-01-16 23:00:00', NULL, NULL);
INSERT INTO payments (id, booking_id, amount, method, status, refunded_amount, paid_at, created_at) VALUES ('pay-0109', 'bk-0109', 24, 'card', 'paid', 0, '2026-01-16 23:00:00', '2026-01-16 23:00:00');
INSERT INTO bookings (id, booking_ref, user_id, studio_id, date, start_time, end_time, group_type, status, base_price, equipment_price, total_price, equipment, payment_method, payment_status, notes, created_at, updated_at, cancelled_at, cancel_reason) VALUES ('bk-0110', 'H3-20260105-E87R', 'usr-022', 'la-scene', '2026-01-19', '09:30', '10:30', 'duo', 'completed', 24, 0, 24, NULL, 'card', 'paid', '', '2026-01-05 23:00:00', '2026-01-05 23:00:00', NULL, NULL);
INSERT INTO payments (id, booking_id, amount, method, status, refunded_amount, paid_at, created_at) VALUES ('pay-0110', 'bk-0110', 24, 'card', 'paid', 0, '2026-01-05 23:00:00', '2026-01-05 23:00:00');
INSERT INTO bookings (id, booking_ref, user_id, studio_id, date, start_time, end_time, group_type, status, base_price, equipment_price, total_price, equipment, payment_method, payment_status, notes, created_at, updated_at, cancelled_at, cancel_reason) VALUES ('bk-0111', 'H3-20260112-XSWL', 'usr-048', 'le-podium', '2026-01-19', '09:30', '10:30', 'solo', 'completed', 12, 3, 15, '[{"id":"guitar","quantity":1}]', 'card', 'paid', '', '2026-01-12 23:00:00', '2026-01-12 23:00:00', NULL, NULL);
INSERT INTO payments (id, booking_id, amount, method, status, refunded_amount, paid_at, created_at) VALUES ('pay-0111', 'bk-0111', 15, 'card', 'paid', 0, '2026-01-12 23:00:00', '2026-01-12 23:00:00');
INSERT INTO bookings (id, booking_ref, user_id, studio_id, date, start_time, end_time, group_type, status, base_price, equipment_price, total_price, equipment, payment_method, payment_status, notes, created_at, updated_at, cancelled_at, cancel_reason) VALUES ('bk-0112', 'H3-20260112-MF97', 'usr-047', 'la-scene', '2026-01-19', '22:30', '23:30', 'group', 'no-show', 44, 0, 44, NULL, 'cash', 'pending', '', '2026-01-12 23:00:00', '2026-01-12 23:00:00', NULL, NULL);
INSERT INTO payments (id, booking_id, amount, method, status, refunded_amount, paid_at, created_at) VALUES ('pay-0112', 'bk-0112', 44, 'cash', 'pending', 0, NULL, '2026-01-12 23:00:00');
INSERT INTO bookings (id, booking_ref, user_id, studio_id, date, start_time, end_time, group_type, status, base_price, equipment_price, total_price, equipment, payment_method, payment_status, notes, created_at, updated_at, cancelled_at, cancel_reason) VALUES ('bk-0113', 'H3-20260113-A6QF', 'usr-019', 'le-podium', '2026-01-19', '09:30', '10:30', 'solo', 'completed', 12, 0, 12, NULL, 'cash', 'paid', '', '2026-01-13 23:00:00', '2026-01-13 23:00:00', NULL, NULL);
INSERT INTO payments (id, booking_id, amount, method, status, refunded_amount, paid_at, created_at) VALUES ('pay-0113', 'bk-0113', 12, 'cash', 'paid', 0, '2026-01-19 23:00:00', '2026-01-13 23:00:00');
INSERT INTO bookings (id, booking_ref, user_id, studio_id, date, start_time, end_time, group_type, status, base_price, equipment_price, total_price, equipment, payment_method, payment_status, notes, created_at, updated_at, cancelled_at, cancel_reason) VALUES ('bk-0114', 'H3-20260113-27VB', 'usr-015', 'le-podium', '2026-01-19', '18:30', '19:30', 'solo', 'completed', 12, 0, 12, NULL, 'cash', 'paid', '', '2026-01-13 23:00:00', '2026-01-13 23:00:00', NULL, NULL);
INSERT INTO payments (id, booking_id, amount, method, status, refunded_amount, paid_at, created_at) VALUES ('pay-0114', 'bk-0114', 12, 'cash', 'paid', 0, '2026-01-19 23:00:00', '2026-01-13 23:00:00');
INSERT INTO bookings (id, booking_ref, user_id, studio_id, date, start_time, end_time, group_type, status, base_price, equipment_price, total_price, equipment, payment_method, payment_status, notes, created_at, updated_at, cancelled_at, cancel_reason) VALUES ('bk-0115', 'H3-20260114-VP5G', 'usr-010', 'la-scene', '2026-01-19', '12:30', '13:30', 'duo', 'completed', 24, 0, 24, NULL, 'cash', 'paid', '', '2026-01-14 23:00:00', '2026-01-14 23:00:00', NULL, NULL);
INSERT INTO payments (id, booking_id, amount, method, status, refunded_amount, paid_at, created_at) VALUES ('pay-0115', 'bk-0115', 24, 'cash', 'paid', 0, '2026-01-19 23:00:00', '2026-01-14 23:00:00');
INSERT INTO bookings (id, booking_ref, user_id, studio_id, date, start_time, end_time, group_type, status, base_price, equipment_price, total_price, equipment, payment_method, payment_status, notes, created_at, updated_at, cancelled_at, cancel_reason) VALUES ('bk-0116', 'H3-20260109-7YWN', 'usr-026', 'la-scene', '2026-01-19', '19:00', '20:00', 'solo', 'completed', 12, 6, 18, '[{"id":"bass","quantity":1},{"id":"cymbal","quantity":2}]', 'card', 'paid', '', '2026-01-09 23:00:00', '2026-01-09 23:00:00', NULL, NULL);
INSERT INTO payments (id, booking_id, amount, method, status, refunded_amount, paid_at, created_at) VALUES ('pay-0116', 'bk-0116', 18, 'card', 'paid', 0, '2026-01-09 23:00:00', '2026-01-09 23:00:00');
INSERT INTO bookings (id, booking_ref, user_id, studio_id, date, start_time, end_time, group_type, status, base_price, equipment_price, total_price, equipment, payment_method, payment_status, notes, created_at, updated_at, cancelled_at, cancel_reason) VALUES ('bk-0117', 'H3-20260118-1U15', 'usr-037', 'le-podium', '2026-01-19', '15:30', '17:00', 'solo', 'completed', 18, 0, 18, NULL, 'card', 'paid', '', '2026-01-18 23:00:00', '2026-01-18 23:00:00', NULL, NULL);
INSERT INTO payments (id, booking_id, amount, method, status, refunded_amount, paid_at, created_at) VALUES ('pay-0117', 'bk-0117', 18, 'card', 'paid', 0, '2026-01-18 23:00:00', '2026-01-18 23:00:00');
INSERT INTO bookings (id, booking_ref, user_id, studio_id, date, start_time, end_time, group_type, status, base_price, equipment_price, total_price, equipment, payment_method, payment_status, notes, created_at, updated_at, cancelled_at, cancel_reason) VALUES ('bk-0118', 'H3-20260106-OXLK', 'usr-028', 'le-podium', '2026-01-19', '09:00', '10:00', 'solo', 'no-show', 12, 0, 12, NULL, 'card', 'paid', '', '2026-01-06 23:00:00', '2026-01-06 23:00:00', NULL, NULL);
INSERT INTO payments (id, booking_id, amount, method, status, refunded_amount, paid_at, created_at) VALUES ('pay-0118', 'bk-0118', 12, 'card', 'paid', 0, '2026-01-06 23:00:00', '2026-01-06 23:00:00');
INSERT INTO bookings (id, booking_ref, user_id, studio_id, date, start_time, end_time, group_type, status, base_price, equipment_price, total_price, equipment, payment_method, payment_status, notes, created_at, updated_at, cancelled_at, cancel_reason) VALUES ('bk-0119', 'H3-20260109-9VUS', 'usr-017', 'le-podium', '2026-01-19', '10:30', '11:30', 'duo', 'completed', 24, 8, 32, '[{"id":"mic","quantity":2},{"id":"bass","quantity":2}]', 'card', 'paid', '', '2026-01-09 23:00:00', '2026-01-09 23:00:00', NULL, NULL);
INSERT INTO payments (id, booking_id, amount, method, status, refunded_amount, paid_at, created_at) VALUES ('pay-0119', 'bk-0119', 32, 'card', 'paid', 0, '2026-01-09 23:00:00', '2026-01-09 23:00:00');
INSERT INTO bookings (id, booking_ref, user_id, studio_id, date, start_time, end_time, group_type, status, base_price, equipment_price, total_price, equipment, payment_method, payment_status, notes, created_at, updated_at, cancelled_at, cancel_reason) VALUES ('bk-0120', 'H3-20260106-Z9G6', 'usr-028', 'le-podium', '2026-01-19', '17:00', '18:00', 'group', 'completed', 30, 0, 30, NULL, 'card', 'paid', '', '2026-01-06 23:00:00', '2026-01-06 23:00:00', NULL, NULL);
INSERT INTO payments (id, booking_id, amount, method, status, refunded_amount, paid_at, created_at) VALUES ('pay-0120', 'bk-0120', 30, 'card', 'paid', 0, '2026-01-06 23:00:00', '2026-01-06 23:00:00');
INSERT INTO bookings (id, booking_ref, user_id, studio_id, date, start_time, end_time, group_type, status, base_price, equipment_price, total_price, equipment, payment_method, payment_status, notes, created_at, updated_at, cancelled_at, cancel_reason) VALUES ('bk-0121', 'H3-20260110-J87D', 'usr-039', 'la-scene', '2026-01-19', '21:00', '22:00', 'solo', 'completed', 12, 0, 12, NULL, 'cash', 'paid', '', '2026-01-10 23:00:00', '2026-01-10 23:00:00', NULL, NULL);
INSERT INTO payments (id, booking_id, amount, method, status, refunded_amount, paid_at, created_at) VALUES ('pay-0121', 'bk-0121', 12, 'cash', 'paid', 0, '2026-01-19 23:00:00', '2026-01-10 23:00:00');
INSERT INTO bookings (id, booking_ref, user_id, studio_id, date, start_time, end_time, group_type, status, base_price, equipment_price, total_price, equipment, payment_method, payment_status, notes, created_at, updated_at, cancelled_at, cancel_reason) VALUES ('bk-0122', 'H3-20260115-MZ35', 'usr-044', 'le-podium', '2026-01-20', '22:30', '23:30', 'duo', 'completed', 24, 3, 27, '[{"id":"mic","quantity":1}]', 'card', 'paid', '', '2026-01-15 23:00:00', '2026-01-15 23:00:00', NULL, NULL);
INSERT INTO payments (id, booking_id, amount, method, status, refunded_amount, paid_at, created_at) VALUES ('pay-0122', 'bk-0122', 27, 'card', 'paid', 0, '2026-01-15 23:00:00', '2026-01-15 23:00:00');
INSERT INTO bookings (id, booking_ref, user_id, studio_id, date, start_time, end_time, group_type, status, base_price, equipment_price, total_price, equipment, payment_method, payment_status, notes, created_at, updated_at, cancelled_at, cancel_reason) VALUES ('bk-0123', 'H3-20260118-KOQ3', 'usr-009', 'le-podium', '2026-01-20', '18:00', '19:00', 'group', 'completed', 36, 0, 36, NULL, 'card', 'paid', '', '2026-01-18 23:00:00', '2026-01-18 23:00:00', NULL, NULL);
INSERT INTO payments (id, booking_id, amount, method, status, refunded_amount, paid_at, created_at) VALUES ('pay-0123', 'bk-0123', 36, 'card', 'paid', 0, '2026-01-18 23:00:00', '2026-01-18 23:00:00');
INSERT INTO bookings (id, booking_ref, user_id, studio_id, date, start_time, end_time, group_type, status, base_price, equipment_price, total_price, equipment, payment_method, payment_status, notes, created_at, updated_at, cancelled_at, cancel_reason) VALUES ('bk-0124', 'H3-20260117-WGZK', 'usr-015', 'le-podium', '2026-01-20', '10:00', '11:30', 'duo', 'completed', 36, 0, 36, NULL, 'card', 'paid', '', '2026-01-17 23:00:00', '2026-01-17 23:00:00', NULL, NULL);
INSERT INTO payments (id, booking_id, amount, method, status, refunded_amount, paid_at, created_at) VALUES ('pay-0124', 'bk-0124', 36, 'card', 'paid', 0, '2026-01-17 23:00:00', '2026-01-17 23:00:00');
INSERT INTO bookings (id, booking_ref, user_id, studio_id, date, start_time, end_time, group_type, status, base_price, equipment_price, total_price, equipment, payment_method, payment_status, notes, created_at, updated_at, cancelled_at, cancel_reason) VALUES ('bk-0125', 'H3-20260113-4D9E', 'usr-021', 'la-scene', '2026-01-20', '21:30', '23:00', 'duo', 'completed', 36, 6, 42, '[{"id":"bass","quantity":2},{"id":"piano","quantity":1}]', 'cash', 'paid', '', '2026-01-13 23:00:00', '2026-01-13 23:00:00', NULL, NULL);
INSERT INTO payments (id, booking_id, amount, method, status, refunded_amount, paid_at, created_at) VALUES ('pay-0125', 'bk-0125', 42, 'cash', 'paid', 0, '2026-01-20 23:00:00', '2026-01-13 23:00:00');
INSERT INTO bookings (id, booking_ref, user_id, studio_id, date, start_time, end_time, group_type, status, base_price, equipment_price, total_price, equipment, payment_method, payment_status, notes, created_at, updated_at, cancelled_at, cancel_reason) VALUES ('bk-0126', 'H3-20260106-O4AR', 'usr-048', 'le-podium', '2026-01-20', '20:00', '21:30', 'duo', 'completed', 36, 0, 36, NULL, 'cash', 'paid', '', '2026-01-06 23:00:00', '2026-01-06 23:00:00', NULL, NULL);
INSERT INTO payments (id, booking_id, amount, method, status, refunded_amount, paid_at, created_at) VALUES ('pay-0126', 'bk-0126', 36, 'cash', 'paid', 0, '2026-01-20 23:00:00', '2026-01-06 23:00:00');
INSERT INTO bookings (id, booking_ref, user_id, studio_id, date, start_time, end_time, group_type, status, base_price, equipment_price, total_price, equipment, payment_method, payment_status, notes, created_at, updated_at, cancelled_at, cancel_reason) VALUES ('bk-0127', 'H3-20260114-EQPN', 'usr-020', 'le-podium', '2026-01-20', '17:00', '18:00', 'group', 'completed', 30, 0, 30, NULL, 'cash', 'paid', '', '2026-01-14 23:00:00', '2026-01-14 23:00:00', NULL, NULL);
INSERT INTO payments (id, booking_id, amount, method, status, refunded_amount, paid_at, created_at) VALUES ('pay-0127', 'bk-0127', 30, 'cash', 'paid', 0, '2026-01-20 23:00:00', '2026-01-14 23:00:00');
INSERT INTO bookings (id, booking_ref, user_id, studio_id, date, start_time, end_time, group_type, status, base_price, equipment_price, total_price, equipment, payment_method, payment_status, notes, created_at, updated_at, cancelled_at, cancel_reason) VALUES ('bk-0128', 'H3-20260118-FVLC', 'usr-037', 'la-scene', '2026-01-20', '10:00', '11:00', 'solo', 'completed', 12, 0, 12, NULL, 'card', 'paid', '', '2026-01-18 23:00:00', '2026-01-18 23:00:00', NULL, NULL);
INSERT INTO payments (id, booking_id, amount, method, status, refunded_amount, paid_at, created_at) VALUES ('pay-0128', 'bk-0128', 12, 'card', 'paid', 0, '2026-01-18 23:00:00', '2026-01-18 23:00:00');
INSERT INTO bookings (id, booking_ref, user_id, studio_id, date, start_time, end_time, group_type, status, base_price, equipment_price, total_price, equipment, payment_method, payment_status, notes, created_at, updated_at, cancelled_at, cancel_reason) VALUES ('bk-0129', 'H3-20260115-8NLS', 'usr-001', 'la-scene', '2026-01-20', '18:00', '19:30', 'duo', 'completed', 36, 9, 45, '[{"id":"guitar","quantity":2},{"id":"bass","quantity":2}]', 'cash', 'paid', '', '2026-01-15 23:00:00', '2026-01-15 23:00:00', NULL, NULL);
INSERT INTO payments (id, booking_id, amount, method, status, refunded_amount, paid_at, created_at) VALUES ('pay-0129', 'bk-0129', 45, 'cash', 'paid', 0, '2026-01-20 23:00:00', '2026-01-15 23:00:00');
INSERT INTO bookings (id, booking_ref, user_id, studio_id, date, start_time, end_time, group_type, status, base_price, equipment_price, total_price, equipment, payment_method, payment_status, notes, created_at, updated_at, cancelled_at, cancel_reason) VALUES ('bk-0130', 'H3-20260119-DNS9', 'usr-007', 'le-podium', '2026-01-20', '20:30', '22:00', 'solo', 'completed', 18, 0, 18, NULL, 'card', 'paid', '', '2026-01-19 23:00:00', '2026-01-19 23:00:00', NULL, NULL);
INSERT INTO payments (id, booking_id, amount, method, status, refunded_amount, paid_at, created_at) VALUES ('pay-0130', 'bk-0130', 18, 'card', 'paid', 0, '2026-01-19 23:00:00', '2026-01-19 23:00:00');
INSERT INTO bookings (id, booking_ref, user_id, studio_id, date, start_time, end_time, group_type, status, base_price, equipment_price, total_price, equipment, payment_method, payment_status, notes, created_at, updated_at, cancelled_at, cancel_reason) VALUES ('bk-0131', 'H3-20260112-JEYC', 'usr-015', 'le-podium', '2026-01-20', '22:30', '23:30', 'solo', 'completed', 12, 0, 12, NULL, 'cash', 'paid', '', '2026-01-12 23:00:00', '2026-01-12 23:00:00', NULL, NULL);
INSERT INTO payments (id, booking_id, amount, method, status, refunded_amount, paid_at, created_at) VALUES ('pay-0131', 'bk-0131', 12, 'cash', 'paid', 0, '2026-01-20 23:00:00', '2026-01-12 23:00:00');
INSERT INTO bookings (id, booking_ref, user_id, studio_id, date, start_time, end_time, group_type, status, base_price, equipment_price, total_price, equipment, payment_method, payment_status, notes, created_at, updated_at, cancelled_at, cancel_reason) VALUES ('bk-0132', 'H3-20260109-UFUE', 'usr-050', 'la-scene', '2026-01-20', '12:00', '13:00', 'solo', 'completed', 12, 0, 12, NULL, 'cash', 'paid', '', '2026-01-09 23:00:00', '2026-01-09 23:00:00', NULL, NULL);
INSERT INTO payments (id, booking_id, amount, method, status, refunded_amount, paid_at, created_at) VALUES ('pay-0132', 'bk-0132', 12, 'cash', 'paid', 0, '2026-01-20 23:00:00', '2026-01-09 23:00:00');
INSERT INTO bookings (id, booking_ref, user_id, studio_id, date, start_time, end_time, group_type, status, base_price, equipment_price, total_price, equipment, payment_method, payment_status, notes, created_at, updated_at, cancelled_at, cancel_reason) VALUES ('bk-0133', 'H3-20260114-556A', 'usr-044', 'la-scene', '2026-01-20', '13:30', '14:30', 'solo', 'completed', 12, 5, 17, '[{"id":"mic","quantity":2}]', 'card', 'paid', '', '2026-01-14 23:00:00', '2026-01-14 23:00:00', NULL, NULL);
INSERT INTO payments (id, booking_id, amount, method, status, refunded_amount, paid_at, created_at) VALUES ('pay-0133', 'bk-0133', 17, 'card', 'paid', 0, '2026-01-14 23:00:00', '2026-01-14 23:00:00');
INSERT INTO bookings (id, booking_ref, user_id, studio_id, date, start_time, end_time, group_type, status, base_price, equipment_price, total_price, equipment, payment_method, payment_status, notes, created_at, updated_at, cancelled_at, cancel_reason) VALUES ('bk-0134', 'H3-20260111-9H1C', 'usr-006', 'la-scene', '2026-01-20', '19:00', '20:00', 'group', 'completed', 44, 0, 44, NULL, 'card', 'paid', '', '2026-01-11 23:00:00', '2026-01-11 23:00:00', NULL, NULL);
INSERT INTO payments (id, booking_id, amount, method, status, refunded_amount, paid_at, created_at) VALUES ('pay-0134', 'bk-0134', 44, 'card', 'paid', 0, '2026-01-11 23:00:00', '2026-01-11 23:00:00');
INSERT INTO bookings (id, booking_ref, user_id, studio_id, date, start_time, end_time, group_type, status, base_price, equipment_price, total_price, equipment, payment_method, payment_status, notes, created_at, updated_at, cancelled_at, cancel_reason) VALUES ('bk-0135', 'H3-20260111-SB2Y', 'usr-040', 'le-podium', '2026-01-20', '10:00', '11:30', 'solo', 'completed', 18, 6, 24, '[{"id":"cymbal","quantity":1},{"id":"bass","quantity":1}]', 'card', 'paid', '', '2026-01-11 23:00:00', '2026-01-11 23:00:00', NULL, NULL);
INSERT INTO payments (id, booking_id, amount, method, status, refunded_amount, paid_at, created_at) VALUES ('pay-0135', 'bk-0135', 24, 'card', 'paid', 0, '2026-01-11 23:00:00', '2026-01-11 23:00:00');
INSERT INTO bookings (id, booking_ref, user_id, studio_id, date, start_time, end_time, group_type, status, base_price, equipment_price, total_price, equipment, payment_method, payment_status, notes, created_at, updated_at, cancelled_at, cancel_reason) VALUES ('bk-0136', 'H3-20260118-5OJA', 'usr-007', 'la-scene', '2026-01-20', '21:00', '22:00', 'group', 'completed', 44, 0, 44, NULL, 'card', 'paid', '', '2026-01-18 23:00:00', '2026-01-18 23:00:00', NULL, NULL);
INSERT INTO payments (id, booking_id, amount, method, status, refunded_amount, paid_at, created_at) VALUES ('pay-0136', 'bk-0136', 44, 'card', 'paid', 0, '2026-01-18 23:00:00', '2026-01-18 23:00:00');
INSERT INTO bookings (id, booking_ref, user_id, studio_id, date, start_time, end_time, group_type, status, base_price, equipment_price, total_price, equipment, payment_method, payment_status, notes, created_at, updated_at, cancelled_at, cancel_reason) VALUES ('bk-0137', 'H3-20260111-XREA', 'usr-014', 'la-scene', '2026-01-21', '10:30', '12:00', 'solo', 'completed', 18, 3, 21, '[{"id":"piano","quantity":1}]', 'card', 'paid', '', '2026-01-11 23:00:00', '2026-01-11 23:00:00', NULL, NULL);
INSERT INTO payments (id, booking_id, amount, method, status, refunded_amount, paid_at, created_at) VALUES ('pay-0137', 'bk-0137', 21, 'card', 'paid', 0, '2026-01-11 23:00:00', '2026-01-11 23:00:00');
INSERT INTO bookings (id, booking_ref, user_id, studio_id, date, start_time, end_time, group_type, status, base_price, equipment_price, total_price, equipment, payment_method, payment_status, notes, created_at, updated_at, cancelled_at, cancel_reason) VALUES ('bk-0138', 'H3-20260107-CQGI', 'usr-006', 'la-scene', '2026-01-21', '19:30', '20:30', 'group', 'completed', 44, 0, 44, NULL, 'cash', 'paid', '', '2026-01-07 23:00:00', '2026-01-07 23:00:00', NULL, NULL);
INSERT INTO payments (id, booking_id, amount, method, status, refunded_amount, paid_at, created_at) VALUES ('pay-0138', 'bk-0138', 44, 'cash', 'paid', 0, '2026-01-21 23:00:00', '2026-01-07 23:00:00');
INSERT INTO bookings (id, booking_ref, user_id, studio_id, date, start_time, end_time, group_type, status, base_price, equipment_price, total_price, equipment, payment_method, payment_status, notes, created_at, updated_at, cancelled_at, cancel_reason) VALUES ('bk-0139', 'H3-20260118-WKCJ', 'usr-035', 'le-podium', '2026-01-21', '11:00', '12:00', 'duo', 'completed', 24, 0, 24, NULL, 'cash', 'paid', '', '2026-01-18 23:00:00', '2026-01-18 23:00:00', NULL, NULL);
INSERT INTO payments (id, booking_id, amount, method, status, refunded_amount, paid_at, created_at) VALUES ('pay-0139', 'bk-0139', 24, 'cash', 'paid', 0, '2026-01-21 23:00:00', '2026-01-18 23:00:00');
INSERT INTO bookings (id, booking_ref, user_id, studio_id, date, start_time, end_time, group_type, status, base_price, equipment_price, total_price, equipment, payment_method, payment_status, notes, created_at, updated_at, cancelled_at, cancel_reason) VALUES ('bk-0140', 'H3-20260115-PWJY', 'usr-048', 'le-podium', '2026-01-21', '12:30', '14:00', 'solo', 'completed', 18, 6, 24, '[{"id":"guitar","quantity":2}]', 'card', 'paid', '', '2026-01-15 23:00:00', '2026-01-15 23:00:00', NULL, NULL);
INSERT INTO payments (id, booking_id, amount, method, status, refunded_amount, paid_at, created_at) VALUES ('pay-0140', 'bk-0140', 24, 'card', 'paid', 0, '2026-01-15 23:00:00', '2026-01-15 23:00:00');
INSERT INTO bookings (id, booking_ref, user_id, studio_id, date, start_time, end_time, group_type, status, base_price, equipment_price, total_price, equipment, payment_method, payment_status, notes, created_at, updated_at, cancelled_at, cancel_reason) VALUES ('bk-0141', 'H3-20260110-ZU55', 'usr-003', 'la-scene', '2026-01-21', '10:00', '11:00', 'solo', 'completed', 12, 6, 18, '[{"id":"cymbal","quantity":2},{"id":"guitar","quantity":1}]', 'cash', 'paid', '', '2026-01-10 23:00:00', '2026-01-10 23:00:00', NULL, NULL);
INSERT INTO payments (id, booking_id, amount, method, status, refunded_amount, paid_at, created_at) VALUES ('pay-0141', 'bk-0141', 18, 'cash', 'paid', 0, '2026-01-21 23:00:00', '2026-01-10 23:00:00');
INSERT INTO bookings (id, booking_ref, user_id, studio_id, date, start_time, end_time, group_type, status, base_price, equipment_price, total_price, equipment, payment_method, payment_status, notes, created_at, updated_at, cancelled_at, cancel_reason) VALUES ('bk-0142', 'H3-20260114-IYP6', 'usr-049', 'la-scene', '2026-01-21', '22:00', '23:00', 'duo', 'completed', 24, 0, 24, NULL, 'card', 'paid', '', '2026-01-14 23:00:00', '2026-01-14 23:00:00', NULL, NULL);
INSERT INTO payments (id, booking_id, amount, method, status, refunded_amount, paid_at, created_at) VALUES ('pay-0142', 'bk-0142', 24, 'card', 'paid', 0, '2026-01-14 23:00:00', '2026-01-14 23:00:00');
INSERT INTO bookings (id, booking_ref, user_id, studio_id, date, start_time, end_time, group_type, status, base_price, equipment_price, total_price, equipment, payment_method, payment_status, notes, created_at, updated_at, cancelled_at, cancel_reason) VALUES ('bk-0143', 'H3-20260117-OEK8', 'usr-021', 'le-podium', '2026-01-21', '20:30', '21:30', 'solo', 'completed', 12, 0, 12, NULL, 'cash', 'paid', '', '2026-01-17 23:00:00', '2026-01-17 23:00:00', NULL, NULL);
INSERT INTO payments (id, booking_id, amount, method, status, refunded_amount, paid_at, created_at) VALUES ('pay-0143', 'bk-0143', 12, 'cash', 'paid', 0, '2026-01-21 23:00:00', '2026-01-17 23:00:00');
INSERT INTO bookings (id, booking_ref, user_id, studio_id, date, start_time, end_time, group_type, status, base_price, equipment_price, total_price, equipment, payment_method, payment_status, notes, created_at, updated_at, cancelled_at, cancel_reason) VALUES ('bk-0144', 'H3-20260110-AQ2X', 'usr-007', 'le-podium', '2026-01-21', '09:00', '10:30', 'duo', 'completed', 36, 3, 39, '[{"id":"bass","quantity":2}]', 'card', 'paid', '', '2026-01-10 23:00:00', '2026-01-10 23:00:00', NULL, NULL);
INSERT INTO payments (id, booking_id, amount, method, status, refunded_amount, paid_at, created_at) VALUES ('pay-0144', 'bk-0144', 39, 'card', 'paid', 0, '2026-01-10 23:00:00', '2026-01-10 23:00:00');
INSERT INTO bookings (id, booking_ref, user_id, studio_id, date, start_time, end_time, group_type, status, base_price, equipment_price, total_price, equipment, payment_method, payment_status, notes, created_at, updated_at, cancelled_at, cancel_reason) VALUES ('bk-0145', 'H3-20260115-FP0S', 'usr-049', 'le-podium', '2026-01-21', '22:30', '23:30', 'group', 'completed', 36, 0, 36, NULL, 'card', 'paid', '', '2026-01-15 23:00:00', '2026-01-15 23:00:00', NULL, NULL);
INSERT INTO payments (id, booking_id, amount, method, status, refunded_amount, paid_at, created_at) VALUES ('pay-0145', 'bk-0145', 36, 'card', 'paid', 0, '2026-01-15 23:00:00', '2026-01-15 23:00:00');
INSERT INTO bookings (id, booking_ref, user_id, studio_id, date, start_time, end_time, group_type, status, base_price, equipment_price, total_price, equipment, payment_method, payment_status, notes, created_at, updated_at, cancelled_at, cancel_reason) VALUES ('bk-0146', 'H3-20260114-T7IY', 'usr-013', 'la-scene', '2026-01-21', '18:00', '19:00', 'group', 'completed', 44, 0, 44, NULL, 'card', 'paid', '', '2026-01-14 23:00:00', '2026-01-14 23:00:00', NULL, NULL);
INSERT INTO payments (id, booking_id, amount, method, status, refunded_amount, paid_at, created_at) VALUES ('pay-0146', 'bk-0146', 44, 'card', 'paid', 0, '2026-01-14 23:00:00', '2026-01-14 23:00:00');
INSERT INTO bookings (id, booking_ref, user_id, studio_id, date, start_time, end_time, group_type, status, base_price, equipment_price, total_price, equipment, payment_method, payment_status, notes, created_at, updated_at, cancelled_at, cancel_reason) VALUES ('bk-0147', 'H3-20260113-VB89', 'usr-025', 'la-scene', '2026-01-21', '18:00', '19:00', 'solo', 'completed', 12, 0, 12, NULL, 'card', 'paid', '', '2026-01-13 23:00:00', '2026-01-13 23:00:00', NULL, NULL);
INSERT INTO payments (id, booking_id, amount, method, status, refunded_amount, paid_at, created_at) VALUES ('pay-0147', 'bk-0147', 12, 'card', 'paid', 0, '2026-01-13 23:00:00', '2026-01-13 23:00:00');
INSERT INTO bookings (id, booking_ref, user_id, studio_id, date, start_time, end_time, group_type, status, base_price, equipment_price, total_price, equipment, payment_method, payment_status, notes, created_at, updated_at, cancelled_at, cancel_reason) VALUES ('bk-0148', 'H3-20260115-F127', 'usr-001', 'le-podium', '2026-01-21', '17:00', '18:00', 'group', 'completed', 30, 0, 30, NULL, 'card', 'paid', '', '2026-01-15 23:00:00', '2026-01-15 23:00:00', NULL, NULL);
INSERT INTO payments (id, booking_id, amount, method, status, refunded_amount, paid_at, created_at) VALUES ('pay-0148', 'bk-0148', 30, 'card', 'paid', 0, '2026-01-15 23:00:00', '2026-01-15 23:00:00');
INSERT INTO bookings (id, booking_ref, user_id, studio_id, date, start_time, end_time, group_type, status, base_price, equipment_price, total_price, equipment, payment_method, payment_status, notes, created_at, updated_at, cancelled_at, cancel_reason) VALUES ('bk-0149', 'H3-20260111-3NPG', 'usr-016', 'le-podium', '2026-01-21', '22:00', '23:00', 'group', 'completed', 36, 0, 36, NULL, 'card', 'paid', '', '2026-01-11 23:00:00', '2026-01-11 23:00:00', NULL, NULL);
INSERT INTO payments (id, booking_id, amount, method, status, refunded_amount, paid_at, created_at) VALUES ('pay-0149', 'bk-0149', 36, 'card', 'paid', 0, '2026-01-11 23:00:00', '2026-01-11 23:00:00');
INSERT INTO bookings (id, booking_ref, user_id, studio_id, date, start_time, end_time, group_type, status, base_price, equipment_price, total_price, equipment, payment_method, payment_status, notes, created_at, updated_at, cancelled_at, cancel_reason) VALUES ('bk-0150', 'H3-20260113-0PYY', 'usr-040', 'la-scene', '2026-01-21', '16:30', '17:30', 'group', 'completed', 36, 0, 36, NULL, 'card', 'paid', '', '2026-01-13 23:00:00', '2026-01-13 23:00:00', NULL, NULL);
INSERT INTO payments (id, booking_id, amount, method, status, refunded_amount, paid_at, created_at) VALUES ('pay-0150', 'bk-0150', 36, 'card', 'paid', 0, '2026-01-13 23:00:00', '2026-01-13 23:00:00');
INSERT INTO bookings (id, booking_ref, user_id, studio_id, date, start_time, end_time, group_type, status, base_price, equipment_price, total_price, equipment, payment_method, payment_status, notes, created_at, updated_at, cancelled_at, cancel_reason) VALUES ('bk-0151', 'H3-20260117-9RAV', 'usr-002', 'le-podium', '2026-01-21', '22:30', '23:30', 'duo', 'completed', 24, 0, 24, NULL, 'card', 'paid', '', '2026-01-17 23:00:00', '2026-01-17 23:00:00', NULL, NULL);
INSERT INTO payments (id, booking_id, amount, method, status, refunded_amount, paid_at, created_at) VALUES ('pay-0151', 'bk-0151', 24, 'card', 'paid', 0, '2026-01-17 23:00:00', '2026-01-17 23:00:00');
INSERT INTO bookings (id, booking_ref, user_id, studio_id, date, start_time, end_time, group_type, status, base_price, equipment_price, total_price, equipment, payment_method, payment_status, notes, created_at, updated_at, cancelled_at, cancel_reason) VALUES ('bk-0152', 'H3-20260120-3BDZ', 'usr-036', 'la-scene', '2026-01-21', '20:00', '21:00', 'solo', 'completed', 12, 0, 12, NULL, 'card', 'paid', '', '2026-01-20 23:00:00', '2026-01-20 23:00:00', NULL, NULL);
INSERT INTO payments (id, booking_id, amount, method, status, refunded_amount, paid_at, created_at) VALUES ('pay-0152', 'bk-0152', 12, 'card', 'paid', 0, '2026-01-20 23:00:00', '2026-01-20 23:00:00');
INSERT INTO bookings (id, booking_ref, user_id, studio_id, date, start_time, end_time, group_type, status, base_price, equipment_price, total_price, equipment, payment_method, payment_status, notes, created_at, updated_at, cancelled_at, cancel_reason) VALUES ('bk-0153', 'H3-20260109-SY5X', 'usr-015', 'le-podium', '2026-01-21', '17:30', '18:30', 'duo', 'completed', 24, 6, 30, '[{"id":"piano","quantity":2}]', 'card', 'paid', '', '2026-01-09 23:00:00', '2026-01-09 23:00:00', NULL, NULL);
INSERT INTO payments (id, booking_id, amount, method, status, refunded_amount, paid_at, created_at) VALUES ('pay-0153', 'bk-0153', 30, 'card', 'paid', 0, '2026-01-09 23:00:00', '2026-01-09 23:00:00');
INSERT INTO bookings (id, booking_ref, user_id, studio_id, date, start_time, end_time, group_type, status, base_price, equipment_price, total_price, equipment, payment_method, payment_status, notes, created_at, updated_at, cancelled_at, cancel_reason) VALUES ('bk-0154', 'H3-20260111-5451', 'usr-046', 'le-podium', '2026-01-22', '11:30', '12:30', 'solo', 'completed', 12, 0, 12, NULL, 'card', 'paid', '', '2026-01-11 23:00:00', '2026-01-11 23:00:00', NULL, NULL);
INSERT INTO payments (id, booking_id, amount, method, status, refunded_amount, paid_at, created_at) VALUES ('pay-0154', 'bk-0154', 12, 'card', 'paid', 0, '2026-01-11 23:00:00', '2026-01-11 23:00:00');
INSERT INTO bookings (id, booking_ref, user_id, studio_id, date, start_time, end_time, group_type, status, base_price, equipment_price, total_price, equipment, payment_method, payment_status, notes, created_at, updated_at, cancelled_at, cancel_reason) VALUES ('bk-0155', 'H3-20260115-KDQP', 'usr-009', 'la-scene', '2026-01-22', '21:30', '22:30', 'duo', 'completed', 24, 0, 24, NULL, 'cash', 'paid', '', '2026-01-15 23:00:00', '2026-01-15 23:00:00', NULL, NULL);
INSERT INTO payments (id, booking_id, amount, method, status, refunded_amount, paid_at, created_at) VALUES ('pay-0155', 'bk-0155', 24, 'cash', 'paid', 0, '2026-01-22 23:00:00', '2026-01-15 23:00:00');
INSERT INTO bookings (id, booking_ref, user_id, studio_id, date, start_time, end_time, group_type, status, base_price, equipment_price, total_price, equipment, payment_method, payment_status, notes, created_at, updated_at, cancelled_at, cancel_reason) VALUES ('bk-0156', 'H3-20260119-4EOG', 'usr-049', 'la-scene', '2026-01-22', '21:00', '22:00', 'group', 'no-show', 44, 0, 44, NULL, 'cash', 'pending', '', '2026-01-19 23:00:00', '2026-01-19 23:00:00', NULL, NULL);
INSERT INTO payments (id, booking_id, amount, method, status, refunded_amount, paid_at, created_at) VALUES ('pay-0156', 'bk-0156', 44, 'cash', 'pending', 0, NULL, '2026-01-19 23:00:00');
INSERT INTO bookings (id, booking_ref, user_id, studio_id, date, start_time, end_time, group_type, status, base_price, equipment_price, total_price, equipment, payment_method, payment_status, notes, created_at, updated_at, cancelled_at, cancel_reason) VALUES ('bk-0157', 'H3-20260117-CEFI', 'usr-043', 'la-scene', '2026-01-22', '13:30', '14:30', 'group', 'no-show', 36, 0, 36, NULL, 'card', 'paid', '', '2026-01-17 23:00:00', '2026-01-17 23:00:00', NULL, NULL);
INSERT INTO payments (id, booking_id, amount, method, status, refunded_amount, paid_at, created_at) VALUES ('pay-0157', 'bk-0157', 36, 'card', 'paid', 0, '2026-01-17 23:00:00', '2026-01-17 23:00:00');
INSERT INTO bookings (id, booking_ref, user_id, studio_id, date, start_time, end_time, group_type, status, base_price, equipment_price, total_price, equipment, payment_method, payment_status, notes, created_at, updated_at, cancelled_at, cancel_reason) VALUES ('bk-0158', 'H3-20260118-8AB9', 'usr-001', 'la-scene', '2026-01-22', '10:30', '11:30', 'duo', 'completed', 24, 3, 27, '[{"id":"cymbal","quantity":1}]', 'card', 'paid', '', '2026-01-18 23:00:00', '2026-01-18 23:00:00', NULL, NULL);
INSERT INTO payments (id, booking_id, amount, method, status, refunded_amount, paid_at, created_at) VALUES ('pay-0158', 'bk-0158', 27, 'card', 'paid', 0, '2026-01-18 23:00:00', '2026-01-18 23:00:00');
INSERT INTO bookings (id, booking_ref, user_id, studio_id, date, start_time, end_time, group_type, status, base_price, equipment_price, total_price, equipment, payment_method, payment_status, notes, created_at, updated_at, cancelled_at, cancel_reason) VALUES ('bk-0159', 'H3-20260115-X19O', 'usr-014', 'le-podium', '2026-01-22', '22:00', '23:30', 'group', 'completed', 54, 0, 54, NULL, 'cash', 'paid', '', '2026-01-15 23:00:00', '2026-01-15 23:00:00', NULL, NULL);
INSERT INTO payments (id, booking_id, amount, method, status, refunded_amount, paid_at, created_at) VALUES ('pay-0159', 'bk-0159', 54, 'cash', 'paid', 0, '2026-01-22 23:00:00', '2026-01-15 23:00:00');
INSERT INTO bookings (id, booking_ref, user_id, studio_id, date, start_time, end_time, group_type, status, base_price, equipment_price, total_price, equipment, payment_method, payment_status, notes, created_at, updated_at, cancelled_at, cancel_reason) VALUES ('bk-0160', 'H3-20260120-NIGI', 'usr-044', 'la-scene', '2026-01-22', '21:30', '22:30', 'solo', 'completed', 12, 0, 12, NULL, 'cash', 'paid', '', '2026-01-20 23:00:00', '2026-01-20 23:00:00', NULL, NULL);
INSERT INTO payments (id, booking_id, amount, method, status, refunded_amount, paid_at, created_at) VALUES ('pay-0160', 'bk-0160', 12, 'cash', 'paid', 0, '2026-01-22 23:00:00', '2026-01-20 23:00:00');
INSERT INTO bookings (id, booking_ref, user_id, studio_id, date, start_time, end_time, group_type, status, base_price, equipment_price, total_price, equipment, payment_method, payment_status, notes, created_at, updated_at, cancelled_at, cancel_reason) VALUES ('bk-0161', 'H3-20260118-TX1O', 'usr-010', 'la-scene', '2026-01-22', '18:30', '20:00', 'solo', 'completed', 18, 0, 18, NULL, 'cash', 'paid', '', '2026-01-18 23:00:00', '2026-01-18 23:00:00', NULL, NULL);
INSERT INTO payments (id, booking_id, amount, method, status, refunded_amount, paid_at, created_at) VALUES ('pay-0161', 'bk-0161', 18, 'cash', 'paid', 0, '2026-01-22 23:00:00', '2026-01-18 23:00:00');
INSERT INTO bookings (id, booking_ref, user_id, studio_id, date, start_time, end_time, group_type, status, base_price, equipment_price, total_price, equipment, payment_method, payment_status, notes, created_at, updated_at, cancelled_at, cancel_reason) VALUES ('bk-0162', 'H3-20260119-40P4', 'usr-028', 'la-scene', '2026-01-22', '11:00', '12:30', 'duo', 'completed', 36, 0, 36, NULL, 'card', 'paid', '', '2026-01-19 23:00:00', '2026-01-19 23:00:00', NULL, NULL);
INSERT INTO payments (id, booking_id, amount, method, status, refunded_amount, paid_at, created_at) VALUES ('pay-0162', 'bk-0162', 36, 'card', 'paid', 0, '2026-01-19 23:00:00', '2026-01-19 23:00:00');
INSERT INTO bookings (id, booking_ref, user_id, studio_id, date, start_time, end_time, group_type, status, base_price, equipment_price, total_price, equipment, payment_method, payment_status, notes, created_at, updated_at, cancelled_at, cancel_reason) VALUES ('bk-0163', 'H3-20260116-Q00A', 'usr-030', 'le-podium', '2026-01-22', '21:30', '23:00', 'duo', 'cancelled', 36, 0, 36, NULL, 'card', 'paid', '', '2026-01-16 23:00:00', '2026-01-16 23:00:00', '2026-01-17 23:00:00', 'Empêchement');
INSERT INTO payments (id, booking_id, amount, method, status, refunded_amount, paid_at, created_at) VALUES ('pay-0163', 'bk-0163', 36, 'card', 'paid', 0, '2026-01-16 23:00:00', '2026-01-16 23:00:00');
INSERT INTO bookings (id, booking_ref, user_id, studio_id, date, start_time, end_time, group_type, status, base_price, equipment_price, total_price, equipment, payment_method, payment_status, notes, created_at, updated_at, cancelled_at, cancel_reason) VALUES ('bk-0164', 'H3-20260108-IPH9', 'usr-024', 'le-podium', '2026-01-22', '09:00', '10:00', 'solo', 'completed', 12, 3, 15, '[{"id":"mic","quantity":1}]', 'card', 'paid', '', '2026-01-08 23:00:00', '2026-01-08 23:00:00', NULL, NULL);
INSERT INTO payments (id, booking_id, amount, method, status, refunded_amount, paid_at, created_at) VALUES ('pay-0164', 'bk-0164', 15, 'card', 'paid', 0, '2026-01-08 23:00:00', '2026-01-08 23:00:00');
INSERT INTO bookings (id, booking_ref, user_id, studio_id, date, start_time, end_time, group_type, status, base_price, equipment_price, total_price, equipment, payment_method, payment_status, notes, created_at, updated_at, cancelled_at, cancel_reason) VALUES ('bk-0165', 'H3-20260112-UKPD', 'usr-047', 'la-scene', '2026-01-22', '09:30', '10:30', 'solo', 'completed', 12, 3, 15, '[{"id":"piano","quantity":1}]', 'card', 'paid', '', '2026-01-12 23:00:00', '2026-01-12 23:00:00', NULL, NULL);
INSERT INTO payments (id, booking_id, amount, method, status, refunded_amount, paid_at, created_at) VALUES ('pay-0165', 'bk-0165', 15, 'card', 'paid', 0, '2026-01-12 23:00:00', '2026-01-12 23:00:00');
INSERT INTO bookings (id, booking_ref, user_id, studio_id, date, start_time, end_time, group_type, status, base_price, equipment_price, total_price, equipment, payment_method, payment_status, notes, created_at, updated_at, cancelled_at, cancel_reason) VALUES ('bk-0166', 'H3-20260109-WZUI', 'usr-004', 'le-podium', '2026-01-22', '21:00', '22:00', 'group', 'completed', 36, 3, 39, '[{"id":"mic","quantity":1}]', 'card', 'paid', '', '2026-01-09 23:00:00', '2026-01-09 23:00:00', NULL, NULL);
INSERT INTO payments (id, booking_id, amount, method, status, refunded_amount, paid_at, created_at) VALUES ('pay-0166', 'bk-0166', 39, 'card', 'paid', 0, '2026-01-09 23:00:00', '2026-01-09 23:00:00');
INSERT INTO bookings (id, booking_ref, user_id, studio_id, date, start_time, end_time, group_type, status, base_price, equipment_price, total_price, equipment, payment_method, payment_status, notes, created_at, updated_at, cancelled_at, cancel_reason) VALUES ('bk-0167', 'H3-20260121-SJ1L', 'usr-041', 'la-scene', '2026-01-22', '22:00', '23:00', 'solo', 'completed', 12, 0, 12, NULL, 'card', 'paid', '', '2026-01-21 23:00:00', '2026-01-21 23:00:00', NULL, NULL);
INSERT INTO payments (id, booking_id, amount, method, status, refunded_amount, paid_at, created_at) VALUES ('pay-0167', 'bk-0167', 12, 'card', 'paid', 0, '2026-01-21 23:00:00', '2026-01-21 23:00:00');
INSERT INTO bookings (id, booking_ref, user_id, studio_id, date, start_time, end_time, group_type, status, base_price, equipment_price, total_price, equipment, payment_method, payment_status, notes, created_at, updated_at, cancelled_at, cancel_reason) VALUES ('bk-0168', 'H3-20260109-IVUB', 'usr-007', 'la-scene', '2026-01-22', '18:00', '19:30', 'solo', 'completed', 18, 0, 18, NULL, 'cash', 'paid', '', '2026-01-09 23:00:00', '2026-01-09 23:00:00', NULL, NULL);
INSERT INTO payments (id, booking_id, amount, method, status, refunded_amount, paid_at, created_at) VALUES ('pay-0168', 'bk-0168', 18, 'cash', 'paid', 0, '2026-01-22 23:00:00', '2026-01-09 23:00:00');
INSERT INTO bookings (id, booking_ref, user_id, studio_id, date, start_time, end_time, group_type, status, base_price, equipment_price, total_price, equipment, payment_method, payment_status, notes, created_at, updated_at, cancelled_at, cancel_reason) VALUES ('bk-0169', 'H3-20260119-Y7DI', 'usr-042', 'le-podium', '2026-01-22', '20:30', '22:00', 'group', 'completed', 54, 8, 62, '[{"id":"piano","quantity":1},{"id":"mic","quantity":2}]', 'cash', 'paid', '', '2026-01-19 23:00:00', '2026-01-19 23:00:00', NULL, NULL);
INSERT INTO payments (id, booking_id, amount, method, status, refunded_amount, paid_at, created_at) VALUES ('pay-0169', 'bk-0169', 62, 'cash', 'paid', 0, '2026-01-22 23:00:00', '2026-01-19 23:00:00');
INSERT INTO bookings (id, booking_ref, user_id, studio_id, date, start_time, end_time, group_type, status, base_price, equipment_price, total_price, equipment, payment_method, payment_status, notes, created_at, updated_at, cancelled_at, cancel_reason) VALUES ('bk-0170', 'H3-20260116-2VTT', 'usr-018', 'la-scene', '2026-01-23', '19:30', '21:00', 'group', 'completed', 66, 6, 72, '[{"id":"bass","quantity":1},{"id":"mic","quantity":1}]', 'cash', 'paid', '', '2026-01-16 23:00:00', '2026-01-16 23:00:00', NULL, NULL);
INSERT INTO payments (id, booking_id, amount, method, status, refunded_amount, paid_at, created_at) VALUES ('pay-0170', 'bk-0170', 72, 'cash', 'paid', 0, '2026-01-23 23:00:00', '2026-01-16 23:00:00');
INSERT INTO bookings (id, booking_ref, user_id, studio_id, date, start_time, end_time, group_type, status, base_price, equipment_price, total_price, equipment, payment_method, payment_status, notes, created_at, updated_at, cancelled_at, cancel_reason) VALUES ('bk-0171', 'H3-20260121-TRGB', 'usr-011', 'le-podium', '2026-01-23', '12:30', '13:30', 'group', 'completed', 36, 3, 39, '[{"id":"cymbal","quantity":1}]', 'card', 'paid', '', '2026-01-21 23:00:00', '2026-01-21 23:00:00', NULL, NULL);
INSERT INTO payments (id, booking_id, amount, method, status, refunded_amount, paid_at, created_at) VALUES ('pay-0171', 'bk-0171', 39, 'card', 'paid', 0, '2026-01-21 23:00:00', '2026-01-21 23:00:00');
INSERT INTO bookings (id, booking_ref, user_id, studio_id, date, start_time, end_time, group_type, status, base_price, equipment_price, total_price, equipment, payment_method, payment_status, notes, created_at, updated_at, cancelled_at, cancel_reason) VALUES ('bk-0172', 'H3-20260115-LMXH', 'usr-027', 'le-podium', '2026-01-23', '15:30', '16:30', 'group', 'completed', 36, 0, 36, NULL, 'card', 'paid', '', '2026-01-15 23:00:00', '2026-01-15 23:00:00', NULL, NULL);
INSERT INTO payments (id, booking_id, amount, method, status, refunded_amount, paid_at, created_at) VALUES ('pay-0172', 'bk-0172', 36, 'card', 'paid', 0, '2026-01-15 23:00:00', '2026-01-15 23:00:00');
INSERT INTO bookings (id, booking_ref, user_id, studio_id, date, start_time, end_time, group_type, status, base_price, equipment_price, total_price, equipment, payment_method, payment_status, notes, created_at, updated_at, cancelled_at, cancel_reason) VALUES ('bk-0173', 'H3-20260121-K401', 'usr-020', 'la-scene', '2026-01-23', '14:00', '15:00', 'solo', 'completed', 12, 0, 12, NULL, 'card', 'paid', '', '2026-01-21 23:00:00', '2026-01-21 23:00:00', NULL, NULL);
INSERT INTO payments (id, booking_id, amount, method, status, refunded_amount, paid_at, created_at) VALUES ('pay-0173', 'bk-0173', 12, 'card', 'paid', 0, '2026-01-21 23:00:00', '2026-01-21 23:00:00');
INSERT INTO bookings (id, booking_ref, user_id, studio_id, date, start_time, end_time, group_type, status, base_price, equipment_price, total_price, equipment, payment_method, payment_status, notes, created_at, updated_at, cancelled_at, cancel_reason) VALUES ('bk-0174', 'H3-20260121-PGYO', 'usr-009', 'la-scene', '2026-01-23', '18:00', '19:00', 'duo', 'no-show', 24, 0, 24, NULL, 'card', 'paid', '', '2026-01-21 23:00:00', '2026-01-21 23:00:00', NULL, NULL);
INSERT INTO payments (id, booking_id, amount, method, status, refunded_amount, paid_at, created_at) VALUES ('pay-0174', 'bk-0174', 24, 'card', 'paid', 0, '2026-01-21 23:00:00', '2026-01-21 23:00:00');
INSERT INTO bookings (id, booking_ref, user_id, studio_id, date, start_time, end_time, group_type, status, base_price, equipment_price, total_price, equipment, payment_method, payment_status, notes, created_at, updated_at, cancelled_at, cancel_reason) VALUES ('bk-0175', 'H3-20260120-2ZIT', 'usr-020', 'le-podium', '2026-01-23', '20:00', '21:00', 'solo', 'completed', 12, 0, 12, NULL, 'cash', 'paid', '', '2026-01-20 23:00:00', '2026-01-20 23:00:00', NULL, NULL);
INSERT INTO payments (id, booking_id, amount, method, status, refunded_amount, paid_at, created_at) VALUES ('pay-0175', 'bk-0175', 12, 'cash', 'paid', 0, '2026-01-23 23:00:00', '2026-01-20 23:00:00');
INSERT INTO bookings (id, booking_ref, user_id, studio_id, date, start_time, end_time, group_type, status, base_price, equipment_price, total_price, equipment, payment_method, payment_status, notes, created_at, updated_at, cancelled_at, cancel_reason) VALUES ('bk-0176', 'H3-20260121-8UVG', 'usr-003', 'la-scene', '2026-01-23', '09:30', '10:30', 'group', 'no-show', 44, 0, 44, NULL, 'cash', 'pending', '', '2026-01-21 23:00:00', '2026-01-21 23:00:00', NULL, NULL);
INSERT INTO payments (id, booking_id, amount, method, status, refunded_amount, paid_at, created_at) VALUES ('pay-0176', 'bk-0176', 44, 'cash', 'pending', 0, NULL, '2026-01-21 23:00:00');
INSERT INTO bookings (id, booking_ref, user_id, studio_id, date, start_time, end_time, group_type, status, base_price, equipment_price, total_price, equipment, payment_method, payment_status, notes, created_at, updated_at, cancelled_at, cancel_reason) VALUES ('bk-0177', 'H3-20260122-1LFB', 'usr-009', 'la-scene', '2026-01-23', '19:00', '20:00', 'solo', 'completed', 12, 0, 12, NULL, 'cash', 'paid', '', '2026-01-22 23:00:00', '2026-01-22 23:00:00', NULL, NULL);
INSERT INTO payments (id, booking_id, amount, method, status, refunded_amount, paid_at, created_at) VALUES ('pay-0177', 'bk-0177', 12, 'cash', 'paid', 0, '2026-01-23 23:00:00', '2026-01-22 23:00:00');
INSERT INTO bookings (id, booking_ref, user_id, studio_id, date, start_time, end_time, group_type, status, base_price, equipment_price, total_price, equipment, payment_method, payment_status, notes, created_at, updated_at, cancelled_at, cancel_reason) VALUES ('bk-0178', 'H3-20260110-RILG', 'usr-007', 'la-scene', '2026-01-23', '13:30', '14:30', 'group', 'completed', 44, 0, 44, NULL, 'cash', 'paid', '', '2026-01-10 23:00:00', '2026-01-10 23:00:00', NULL, NULL);
INSERT INTO payments (id, booking_id, amount, method, status, refunded_amount, paid_at, created_at) VALUES ('pay-0178', 'bk-0178', 44, 'cash', 'paid', 0, '2026-01-23 23:00:00', '2026-01-10 23:00:00');
INSERT INTO bookings (id, booking_ref, user_id, studio_id, date, start_time, end_time, group_type, status, base_price, equipment_price, total_price, equipment, payment_method, payment_status, notes, created_at, updated_at, cancelled_at, cancel_reason) VALUES ('bk-0179', 'H3-20260113-0GC9', 'usr-049', 'la-scene', '2026-01-23', '09:00', '10:30', 'duo', 'completed', 36, 3, 39, '[{"id":"piano","quantity":1}]', 'cash', 'paid', '', '2026-01-13 23:00:00', '2026-01-13 23:00:00', NULL, NULL);
INSERT INTO payments (id, booking_id, amount, method, status, refunded_amount, paid_at, created_at) VALUES ('pay-0179', 'bk-0179', 39, 'cash', 'paid', 0, '2026-01-23 23:00:00', '2026-01-13 23:00:00');
INSERT INTO bookings (id, booking_ref, user_id, studio_id, date, start_time, end_time, group_type, status, base_price, equipment_price, total_price, equipment, payment_method, payment_status, notes, created_at, updated_at, cancelled_at, cancel_reason) VALUES ('bk-0180', 'H3-20260112-RH4A', 'usr-007', 'le-podium', '2026-01-23', '13:30', '14:30', 'group', 'completed', 36, 3, 39, '[{"id":"piano","quantity":1}]', 'card', 'paid', '', '2026-01-12 23:00:00', '2026-01-12 23:00:00', NULL, NULL);
INSERT INTO payments (id, booking_id, amount, method, status, refunded_amount, paid_at, created_at) VALUES ('pay-0180', 'bk-0180', 39, 'card', 'paid', 0, '2026-01-12 23:00:00', '2026-01-12 23:00:00');
INSERT INTO bookings (id, booking_ref, user_id, studio_id, date, start_time, end_time, group_type, status, base_price, equipment_price, total_price, equipment, payment_method, payment_status, notes, created_at, updated_at, cancelled_at, cancel_reason) VALUES ('bk-0181', 'H3-20260115-U7M8', 'usr-021', 'la-scene', '2026-01-23', '10:00', '11:00', 'duo', 'completed', 24, 0, 24, NULL, 'cash', 'paid', '', '2026-01-15 23:00:00', '2026-01-15 23:00:00', NULL, NULL);
INSERT INTO payments (id, booking_id, amount, method, status, refunded_amount, paid_at, created_at) VALUES ('pay-0181', 'bk-0181', 24, 'cash', 'paid', 0, '2026-01-23 23:00:00', '2026-01-15 23:00:00');
INSERT INTO bookings (id, booking_ref, user_id, studio_id, date, start_time, end_time, group_type, status, base_price, equipment_price, total_price, equipment, payment_method, payment_status, notes, created_at, updated_at, cancelled_at, cancel_reason) VALUES ('bk-0182', 'H3-20260115-GD66', 'usr-022', 'la-scene', '2026-01-23', '09:30', '10:30', 'duo', 'completed', 24, 3, 27, '[{"id":"mic","quantity":1}]', 'cash', 'paid', '', '2026-01-15 23:00:00', '2026-01-15 23:00:00', NULL, NULL);
INSERT INTO payments (id, booking_id, amount, method, status, refunded_amount, paid_at, created_at) VALUES ('pay-0182', 'bk-0182', 27, 'cash', 'paid', 0, '2026-01-23 23:00:00', '2026-01-15 23:00:00');
INSERT INTO bookings (id, booking_ref, user_id, studio_id, date, start_time, end_time, group_type, status, base_price, equipment_price, total_price, equipment, payment_method, payment_status, notes, created_at, updated_at, cancelled_at, cancel_reason) VALUES ('bk-0183', 'H3-20260116-3TH9', 'usr-026', 'le-podium', '2026-01-23', '14:00', '15:30', 'group', 'completed', 54, 3, 57, '[{"id":"bass","quantity":1}]', 'card', 'paid', '', '2026-01-16 23:00:00', '2026-01-16 23:00:00', NULL, NULL);
INSERT INTO payments (id, booking_id, amount, method, status, refunded_amount, paid_at, created_at) VALUES ('pay-0183', 'bk-0183', 57, 'card', 'paid', 0, '2026-01-16 23:00:00', '2026-01-16 23:00:00');
INSERT INTO bookings (id, booking_ref, user_id, studio_id, date, start_time, end_time, group_type, status, base_price, equipment_price, total_price, equipment, payment_method, payment_status, notes, created_at, updated_at, cancelled_at, cancel_reason) VALUES ('bk-0184', 'H3-20260121-UFPO', 'usr-039', 'le-podium', '2026-01-23', '11:00', '12:30', 'duo', 'completed', 36, 0, 36, NULL, 'card', 'paid', '', '2026-01-21 23:00:00', '2026-01-21 23:00:00', NULL, NULL);
INSERT INTO payments (id, booking_id, amount, method, status, refunded_amount, paid_at, created_at) VALUES ('pay-0184', 'bk-0184', 36, 'card', 'paid', 0, '2026-01-21 23:00:00', '2026-01-21 23:00:00');
INSERT INTO bookings (id, booking_ref, user_id, studio_id, date, start_time, end_time, group_type, status, base_price, equipment_price, total_price, equipment, payment_method, payment_status, notes, created_at, updated_at, cancelled_at, cancel_reason) VALUES ('bk-0185', 'H3-20260117-M5HK', 'usr-003', 'la-scene', '2026-01-23', '15:30', '17:00', 'group', 'completed', 66, 0, 66, NULL, 'cash', 'paid', '', '2026-01-17 23:00:00', '2026-01-17 23:00:00', NULL, NULL);
INSERT INTO payments (id, booking_id, amount, method, status, refunded_amount, paid_at, created_at) VALUES ('pay-0185', 'bk-0185', 66, 'cash', 'paid', 0, '2026-01-23 23:00:00', '2026-01-17 23:00:00');
INSERT INTO bookings (id, booking_ref, user_id, studio_id, date, start_time, end_time, group_type, status, base_price, equipment_price, total_price, equipment, payment_method, payment_status, notes, created_at, updated_at, cancelled_at, cancel_reason) VALUES ('bk-0186', 'H3-20260112-V1G4', 'usr-011', 'le-podium', '2026-01-23', '22:30', '23:30', 'group', 'completed', 36, 0, 36, NULL, 'cash', 'paid', '', '2026-01-12 23:00:00', '2026-01-12 23:00:00', NULL, NULL);
INSERT INTO payments (id, booking_id, amount, method, status, refunded_amount, paid_at, created_at) VALUES ('pay-0186', 'bk-0186', 36, 'cash', 'paid', 0, '2026-01-23 23:00:00', '2026-01-12 23:00:00');
INSERT INTO bookings (id, booking_ref, user_id, studio_id, date, start_time, end_time, group_type, status, base_price, equipment_price, total_price, equipment, payment_method, payment_status, notes, created_at, updated_at, cancelled_at, cancel_reason) VALUES ('bk-0187', 'H3-20260119-M98A', 'usr-027', 'la-scene', '2026-01-23', '09:00', '10:30', 'solo', 'completed', 18, 0, 18, NULL, 'card', 'paid', '', '2026-01-19 23:00:00', '2026-01-19 23:00:00', NULL, NULL);
INSERT INTO payments (id, booking_id, amount, method, status, refunded_amount, paid_at, created_at) VALUES ('pay-0187', 'bk-0187', 18, 'card', 'paid', 0, '2026-01-19 23:00:00', '2026-01-19 23:00:00');
INSERT INTO bookings (id, booking_ref, user_id, studio_id, date, start_time, end_time, group_type, status, base_price, equipment_price, total_price, equipment, payment_method, payment_status, notes, created_at, updated_at, cancelled_at, cancel_reason) VALUES ('bk-0188', 'H3-20260111-ZXBK', 'usr-018', 'la-scene', '2026-01-23', '20:30', '21:30', 'group', 'completed', 44, 6, 50, '[{"id":"piano","quantity":1},{"id":"cymbal","quantity":2}]', 'cash', 'paid', '', '2026-01-11 23:00:00', '2026-01-11 23:00:00', NULL, NULL);
INSERT INTO payments (id, booking_id, amount, method, status, refunded_amount, paid_at, created_at) VALUES ('pay-0188', 'bk-0188', 50, 'cash', 'paid', 0, '2026-01-23 23:00:00', '2026-01-11 23:00:00');
INSERT INTO bookings (id, booking_ref, user_id, studio_id, date, start_time, end_time, group_type, status, base_price, equipment_price, total_price, equipment, payment_method, payment_status, notes, created_at, updated_at, cancelled_at, cancel_reason) VALUES ('bk-0189', 'H3-20260112-OQJX', 'usr-028', 'la-scene', '2026-01-23', '19:30', '20:30', 'duo', 'completed', 24, 0, 24, NULL, 'cash', 'paid', '', '2026-01-12 23:00:00', '2026-01-12 23:00:00', NULL, NULL);
INSERT INTO payments (id, booking_id, amount, method, status, refunded_amount, paid_at, created_at) VALUES ('pay-0189', 'bk-0189', 24, 'cash', 'paid', 0, '2026-01-23 23:00:00', '2026-01-12 23:00:00');
INSERT INTO bookings (id, booking_ref, user_id, studio_id, date, start_time, end_time, group_type, status, base_price, equipment_price, total_price, equipment, payment_method, payment_status, notes, created_at, updated_at, cancelled_at, cancel_reason) VALUES ('bk-0190', 'H3-20260109-4QV8', 'usr-031', 'le-podium', '2026-01-23', '19:00', '20:00', 'duo', 'no-show', 24, 0, 24, NULL, 'cash', 'pending', '', '2026-01-09 23:00:00', '2026-01-09 23:00:00', NULL, NULL);
INSERT INTO payments (id, booking_id, amount, method, status, refunded_amount, paid_at, created_at) VALUES ('pay-0190', 'bk-0190', 24, 'cash', 'pending', 0, NULL, '2026-01-09 23:00:00');
INSERT INTO bookings (id, booking_ref, user_id, studio_id, date, start_time, end_time, group_type, status, base_price, equipment_price, total_price, equipment, payment_method, payment_status, notes, created_at, updated_at, cancelled_at, cancel_reason) VALUES ('bk-0191', 'H3-20260115-ZX5Z', 'usr-030', 'la-scene', '2026-01-23', '21:30', '22:30', 'duo', 'completed', 24, 0, 24, NULL, 'card', 'paid', '', '2026-01-15 23:00:00', '2026-01-15 23:00:00', NULL, NULL);
INSERT INTO payments (id, booking_id, amount, method, status, refunded_amount, paid_at, created_at) VALUES ('pay-0191', 'bk-0191', 24, 'card', 'paid', 0, '2026-01-15 23:00:00', '2026-01-15 23:00:00');
INSERT INTO bookings (id, booking_ref, user_id, studio_id, date, start_time, end_time, group_type, status, base_price, equipment_price, total_price, equipment, payment_method, payment_status, notes, created_at, updated_at, cancelled_at, cancel_reason) VALUES ('bk-0192', 'H3-20260116-21CZ', 'usr-033', 'le-podium', '2026-01-24', '15:30', '17:00', 'group', 'completed', 54, 0, 54, NULL, 'card', 'paid', '', '2026-01-16 23:00:00', '2026-01-16 23:00:00', NULL, NULL);
INSERT INTO payments (id, booking_id, amount, method, status, refunded_amount, paid_at, created_at) VALUES ('pay-0192', 'bk-0192', 54, 'card', 'paid', 0, '2026-01-16 23:00:00', '2026-01-16 23:00:00');
INSERT INTO bookings (id, booking_ref, user_id, studio_id, date, start_time, end_time, group_type, status, base_price, equipment_price, total_price, equipment, payment_method, payment_status, notes, created_at, updated_at, cancelled_at, cancel_reason) VALUES ('bk-0193', 'H3-20260120-36AU', 'usr-035', 'le-podium', '2026-01-24', '10:30', '12:00', 'group', 'completed', 54, 3, 57, '[{"id":"piano","quantity":1}]', 'cash', 'paid', '', '2026-01-20 23:00:00', '2026-01-20 23:00:00', NULL, NULL);
INSERT INTO payments (id, booking_id, amount, method, status, refunded_amount, paid_at, created_at) VALUES ('pay-0193', 'bk-0193', 57, 'cash', 'paid', 0, '2026-01-24 23:00:00', '2026-01-20 23:00:00');
INSERT INTO bookings (id, booking_ref, user_id, studio_id, date, start_time, end_time, group_type, status, base_price, equipment_price, total_price, equipment, payment_method, payment_status, notes, created_at, updated_at, cancelled_at, cancel_reason) VALUES ('bk-0194', 'H3-20260118-6ZLU', 'usr-018', 'le-podium', '2026-01-24', '12:30', '13:30', 'group', 'completed', 36, 3, 39, '[{"id":"cymbal","quantity":2}]', 'card', 'paid', '', '2026-01-18 23:00:00', '2026-01-18 23:00:00', NULL, NULL);
INSERT INTO payments (id, booking_id, amount, method, status, refunded_amount, paid_at, created_at) VALUES ('pay-0194', 'bk-0194', 39, 'card', 'paid', 0, '2026-01-18 23:00:00', '2026-01-18 23:00:00');
INSERT INTO bookings (id, booking_ref, user_id, studio_id, date, start_time, end_time, group_type, status, base_price, equipment_price, total_price, equipment, payment_method, payment_status, notes, created_at, updated_at, cancelled_at, cancel_reason) VALUES ('bk-0195', 'H3-20260119-LF3S', 'usr-042', 'le-podium', '2026-01-24', '21:30', '22:30', 'duo', 'completed', 24, 5, 29, '[{"id":"mic","quantity":2}]', 'cash', 'paid', '', '2026-01-19 23:00:00', '2026-01-19 23:00:00', NULL, NULL);
INSERT INTO payments (id, booking_id, amount, method, status, refunded_amount, paid_at, created_at) VALUES ('pay-0195', 'bk-0195', 29, 'cash', 'paid', 0, '2026-01-24 23:00:00', '2026-01-19 23:00:00');
INSERT INTO bookings (id, booking_ref, user_id, studio_id, date, start_time, end_time, group_type, status, base_price, equipment_price, total_price, equipment, payment_method, payment_status, notes, created_at, updated_at, cancelled_at, cancel_reason) VALUES ('bk-0196', 'H3-20260116-Z8L2', 'usr-003', 'le-podium', '2026-01-24', '11:00', '12:00', 'solo', 'completed', 12, 0, 12, NULL, 'card', 'paid', '', '2026-01-16 23:00:00', '2026-01-16 23:00:00', NULL, NULL);
INSERT INTO payments (id, booking_id, amount, method, status, refunded_amount, paid_at, created_at) VALUES ('pay-0196', 'bk-0196', 12, 'card', 'paid', 0, '2026-01-16 23:00:00', '2026-01-16 23:00:00');
INSERT INTO bookings (id, booking_ref, user_id, studio_id, date, start_time, end_time, group_type, status, base_price, equipment_price, total_price, equipment, payment_method, payment_status, notes, created_at, updated_at, cancelled_at, cancel_reason) VALUES ('bk-0197', 'H3-20260121-3QAG', 'usr-014', 'le-podium', '2026-01-24', '10:30', '11:30', 'solo', 'completed', 12, 0, 12, NULL, 'cash', 'paid', '', '2026-01-21 23:00:00', '2026-01-21 23:00:00', NULL, NULL);
INSERT INTO payments (id, booking_id, amount, method, status, refunded_amount, paid_at, created_at) VALUES ('pay-0197', 'bk-0197', 12, 'cash', 'paid', 0, '2026-01-24 23:00:00', '2026-01-21 23:00:00');
INSERT INTO bookings (id, booking_ref, user_id, studio_id, date, start_time, end_time, group_type, status, base_price, equipment_price, total_price, equipment, payment_method, payment_status, notes, created_at, updated_at, cancelled_at, cancel_reason) VALUES ('bk-0198', 'H3-20260120-N5YZ', 'usr-015', 'la-scene', '2026-01-24', '14:00', '15:30', 'solo', 'completed', 18, 6, 24, '[{"id":"cymbal","quantity":1},{"id":"mic","quantity":1}]', 'cash', 'paid', '', '2026-01-20 23:00:00', '2026-01-20 23:00:00', NULL, NULL);
INSERT INTO payments (id, booking_id, amount, method, status, refunded_amount, paid_at, created_at) VALUES ('pay-0198', 'bk-0198', 24, 'cash', 'paid', 0, '2026-01-24 23:00:00', '2026-01-20 23:00:00');
INSERT INTO bookings (id, booking_ref, user_id, studio_id, date, start_time, end_time, group_type, status, base_price, equipment_price, total_price, equipment, payment_method, payment_status, notes, created_at, updated_at, cancelled_at, cancel_reason) VALUES ('bk-0199', 'H3-20260114-GXO7', 'usr-004', 'la-scene', '2026-01-24', '19:00', '20:00', 'group', 'completed', 44, 6, 50, '[{"id":"cymbal","quantity":2},{"id":"guitar","quantity":1}]', 'cash', 'paid', '', '2026-01-14 23:00:00', '2026-01-14 23:00:00', NULL, NULL);
INSERT INTO payments (id, booking_id, amount, method, status, refunded_amount, paid_at, created_at) VALUES ('pay-0199', 'bk-0199', 50, 'cash', 'paid', 0, '2026-01-24 23:00:00', '2026-01-14 23:00:00');
INSERT INTO bookings (id, booking_ref, user_id, studio_id, date, start_time, end_time, group_type, status, base_price, equipment_price, total_price, equipment, payment_method, payment_status, notes, created_at, updated_at, cancelled_at, cancel_reason) VALUES ('bk-0200', 'H3-20260122-CNH6', 'usr-005', 'le-podium', '2026-01-24', '16:00', '17:00', 'solo', 'completed', 12, 0, 12, NULL, 'cash', 'paid', '', '2026-01-22 23:00:00', '2026-01-22 23:00:00', NULL, NULL);
INSERT INTO payments (id, booking_id, amount, method, status, refunded_amount, paid_at, created_at) VALUES ('pay-0200', 'bk-0200', 12, 'cash', 'paid', 0, '2026-01-24 23:00:00', '2026-01-22 23:00:00');
INSERT INTO bookings (id, booking_ref, user_id, studio_id, date, start_time, end_time, group_type, status, base_price, equipment_price, total_price, equipment, payment_method, payment_status, notes, created_at, updated_at, cancelled_at, cancel_reason) VALUES ('bk-0201', 'H3-20260116-OK7M', 'usr-009', 'la-scene', '2026-01-24', '16:30', '17:30', 'duo', 'cancelled', 24, 6, 30, '[{"id":"guitar","quantity":2}]', 'cash', 'pending', '', '2026-01-16 23:00:00', '2026-01-16 23:00:00', '2026-01-17 23:00:00', 'Autre groupe');
INSERT INTO payments (id, booking_id, amount, method, status, refunded_amount, paid_at, created_at) VALUES ('pay-0201', 'bk-0201', 30, 'cash', 'pending', 0, NULL, '2026-01-16 23:00:00');
INSERT INTO bookings (id, booking_ref, user_id, studio_id, date, start_time, end_time, group_type, status, base_price, equipment_price, total_price, equipment, payment_method, payment_status, notes, created_at, updated_at, cancelled_at, cancel_reason) VALUES ('bk-0202', 'H3-20260119-BJGE', 'usr-040', 'la-scene', '2026-01-24', '20:30', '21:30', 'group', 'completed', 44, 0, 44, NULL, 'cash', 'paid', '', '2026-01-19 23:00:00', '2026-01-19 23:00:00', NULL, NULL);
INSERT INTO payments (id, booking_id, amount, method, status, refunded_amount, paid_at, created_at) VALUES ('pay-0202', 'bk-0202', 44, 'cash', 'paid', 0, '2026-01-24 23:00:00', '2026-01-19 23:00:00');
INSERT INTO bookings (id, booking_ref, user_id, studio_id, date, start_time, end_time, group_type, status, base_price, equipment_price, total_price, equipment, payment_method, payment_status, notes, created_at, updated_at, cancelled_at, cancel_reason) VALUES ('bk-0203', 'H3-20260114-SCVZ', 'usr-003', 'le-podium', '2026-01-24', '15:00', '16:30', 'group', 'completed', 54, 6, 60, '[{"id":"piano","quantity":2}]', 'cash', 'paid', '', '2026-01-14 23:00:00', '2026-01-14 23:00:00', NULL, NULL);
INSERT INTO payments (id, booking_id, amount, method, status, refunded_amount, paid_at, created_at) VALUES ('pay-0203', 'bk-0203', 60, 'cash', 'paid', 0, '2026-01-24 23:00:00', '2026-01-14 23:00:00');
INSERT INTO bookings (id, booking_ref, user_id, studio_id, date, start_time, end_time, group_type, status, base_price, equipment_price, total_price, equipment, payment_method, payment_status, notes, created_at, updated_at, cancelled_at, cancel_reason) VALUES ('bk-0204', 'H3-20260116-ZK9L', 'usr-028', 'le-podium', '2026-01-24', '14:00', '15:00', 'duo', 'completed', 24, 0, 24, NULL, 'card', 'paid', '', '2026-01-16 23:00:00', '2026-01-16 23:00:00', NULL, NULL);
INSERT INTO payments (id, booking_id, amount, method, status, refunded_amount, paid_at, created_at) VALUES ('pay-0204', 'bk-0204', 24, 'card', 'paid', 0, '2026-01-16 23:00:00', '2026-01-16 23:00:00');
INSERT INTO bookings (id, booking_ref, user_id, studio_id, date, start_time, end_time, group_type, status, base_price, equipment_price, total_price, equipment, payment_method, payment_status, notes, created_at, updated_at, cancelled_at, cancel_reason) VALUES ('bk-0205', 'H3-20260120-87PD', 'usr-048', 'le-podium', '2026-01-24', '10:00', '11:00', 'solo', 'completed', 12, 0, 12, NULL, 'card', 'paid', '', '2026-01-20 23:00:00', '2026-01-20 23:00:00', NULL, NULL);
INSERT INTO payments (id, booking_id, amount, method, status, refunded_amount, paid_at, created_at) VALUES ('pay-0205', 'bk-0205', 12, 'card', 'paid', 0, '2026-01-20 23:00:00', '2026-01-20 23:00:00');
INSERT INTO bookings (id, booking_ref, user_id, studio_id, date, start_time, end_time, group_type, status, base_price, equipment_price, total_price, equipment, payment_method, payment_status, notes, created_at, updated_at, cancelled_at, cancel_reason) VALUES ('bk-0206', 'H3-20260123-28WF', 'usr-030', 'le-podium', '2026-01-24', '09:30', '10:30', 'duo', 'completed', 24, 6, 30, '[{"id":"piano","quantity":2}]', 'card', 'paid', '', '2026-01-23 23:00:00', '2026-01-23 23:00:00', NULL, NULL);
INSERT INTO payments (id, booking_id, amount, method, status, refunded_amount, paid_at, created_at) VALUES ('pay-0206', 'bk-0206', 30, 'card', 'paid', 0, '2026-01-23 23:00:00', '2026-01-23 23:00:00');
INSERT INTO bookings (id, booking_ref, user_id, studio_id, date, start_time, end_time, group_type, status, base_price, equipment_price, total_price, equipment, payment_method, payment_status, notes, created_at, updated_at, cancelled_at, cancel_reason) VALUES ('bk-0207', 'H3-20260113-80K9', 'usr-035', 'la-scene', '2026-01-24', '15:30', '16:30', 'group', 'completed', 44, 0, 44, NULL, 'cash', 'paid', '', '2026-01-13 23:00:00', '2026-01-13 23:00:00', NULL, NULL);
INSERT INTO payments (id, booking_id, amount, method, status, refunded_amount, paid_at, created_at) VALUES ('pay-0207', 'bk-0207', 44, 'cash', 'paid', 0, '2026-01-24 23:00:00', '2026-01-13 23:00:00');
INSERT INTO bookings (id, booking_ref, user_id, studio_id, date, start_time, end_time, group_type, status, base_price, equipment_price, total_price, equipment, payment_method, payment_status, notes, created_at, updated_at, cancelled_at, cancel_reason) VALUES ('bk-0208', 'H3-20260124-TZT3', 'usr-012', 'la-scene', '2026-01-25', '20:00', '21:00', 'solo', 'completed', 12, 0, 12, NULL, 'cash', 'paid', '', '2026-01-24 23:00:00', '2026-01-24 23:00:00', NULL, NULL);
INSERT INTO payments (id, booking_id, amount, method, status, refunded_amount, paid_at, created_at) VALUES ('pay-0208', 'bk-0208', 12, 'cash', 'paid', 0, '2026-01-25 23:00:00', '2026-01-24 23:00:00');
INSERT INTO bookings (id, booking_ref, user_id, studio_id, date, start_time, end_time, group_type, status, base_price, equipment_price, total_price, equipment, payment_method, payment_status, notes, created_at, updated_at, cancelled_at, cancel_reason) VALUES ('bk-0209', 'H3-20260122-XBE8', 'usr-026', 'le-podium', '2026-01-25', '17:30', '19:00', 'duo', 'completed', 36, 0, 36, NULL, 'cash', 'paid', '', '2026-01-22 23:00:00', '2026-01-22 23:00:00', NULL, NULL);
INSERT INTO payments (id, booking_id, amount, method, status, refunded_amount, paid_at, created_at) VALUES ('pay-0209', 'bk-0209', 36, 'cash', 'paid', 0, '2026-01-25 23:00:00', '2026-01-22 23:00:00');
INSERT INTO bookings (id, booking_ref, user_id, studio_id, date, start_time, end_time, group_type, status, base_price, equipment_price, total_price, equipment, payment_method, payment_status, notes, created_at, updated_at, cancelled_at, cancel_reason) VALUES ('bk-0210', 'H3-20260123-L2EN', 'usr-039', 'la-scene', '2026-01-25', '20:00', '21:00', 'solo', 'completed', 12, 0, 12, NULL, 'card', 'paid', '', '2026-01-23 23:00:00', '2026-01-23 23:00:00', NULL, NULL);
INSERT INTO payments (id, booking_id, amount, method, status, refunded_amount, paid_at, created_at) VALUES ('pay-0210', 'bk-0210', 12, 'card', 'paid', 0, '2026-01-23 23:00:00', '2026-01-23 23:00:00');
INSERT INTO bookings (id, booking_ref, user_id, studio_id, date, start_time, end_time, group_type, status, base_price, equipment_price, total_price, equipment, payment_method, payment_status, notes, created_at, updated_at, cancelled_at, cancel_reason) VALUES ('bk-0211', 'H3-20260115-7XL6', 'usr-044', 'le-podium', '2026-01-25', '15:00', '16:00', 'solo', 'completed', 12, 6, 18, '[{"id":"guitar","quantity":2}]', 'card', 'paid', '', '2026-01-15 23:00:00', '2026-01-15 23:00:00', NULL, NULL);
INSERT INTO payments (id, booking_id, amount, method, status, refunded_amount, paid_at, created_at) VALUES ('pay-0211', 'bk-0211', 18, 'card', 'paid', 0, '2026-01-15 23:00:00', '2026-01-15 23:00:00');
INSERT INTO bookings (id, booking_ref, user_id, studio_id, date, start_time, end_time, group_type, status, base_price, equipment_price, total_price, equipment, payment_method, payment_status, notes, created_at, updated_at, cancelled_at, cancel_reason) VALUES ('bk-0212', 'H3-20260115-EO3G', 'usr-044', 'le-podium', '2026-01-25', '21:30', '22:30', 'duo', 'completed', 24, 0, 24, NULL, 'card', 'paid', '', '2026-01-15 23:00:00', '2026-01-15 23:00:00', NULL, NULL);
INSERT INTO payments (id, booking_id, amount, method, status, refunded_amount, paid_at, created_at) VALUES ('pay-0212', 'bk-0212', 24, 'card', 'paid', 0, '2026-01-15 23:00:00', '2026-01-15 23:00:00');
INSERT INTO bookings (id, booking_ref, user_id, studio_id, date, start_time, end_time, group_type, status, base_price, equipment_price, total_price, equipment, payment_method, payment_status, notes, created_at, updated_at, cancelled_at, cancel_reason) VALUES ('bk-0213', 'H3-20260118-HRAH', 'usr-032', 'le-podium', '2026-01-25', '12:30', '13:30', 'solo', 'completed', 12, 0, 12, NULL, 'card', 'paid', '', '2026-01-18 23:00:00', '2026-01-18 23:00:00', NULL, NULL);
INSERT INTO payments (id, booking_id, amount, method, status, refunded_amount, paid_at, created_at) VALUES ('pay-0213', 'bk-0213', 12, 'card', 'paid', 0, '2026-01-18 23:00:00', '2026-01-18 23:00:00');
INSERT INTO bookings (id, booking_ref, user_id, studio_id, date, start_time, end_time, group_type, status, base_price, equipment_price, total_price, equipment, payment_method, payment_status, notes, created_at, updated_at, cancelled_at, cancel_reason) VALUES ('bk-0214', 'H3-20260118-NM2K', 'usr-049', 'le-podium', '2026-01-25', '11:00', '12:30', 'solo', 'completed', 18, 0, 18, NULL, 'card', 'paid', '', '2026-01-18 23:00:00', '2026-01-18 23:00:00', NULL, NULL);
INSERT INTO payments (id, booking_id, amount, method, status, refunded_amount, paid_at, created_at) VALUES ('pay-0214', 'bk-0214', 18, 'card', 'paid', 0, '2026-01-18 23:00:00', '2026-01-18 23:00:00');
INSERT INTO bookings (id, booking_ref, user_id, studio_id, date, start_time, end_time, group_type, status, base_price, equipment_price, total_price, equipment, payment_method, payment_status, notes, created_at, updated_at, cancelled_at, cancel_reason) VALUES ('bk-0215', 'H3-20260114-NWJS', 'usr-031', 'la-scene', '2026-01-25', '19:00', '20:00', 'solo', 'completed', 12, 0, 12, NULL, 'card', 'paid', '', '2026-01-14 23:00:00', '2026-01-14 23:00:00', NULL, NULL);
INSERT INTO payments (id, booking_id, amount, method, status, refunded_amount, paid_at, created_at) VALUES ('pay-0215', 'bk-0215', 12, 'card', 'paid', 0, '2026-01-14 23:00:00', '2026-01-14 23:00:00');
INSERT INTO bookings (id, booking_ref, user_id, studio_id, date, start_time, end_time, group_type, status, base_price, equipment_price, total_price, equipment, payment_method, payment_status, notes, created_at, updated_at, cancelled_at, cancel_reason) VALUES ('bk-0216', 'H3-20260115-YALZ', 'usr-036', 'la-scene', '2026-01-25', '13:30', '15:00', 'solo', 'completed', 18, 3, 21, '[{"id":"cymbal","quantity":2}]', 'cash', 'paid', '', '2026-01-15 23:00:00', '2026-01-15 23:00:00', NULL, NULL);
INSERT INTO payments (id, booking_id, amount, method, status, refunded_amount, paid_at, created_at) VALUES ('pay-0216', 'bk-0216', 21, 'cash', 'paid', 0, '2026-01-25 23:00:00', '2026-01-15 23:00:00');
INSERT INTO bookings (id, booking_ref, user_id, studio_id, date, start_time, end_time, group_type, status, base_price, equipment_price, total_price, equipment, payment_method, payment_status, notes, created_at, updated_at, cancelled_at, cancel_reason) VALUES ('bk-0217', 'H3-20260115-HL5Y', 'usr-030', 'le-podium', '2026-01-25', '10:30', '12:00', 'duo', 'completed', 36, 6, 42, '[{"id":"guitar","quantity":2}]', 'card', 'paid', '', '2026-01-15 23:00:00', '2026-01-15 23:00:00', NULL, NULL);
INSERT INTO payments (id, booking_id, amount, method, status, refunded_amount, paid_at, created_at) VALUES ('pay-0217', 'bk-0217', 42, 'card', 'paid', 0, '2026-01-15 23:00:00', '2026-01-15 23:00:00');
INSERT INTO bookings (id, booking_ref, user_id, studio_id, date, start_time, end_time, group_type, status, base_price, equipment_price, total_price, equipment, payment_method, payment_status, notes, created_at, updated_at, cancelled_at, cancel_reason) VALUES ('bk-0218', 'H3-20260119-P2ME', 'usr-030', 'le-podium', '2026-01-25', '11:00', '12:30', 'solo', 'completed', 18, 0, 18, NULL, 'card', 'paid', '', '2026-01-19 23:00:00', '2026-01-19 23:00:00', NULL, NULL);
INSERT INTO payments (id, booking_id, amount, method, status, refunded_amount, paid_at, created_at) VALUES ('pay-0218', 'bk-0218', 18, 'card', 'paid', 0, '2026-01-19 23:00:00', '2026-01-19 23:00:00');
INSERT INTO bookings (id, booking_ref, user_id, studio_id, date, start_time, end_time, group_type, status, base_price, equipment_price, total_price, equipment, payment_method, payment_status, notes, created_at, updated_at, cancelled_at, cancel_reason) VALUES ('bk-0219', 'H3-20260120-Q3EU', 'usr-029', 'la-scene', '2026-01-25', '10:00', '11:00', 'solo', 'no-show', 12, 0, 12, NULL, 'card', 'paid', '', '2026-01-20 23:00:00', '2026-01-20 23:00:00', NULL, NULL);
INSERT INTO payments (id, booking_id, amount, method, status, refunded_amount, paid_at, created_at) VALUES ('pay-0219', 'bk-0219', 12, 'card', 'paid', 0, '2026-01-20 23:00:00', '2026-01-20 23:00:00');
INSERT INTO bookings (id, booking_ref, user_id, studio_id, date, start_time, end_time, group_type, status, base_price, equipment_price, total_price, equipment, payment_method, payment_status, notes, created_at, updated_at, cancelled_at, cancel_reason) VALUES ('bk-0220', 'H3-20260123-5BZR', 'usr-026', 'la-scene', '2026-01-25', '10:00', '11:00', 'group', 'completed', 36, 0, 36, NULL, 'card', 'paid', '', '2026-01-23 23:00:00', '2026-01-23 23:00:00', NULL, NULL);
INSERT INTO payments (id, booking_id, amount, method, status, refunded_amount, paid_at, created_at) VALUES ('pay-0220', 'bk-0220', 36, 'card', 'paid', 0, '2026-01-23 23:00:00', '2026-01-23 23:00:00');
INSERT INTO bookings (id, booking_ref, user_id, studio_id, date, start_time, end_time, group_type, status, base_price, equipment_price, total_price, equipment, payment_method, payment_status, notes, created_at, updated_at, cancelled_at, cancel_reason) VALUES ('bk-0221', 'H3-20260122-XZNZ', 'usr-040', 'la-scene', '2026-01-25', '19:00', '20:00', 'group', 'completed', 44, 0, 44, NULL, 'cash', 'paid', '', '2026-01-22 23:00:00', '2026-01-22 23:00:00', NULL, NULL);
INSERT INTO payments (id, booking_id, amount, method, status, refunded_amount, paid_at, created_at) VALUES ('pay-0221', 'bk-0221', 44, 'cash', 'paid', 0, '2026-01-25 23:00:00', '2026-01-22 23:00:00');
INSERT INTO bookings (id, booking_ref, user_id, studio_id, date, start_time, end_time, group_type, status, base_price, equipment_price, total_price, equipment, payment_method, payment_status, notes, created_at, updated_at, cancelled_at, cancel_reason) VALUES ('bk-0222', 'H3-20260123-RZR9', 'usr-031', 'la-scene', '2026-01-25', '13:00', '14:00', 'solo', 'completed', 12, 0, 12, NULL, 'cash', 'paid', '', '2026-01-23 23:00:00', '2026-01-23 23:00:00', NULL, NULL);
INSERT INTO payments (id, booking_id, amount, method, status, refunded_amount, paid_at, created_at) VALUES ('pay-0222', 'bk-0222', 12, 'cash', 'paid', 0, '2026-01-25 23:00:00', '2026-01-23 23:00:00');
INSERT INTO bookings (id, booking_ref, user_id, studio_id, date, start_time, end_time, group_type, status, base_price, equipment_price, total_price, equipment, payment_method, payment_status, notes, created_at, updated_at, cancelled_at, cancel_reason) VALUES ('bk-0223', 'H3-20260113-1UZU', 'usr-048', 'le-podium', '2026-01-25', '10:00', '11:00', 'duo', 'completed', 24, 0, 24, NULL, 'cash', 'paid', '', '2026-01-13 23:00:00', '2026-01-13 23:00:00', NULL, NULL);
INSERT INTO payments (id, booking_id, amount, method, status, refunded_amount, paid_at, created_at) VALUES ('pay-0223', 'bk-0223', 24, 'cash', 'paid', 0, '2026-01-25 23:00:00', '2026-01-13 23:00:00');
INSERT INTO bookings (id, booking_ref, user_id, studio_id, date, start_time, end_time, group_type, status, base_price, equipment_price, total_price, equipment, payment_method, payment_status, notes, created_at, updated_at, cancelled_at, cancel_reason) VALUES ('bk-0224', 'H3-20260118-ODSW', 'usr-039', 'le-podium', '2026-01-25', '16:00', '17:30', 'group', 'completed', 45, 0, 45, NULL, 'card', 'paid', '', '2026-01-18 23:00:00', '2026-01-18 23:00:00', NULL, NULL);
INSERT INTO payments (id, booking_id, amount, method, status, refunded_amount, paid_at, created_at) VALUES ('pay-0224', 'bk-0224', 45, 'card', 'paid', 0, '2026-01-18 23:00:00', '2026-01-18 23:00:00');
INSERT INTO bookings (id, booking_ref, user_id, studio_id, date, start_time, end_time, group_type, status, base_price, equipment_price, total_price, equipment, payment_method, payment_status, notes, created_at, updated_at, cancelled_at, cancel_reason) VALUES ('bk-0225', 'H3-20260113-FKY0', 'usr-025', 'la-scene', '2026-01-25', '09:00', '10:00', 'solo', 'completed', 12, 5, 17, '[{"id":"mic","quantity":2}]', 'card', 'paid', '', '2026-01-13 23:00:00', '2026-01-13 23:00:00', NULL, NULL);
INSERT INTO payments (id, booking_id, amount, method, status, refunded_amount, paid_at, created_at) VALUES ('pay-0225', 'bk-0225', 17, 'card', 'paid', 0, '2026-01-13 23:00:00', '2026-01-13 23:00:00');
INSERT INTO bookings (id, booking_ref, user_id, studio_id, date, start_time, end_time, group_type, status, base_price, equipment_price, total_price, equipment, payment_method, payment_status, notes, created_at, updated_at, cancelled_at, cancel_reason) VALUES ('bk-0226', 'H3-20260125-L7HM', 'usr-030', 'la-scene', '2026-01-26', '09:30', '11:00', 'duo', 'completed', 36, 0, 36, NULL, 'cash', 'paid', '', '2026-01-25 23:00:00', '2026-01-25 23:00:00', NULL, NULL);
INSERT INTO payments (id, booking_id, amount, method, status, refunded_amount, paid_at, created_at) VALUES ('pay-0226', 'bk-0226', 36, 'cash', 'paid', 0, '2026-01-26 23:00:00', '2026-01-25 23:00:00');
INSERT INTO bookings (id, booking_ref, user_id, studio_id, date, start_time, end_time, group_type, status, base_price, equipment_price, total_price, equipment, payment_method, payment_status, notes, created_at, updated_at, cancelled_at, cancel_reason) VALUES ('bk-0227', 'H3-20260120-56GI', 'usr-026', 'le-podium', '2026-01-26', '13:30', '14:30', 'solo', 'completed', 12, 3, 15, '[{"id":"guitar","quantity":1}]', 'card', 'paid', '', '2026-01-20 23:00:00', '2026-01-20 23:00:00', NULL, NULL);
INSERT INTO payments (id, booking_id, amount, method, status, refunded_amount, paid_at, created_at) VALUES ('pay-0227', 'bk-0227', 15, 'card', 'paid', 0, '2026-01-20 23:00:00', '2026-01-20 23:00:00');
INSERT INTO bookings (id, booking_ref, user_id, studio_id, date, start_time, end_time, group_type, status, base_price, equipment_price, total_price, equipment, payment_method, payment_status, notes, created_at, updated_at, cancelled_at, cancel_reason) VALUES ('bk-0228', 'H3-20260116-UG8I', 'usr-025', 'le-podium', '2026-01-26', '09:00', '10:00', 'group', 'completed', 30, 3, 33, '[{"id":"guitar","quantity":1}]', 'card', 'paid', '', '2026-01-16 23:00:00', '2026-01-16 23:00:00', NULL, NULL);
INSERT INTO payments (id, booking_id, amount, method, status, refunded_amount, paid_at, created_at) VALUES ('pay-0228', 'bk-0228', 33, 'card', 'paid', 0, '2026-01-16 23:00:00', '2026-01-16 23:00:00');
INSERT INTO bookings (id, booking_ref, user_id, studio_id, date, start_time, end_time, group_type, status, base_price, equipment_price, total_price, equipment, payment_method, payment_status, notes, created_at, updated_at, cancelled_at, cancel_reason) VALUES ('bk-0229', 'H3-20260122-BYHL', 'usr-022', 'la-scene', '2026-01-26', '17:00', '18:00', 'duo', 'no-show', 24, 0, 24, NULL, 'card', 'paid', '', '2026-01-22 23:00:00', '2026-01-22 23:00:00', NULL, NULL);
INSERT INTO payments (id, booking_id, amount, method, status, refunded_amount, paid_at, created_at) VALUES ('pay-0229', 'bk-0229', 24, 'card', 'paid', 0, '2026-01-22 23:00:00', '2026-01-22 23:00:00');
INSERT INTO bookings (id, booking_ref, user_id, studio_id, date, start_time, end_time, group_type, status, base_price, equipment_price, total_price, equipment, payment_method, payment_status, notes, created_at, updated_at, cancelled_at, cancel_reason) VALUES ('bk-0230', 'H3-20260114-J2H1', 'usr-048', 'la-scene', '2026-01-26', '15:30', '16:30', 'duo', 'no-show', 24, 6, 30, '[{"id":"bass","quantity":1},{"id":"piano","quantity":1}]', 'cash', 'pending', '', '2026-01-14 23:00:00', '2026-01-14 23:00:00', NULL, NULL);
INSERT INTO payments (id, booking_id, amount, method, status, refunded_amount, paid_at, created_at) VALUES ('pay-0230', 'bk-0230', 30, 'cash', 'pending', 0, NULL, '2026-01-14 23:00:00');
INSERT INTO bookings (id, booking_ref, user_id, studio_id, date, start_time, end_time, group_type, status, base_price, equipment_price, total_price, equipment, payment_method, payment_status, notes, created_at, updated_at, cancelled_at, cancel_reason) VALUES ('bk-0231', 'H3-20260119-UDFH', 'usr-020', 'la-scene', '2026-01-26', '20:00', '21:00', 'duo', 'completed', 24, 0, 24, NULL, 'cash', 'paid', '', '2026-01-19 23:00:00', '2026-01-19 23:00:00', NULL, NULL);
INSERT INTO payments (id, booking_id, amount, method, status, refunded_amount, paid_at, created_at) VALUES ('pay-0231', 'bk-0231', 24, 'cash', 'paid', 0, '2026-01-26 23:00:00', '2026-01-19 23:00:00');
INSERT INTO bookings (id, booking_ref, user_id, studio_id, date, start_time, end_time, group_type, status, base_price, equipment_price, total_price, equipment, payment_method, payment_status, notes, created_at, updated_at, cancelled_at, cancel_reason) VALUES ('bk-0232', 'H3-20260116-63ZR', 'usr-014', 'la-scene', '2026-01-26', '10:00', '11:00', 'group', 'completed', 36, 5, 41, '[{"id":"mic","quantity":2}]', 'cash', 'paid', '', '2026-01-16 23:00:00', '2026-01-16 23:00:00', NULL, NULL);
INSERT INTO payments (id, booking_id, amount, method, status, refunded_amount, paid_at, created_at) VALUES ('pay-0232', 'bk-0232', 41, 'cash', 'paid', 0, '2026-01-26 23:00:00', '2026-01-16 23:00:00');
INSERT INTO bookings (id, booking_ref, user_id, studio_id, date, start_time, end_time, group_type, status, base_price, equipment_price, total_price, equipment, payment_method, payment_status, notes, created_at, updated_at, cancelled_at, cancel_reason) VALUES ('bk-0233', 'H3-20260122-C6GK', 'usr-030', 'le-podium', '2026-01-26', '14:30', '16:00', 'group', 'completed', 45, 0, 45, NULL, 'card', 'paid', '', '2026-01-22 23:00:00', '2026-01-22 23:00:00', NULL, NULL);
INSERT INTO payments (id, booking_id, amount, method, status, refunded_amount, paid_at, created_at) VALUES ('pay-0233', 'bk-0233', 45, 'card', 'paid', 0, '2026-01-22 23:00:00', '2026-01-22 23:00:00');
INSERT INTO bookings (id, booking_ref, user_id, studio_id, date, start_time, end_time, group_type, status, base_price, equipment_price, total_price, equipment, payment_method, payment_status, notes, created_at, updated_at, cancelled_at, cancel_reason) VALUES ('bk-0234', 'H3-20260116-44XK', 'usr-025', 'la-scene', '2026-01-26', '09:00', '10:30', 'solo', 'completed', 18, 5, 23, '[{"id":"mic","quantity":2}]', 'card', 'paid', '', '2026-01-16 23:00:00', '2026-01-16 23:00:00', NULL, NULL);
INSERT INTO payments (id, booking_id, amount, method, status, refunded_amount, paid_at, created_at) VALUES ('pay-0234', 'bk-0234', 23, 'card', 'paid', 0, '2026-01-16 23:00:00', '2026-01-16 23:00:00');
INSERT INTO bookings (id, booking_ref, user_id, studio_id, date, start_time, end_time, group_type, status, base_price, equipment_price, total_price, equipment, payment_method, payment_status, notes, created_at, updated_at, cancelled_at, cancel_reason) VALUES ('bk-0235', 'H3-20260112-6WM0', 'usr-009', 'la-scene', '2026-01-26', '14:30', '15:30', 'group', 'completed', 36, 9, 45, '[{"id":"mic","quantity":1},{"id":"piano","quantity":2}]', 'card', 'paid', '', '2026-01-12 23:00:00', '2026-01-12 23:00:00', NULL, NULL);
INSERT INTO payments (id, booking_id, amount, method, status, refunded_amount, paid_at, created_at) VALUES ('pay-0235', 'bk-0235', 45, 'card', 'paid', 0, '2026-01-12 23:00:00', '2026-01-12 23:00:00');
INSERT INTO bookings (id, booking_ref, user_id, studio_id, date, start_time, end_time, group_type, status, base_price, equipment_price, total_price, equipment, payment_method, payment_status, notes, created_at, updated_at, cancelled_at, cancel_reason) VALUES ('bk-0236', 'H3-20260124-5FCQ', 'usr-009', 'la-scene', '2026-01-26', '14:00', '15:00', 'duo', 'completed', 24, 3, 27, '[{"id":"bass","quantity":2}]', 'card', 'paid', '', '2026-01-24 23:00:00', '2026-01-24 23:00:00', NULL, NULL);
INSERT INTO payments (id, booking_id, amount, method, status, refunded_amount, paid_at, created_at) VALUES ('pay-0236', 'bk-0236', 27, 'card', 'paid', 0, '2026-01-24 23:00:00', '2026-01-24 23:00:00');
INSERT INTO bookings (id, booking_ref, user_id, studio_id, date, start_time, end_time, group_type, status, base_price, equipment_price, total_price, equipment, payment_method, payment_status, notes, created_at, updated_at, cancelled_at, cancel_reason) VALUES ('bk-0237', 'H3-20260121-UU5A', 'usr-032', 'la-scene', '2026-01-26', '10:30', '12:00', 'group', 'completed', 54, 0, 54, NULL, 'card', 'paid', '', '2026-01-21 23:00:00', '2026-01-21 23:00:00', NULL, NULL);
INSERT INTO payments (id, booking_id, amount, method, status, refunded_amount, paid_at, created_at) VALUES ('pay-0237', 'bk-0237', 54, 'card', 'paid', 0, '2026-01-21 23:00:00', '2026-01-21 23:00:00');
INSERT INTO bookings (id, booking_ref, user_id, studio_id, date, start_time, end_time, group_type, status, base_price, equipment_price, total_price, equipment, payment_method, payment_status, notes, created_at, updated_at, cancelled_at, cancel_reason) VALUES ('bk-0238', 'H3-20260122-INVT', 'usr-027', 'la-scene', '2026-01-27', '21:00', '22:30', 'solo', 'completed', 18, 0, 18, NULL, 'card', 'paid', '', '2026-01-22 23:00:00', '2026-01-22 23:00:00', NULL, NULL);
INSERT INTO payments (id, booking_id, amount, method, status, refunded_amount, paid_at, created_at) VALUES ('pay-0238', 'bk-0238', 18, 'card', 'paid', 0, '2026-01-22 23:00:00', '2026-01-22 23:00:00');
INSERT INTO bookings (id, booking_ref, user_id, studio_id, date, start_time, end_time, group_type, status, base_price, equipment_price, total_price, equipment, payment_method, payment_status, notes, created_at, updated_at, cancelled_at, cancel_reason) VALUES ('bk-0239', 'H3-20260113-980P', 'usr-038', 'le-podium', '2026-01-27', '09:30', '10:30', 'duo', 'no-show', 24, 0, 24, NULL, 'cash', 'pending', '', '2026-01-13 23:00:00', '2026-01-13 23:00:00', NULL, NULL);
INSERT INTO payments (id, booking_id, amount, method, status, refunded_amount, paid_at, created_at) VALUES ('pay-0239', 'bk-0239', 24, 'cash', 'pending', 0, NULL, '2026-01-13 23:00:00');
INSERT INTO bookings (id, booking_ref, user_id, studio_id, date, start_time, end_time, group_type, status, base_price, equipment_price, total_price, equipment, payment_method, payment_status, notes, created_at, updated_at, cancelled_at, cancel_reason) VALUES ('bk-0240', 'H3-20260114-R1G7', 'usr-042', 'le-podium', '2026-01-27', '10:00', '11:30', 'solo', 'no-show', 18, 0, 18, NULL, 'cash', 'pending', '', '2026-01-14 23:00:00', '2026-01-14 23:00:00', NULL, NULL);
INSERT INTO payments (id, booking_id, amount, method, status, refunded_amount, paid_at, created_at) VALUES ('pay-0240', 'bk-0240', 18, 'cash', 'pending', 0, NULL, '2026-01-14 23:00:00');
INSERT INTO bookings (id, booking_ref, user_id, studio_id, date, start_time, end_time, group_type, status, base_price, equipment_price, total_price, equipment, payment_method, payment_status, notes, created_at, updated_at, cancelled_at, cancel_reason) VALUES ('bk-0241', 'H3-20260120-9MVR', 'usr-003', 'le-podium', '2026-01-27', '16:30', '17:30', 'group', 'completed', 30, 0, 30, NULL, 'cash', 'paid', '', '2026-01-20 23:00:00', '2026-01-20 23:00:00', NULL, NULL);
INSERT INTO payments (id, booking_id, amount, method, status, refunded_amount, paid_at, created_at) VALUES ('pay-0241', 'bk-0241', 30, 'cash', 'paid', 0, '2026-01-27 23:00:00', '2026-01-20 23:00:00');
INSERT INTO bookings (id, booking_ref, user_id, studio_id, date, start_time, end_time, group_type, status, base_price, equipment_price, total_price, equipment, payment_method, payment_status, notes, created_at, updated_at, cancelled_at, cancel_reason) VALUES ('bk-0242', 'H3-20260114-054Z', 'usr-043', 'la-scene', '2026-01-27', '10:00', '11:00', 'duo', 'no-show', 24, 0, 24, NULL, 'cash', 'pending', '', '2026-01-14 23:00:00', '2026-01-14 23:00:00', NULL, NULL);
INSERT INTO payments (id, booking_id, amount, method, status, refunded_amount, paid_at, created_at) VALUES ('pay-0242', 'bk-0242', 24, 'cash', 'pending', 0, NULL, '2026-01-14 23:00:00');
INSERT INTO bookings (id, booking_ref, user_id, studio_id, date, start_time, end_time, group_type, status, base_price, equipment_price, total_price, equipment, payment_method, payment_status, notes, created_at, updated_at, cancelled_at, cancel_reason) VALUES ('bk-0243', 'H3-20260126-Y1TH', 'usr-013', 'le-podium', '2026-01-27', '16:00', '17:00', 'duo', 'completed', 24, 0, 24, NULL, 'cash', 'paid', '', '2026-01-26 23:00:00', '2026-01-26 23:00:00', NULL, NULL);
INSERT INTO payments (id, booking_id, amount, method, status, refunded_amount, paid_at, created_at) VALUES ('pay-0243', 'bk-0243', 24, 'cash', 'paid', 0, '2026-01-27 23:00:00', '2026-01-26 23:00:00');
INSERT INTO bookings (id, booking_ref, user_id, studio_id, date, start_time, end_time, group_type, status, base_price, equipment_price, total_price, equipment, payment_method, payment_status, notes, created_at, updated_at, cancelled_at, cancel_reason) VALUES ('bk-0244', 'H3-20260123-3LDJ', 'usr-049', 'le-podium', '2026-01-27', '19:00', '20:30', 'solo', 'completed', 18, 0, 18, NULL, 'card', 'paid', '', '2026-01-23 23:00:00', '2026-01-23 23:00:00', NULL, NULL);
INSERT INTO payments (id, booking_id, amount, method, status, refunded_amount, paid_at, created_at) VALUES ('pay-0244', 'bk-0244', 18, 'card', 'paid', 0, '2026-01-23 23:00:00', '2026-01-23 23:00:00');
INSERT INTO bookings (id, booking_ref, user_id, studio_id, date, start_time, end_time, group_type, status, base_price, equipment_price, total_price, equipment, payment_method, payment_status, notes, created_at, updated_at, cancelled_at, cancel_reason) VALUES ('bk-0245', 'H3-20260117-9Y5J', 'usr-026', 'la-scene', '2026-01-27', '15:30', '16:30', 'solo', 'completed', 12, 6, 18, '[{"id":"bass","quantity":1},{"id":"cymbal","quantity":1}]', 'card', 'paid', '', '2026-01-17 23:00:00', '2026-01-17 23:00:00', NULL, NULL);
INSERT INTO payments (id, booking_id, amount, method, status, refunded_amount, paid_at, created_at) VALUES ('pay-0245', 'bk-0245', 18, 'card', 'paid', 0, '2026-01-17 23:00:00', '2026-01-17 23:00:00');
INSERT INTO bookings (id, booking_ref, user_id, studio_id, date, start_time, end_time, group_type, status, base_price, equipment_price, total_price, equipment, payment_method, payment_status, notes, created_at, updated_at, cancelled_at, cancel_reason) VALUES ('bk-0246', 'H3-20260124-TY68', 'usr-048', 'le-podium', '2026-01-27', '17:30', '19:00', 'group', 'completed', 51, 0, 51, NULL, 'card', 'paid', '', '2026-01-24 23:00:00', '2026-01-24 23:00:00', NULL, NULL);
INSERT INTO payments (id, booking_id, amount, method, status, refunded_amount, paid_at, created_at) VALUES ('pay-0246', 'bk-0246', 51, 'card', 'paid', 0, '2026-01-24 23:00:00', '2026-01-24 23:00:00');
INSERT INTO bookings (id, booking_ref, user_id, studio_id, date, start_time, end_time, group_type, status, base_price, equipment_price, total_price, equipment, payment_method, payment_status, notes, created_at, updated_at, cancelled_at, cancel_reason) VALUES ('bk-0247', 'H3-20260117-WPOF', 'usr-006', 'la-scene', '2026-01-27', '18:00', '19:00', 'group', 'completed', 44, 5, 49, '[{"id":"mic","quantity":2}]', 'card', 'paid', '', '2026-01-17 23:00:00', '2026-01-17 23:00:00', NULL, NULL);
INSERT INTO payments (id, booking_id, amount, method, status, refunded_amount, paid_at, created_at) VALUES ('pay-0247', 'bk-0247', 49, 'card', 'paid', 0, '2026-01-17 23:00:00', '2026-01-17 23:00:00');
INSERT INTO bookings (id, booking_ref, user_id, studio_id, date, start_time, end_time, group_type, status, base_price, equipment_price, total_price, equipment, payment_method, payment_status, notes, created_at, updated_at, cancelled_at, cancel_reason) VALUES ('bk-0248', 'H3-20260123-AF1Z', 'usr-038', 'le-podium', '2026-01-27', '14:30', '15:30', 'duo', 'completed', 24, 0, 24, NULL, 'cash', 'paid', '', '2026-01-23 23:00:00', '2026-01-23 23:00:00', NULL, NULL);
INSERT INTO payments (id, booking_id, amount, method, status, refunded_amount, paid_at, created_at) VALUES ('pay-0248', 'bk-0248', 24, 'cash', 'paid', 0, '2026-01-27 23:00:00', '2026-01-23 23:00:00');
INSERT INTO bookings (id, booking_ref, user_id, studio_id, date, start_time, end_time, group_type, status, base_price, equipment_price, total_price, equipment, payment_method, payment_status, notes, created_at, updated_at, cancelled_at, cancel_reason) VALUES ('bk-0249', 'H3-20260122-7P6J', 'usr-002', 'le-podium', '2026-01-27', '21:30', '22:30', 'group', 'completed', 36, 0, 36, NULL, 'card', 'paid', '', '2026-01-22 23:00:00', '2026-01-22 23:00:00', NULL, NULL);
INSERT INTO payments (id, booking_id, amount, method, status, refunded_amount, paid_at, created_at) VALUES ('pay-0249', 'bk-0249', 36, 'card', 'paid', 0, '2026-01-22 23:00:00', '2026-01-22 23:00:00');
INSERT INTO bookings (id, booking_ref, user_id, studio_id, date, start_time, end_time, group_type, status, base_price, equipment_price, total_price, equipment, payment_method, payment_status, notes, created_at, updated_at, cancelled_at, cancel_reason) VALUES ('bk-0250', 'H3-20260121-WXYM', 'usr-001', 'la-scene', '2026-01-27', '14:00', '15:00', 'group', 'completed', 36, 0, 36, NULL, 'card', 'paid', '', '2026-01-21 23:00:00', '2026-01-21 23:00:00', NULL, NULL);
INSERT INTO payments (id, booking_id, amount, method, status, refunded_amount, paid_at, created_at) VALUES ('pay-0250', 'bk-0250', 36, 'card', 'paid', 0, '2026-01-21 23:00:00', '2026-01-21 23:00:00');
INSERT INTO bookings (id, booking_ref, user_id, studio_id, date, start_time, end_time, group_type, status, base_price, equipment_price, total_price, equipment, payment_method, payment_status, notes, created_at, updated_at, cancelled_at, cancel_reason) VALUES ('bk-0251', 'H3-20260121-P91O', 'usr-006', 'la-scene', '2026-01-27', '18:00', '19:00', 'group', 'completed', 44, 0, 44, NULL, 'cash', 'paid', '', '2026-01-21 23:00:00', '2026-01-21 23:00:00', NULL, NULL);
INSERT INTO payments (id, booking_id, amount, method, status, refunded_amount, paid_at, created_at) VALUES ('pay-0251', 'bk-0251', 44, 'cash', 'paid', 0, '2026-01-27 23:00:00', '2026-01-21 23:00:00');
INSERT INTO bookings (id, booking_ref, user_id, studio_id, date, start_time, end_time, group_type, status, base_price, equipment_price, total_price, equipment, payment_method, payment_status, notes, created_at, updated_at, cancelled_at, cancel_reason) VALUES ('bk-0252', 'H3-20260117-1C94', 'usr-010', 'le-podium', '2026-01-27', '22:30', '23:30', 'duo', 'completed', 24, 0, 24, NULL, 'card', 'paid', '', '2026-01-17 23:00:00', '2026-01-17 23:00:00', NULL, NULL);
INSERT INTO payments (id, booking_id, amount, method, status, refunded_amount, paid_at, created_at) VALUES ('pay-0252', 'bk-0252', 24, 'card', 'paid', 0, '2026-01-17 23:00:00', '2026-01-17 23:00:00');
INSERT INTO bookings (id, booking_ref, user_id, studio_id, date, start_time, end_time, group_type, status, base_price, equipment_price, total_price, equipment, payment_method, payment_status, notes, created_at, updated_at, cancelled_at, cancel_reason) VALUES ('bk-0253', 'H3-20260117-0QEV', 'usr-012', 'la-scene', '2026-01-27', '18:30', '20:00', 'group', 'completed', 66, 3, 69, '[{"id":"piano","quantity":1}]', 'card', 'paid', '', '2026-01-17 23:00:00', '2026-01-17 23:00:00', NULL, NULL);
INSERT INTO payments (id, booking_id, amount, method, status, refunded_amount, paid_at, created_at) VALUES ('pay-0253', 'bk-0253', 69, 'card', 'paid', 0, '2026-01-17 23:00:00', '2026-01-17 23:00:00');
INSERT INTO bookings (id, booking_ref, user_id, studio_id, date, start_time, end_time, group_type, status, base_price, equipment_price, total_price, equipment, payment_method, payment_status, notes, created_at, updated_at, cancelled_at, cancel_reason) VALUES ('bk-0254', 'H3-20260116-NEP9', 'usr-047', 'la-scene', '2026-01-27', '17:30', '18:30', 'duo', 'completed', 24, 0, 24, NULL, 'cash', 'paid', '', '2026-01-16 23:00:00', '2026-01-16 23:00:00', NULL, NULL);
INSERT INTO payments (id, booking_id, amount, method, status, refunded_amount, paid_at, created_at) VALUES ('pay-0254', 'bk-0254', 24, 'cash', 'paid', 0, '2026-01-27 23:00:00', '2026-01-16 23:00:00');
INSERT INTO bookings (id, booking_ref, user_id, studio_id, date, start_time, end_time, group_type, status, base_price, equipment_price, total_price, equipment, payment_method, payment_status, notes, created_at, updated_at, cancelled_at, cancel_reason) VALUES ('bk-0255', 'H3-20260126-F3AB', 'usr-044', 'la-scene', '2026-01-27', '09:30', '10:30', 'duo', 'completed', 24, 0, 24, NULL, 'card', 'paid', '', '2026-01-26 23:00:00', '2026-01-26 23:00:00', NULL, NULL);
INSERT INTO payments (id, booking_id, amount, method, status, refunded_amount, paid_at, created_at) VALUES ('pay-0255', 'bk-0255', 24, 'card', 'paid', 0, '2026-01-26 23:00:00', '2026-01-26 23:00:00');
INSERT INTO bookings (id, booking_ref, user_id, studio_id, date, start_time, end_time, group_type, status, base_price, equipment_price, total_price, equipment, payment_method, payment_status, notes, created_at, updated_at, cancelled_at, cancel_reason) VALUES ('bk-0256', 'H3-20260116-JCQB', 'usr-002', 'la-scene', '2026-01-27', '09:00', '10:00', 'solo', 'completed', 12, 0, 12, NULL, 'cash', 'paid', '', '2026-01-16 23:00:00', '2026-01-16 23:00:00', NULL, NULL);
INSERT INTO payments (id, booking_id, amount, method, status, refunded_amount, paid_at, created_at) VALUES ('pay-0256', 'bk-0256', 12, 'cash', 'paid', 0, '2026-01-27 23:00:00', '2026-01-16 23:00:00');
INSERT INTO bookings (id, booking_ref, user_id, studio_id, date, start_time, end_time, group_type, status, base_price, equipment_price, total_price, equipment, payment_method, payment_status, notes, created_at, updated_at, cancelled_at, cancel_reason) VALUES ('bk-0257', 'H3-20260122-AFJS', 'usr-016', 'le-podium', '2026-01-27', '15:00', '16:00', 'solo', 'completed', 12, 0, 12, NULL, 'card', 'paid', '', '2026-01-22 23:00:00', '2026-01-22 23:00:00', NULL, NULL);
INSERT INTO payments (id, booking_id, amount, method, status, refunded_amount, paid_at, created_at) VALUES ('pay-0257', 'bk-0257', 12, 'card', 'paid', 0, '2026-01-22 23:00:00', '2026-01-22 23:00:00');
INSERT INTO bookings (id, booking_ref, user_id, studio_id, date, start_time, end_time, group_type, status, base_price, equipment_price, total_price, equipment, payment_method, payment_status, notes, created_at, updated_at, cancelled_at, cancel_reason) VALUES ('bk-0258', 'H3-20260123-EREE', 'usr-019', 'la-scene', '2026-01-28', '22:30', '23:30', 'solo', 'completed', 12, 0, 12, NULL, 'cash', 'paid', '', '2026-01-23 23:00:00', '2026-01-23 23:00:00', NULL, NULL);
INSERT INTO payments (id, booking_id, amount, method, status, refunded_amount, paid_at, created_at) VALUES ('pay-0258', 'bk-0258', 12, 'cash', 'paid', 0, '2026-01-28 23:00:00', '2026-01-23 23:00:00');
INSERT INTO bookings (id, booking_ref, user_id, studio_id, date, start_time, end_time, group_type, status, base_price, equipment_price, total_price, equipment, payment_method, payment_status, notes, created_at, updated_at, cancelled_at, cancel_reason) VALUES ('bk-0259', 'H3-20260125-HQ1M', 'usr-024', 'le-podium', '2026-01-28', '16:30', '17:30', 'solo', 'completed', 12, 0, 12, NULL, 'card', 'paid', '', '2026-01-25 23:00:00', '2026-01-25 23:00:00', NULL, NULL);
INSERT INTO payments (id, booking_id, amount, method, status, refunded_amount, paid_at, created_at) VALUES ('pay-0259', 'bk-0259', 12, 'card', 'paid', 0, '2026-01-25 23:00:00', '2026-01-25 23:00:00');
INSERT INTO bookings (id, booking_ref, user_id, studio_id, date, start_time, end_time, group_type, status, base_price, equipment_price, total_price, equipment, payment_method, payment_status, notes, created_at, updated_at, cancelled_at, cancel_reason) VALUES ('bk-0260', 'H3-20260122-AV7G', 'usr-008', 'le-podium', '2026-01-28', '14:30', '16:00', 'solo', 'completed', 18, 9, 27, '[{"id":"bass","quantity":2},{"id":"guitar","quantity":2}]', 'cash', 'paid', '', '2026-01-22 23:00:00', '2026-01-22 23:00:00', NULL, NULL);
INSERT INTO payments (id, booking_id, amount, method, status, refunded_amount, paid_at, created_at) VALUES ('pay-0260', 'bk-0260', 27, 'cash', 'paid', 0, '2026-01-28 23:00:00', '2026-01-22 23:00:00');
INSERT INTO bookings (id, booking_ref, user_id, studio_id, date, start_time, end_time, group_type, status, base_price, equipment_price, total_price, equipment, payment_method, payment_status, notes, created_at, updated_at, cancelled_at, cancel_reason) VALUES ('bk-0261', 'H3-20260120-BZFN', 'usr-028', 'la-scene', '2026-01-28', '16:30', '17:30', 'solo', 'cancelled', 12, 3, 15, '[{"id":"cymbal","quantity":1}]', 'cash', 'pending', '', '2026-01-20 23:00:00', '2026-01-20 23:00:00', '2026-01-21 23:00:00', 'Maladie');
INSERT INTO payments (id, booking_id, amount, method, status, refunded_amount, paid_at, created_at) VALUES ('pay-0261', 'bk-0261', 15, 'cash', 'pending', 0, NULL, '2026-01-20 23:00:00');
INSERT INTO bookings (id, booking_ref, user_id, studio_id, date, start_time, end_time, group_type, status, base_price, equipment_price, total_price, equipment, payment_method, payment_status, notes, created_at, updated_at, cancelled_at, cancel_reason) VALUES ('bk-0262', 'H3-20260119-QHOU', 'usr-004', 'le-podium', '2026-01-28', '13:30', '15:00', 'solo', 'completed', 18, 0, 18, NULL, 'cash', 'paid', '', '2026-01-19 23:00:00', '2026-01-19 23:00:00', NULL, NULL);
INSERT INTO payments (id, booking_id, amount, method, status, refunded_amount, paid_at, created_at) VALUES ('pay-0262', 'bk-0262', 18, 'cash', 'paid', 0, '2026-01-28 23:00:00', '2026-01-19 23:00:00');
INSERT INTO bookings (id, booking_ref, user_id, studio_id, date, start_time, end_time, group_type, status, base_price, equipment_price, total_price, equipment, payment_method, payment_status, notes, created_at, updated_at, cancelled_at, cancel_reason) VALUES ('bk-0263', 'H3-20260123-02OU', 'usr-001', 'le-podium', '2026-01-28', '12:00', '13:00', 'solo', 'completed', 12, 9, 21, '[{"id":"cymbal","quantity":2},{"id":"piano","quantity":2}]', 'card', 'paid', '', '2026-01-23 23:00:00', '2026-01-23 23:00:00', NULL, NULL);
INSERT INTO payments (id, booking_id, amount, method, status, refunded_amount, paid_at, created_at) VALUES ('pay-0263', 'bk-0263', 21, 'card', 'paid', 0, '2026-01-23 23:00:00', '2026-01-23 23:00:00');
INSERT INTO bookings (id, booking_ref, user_id, studio_id, date, start_time, end_time, group_type, status, base_price, equipment_price, total_price, equipment, payment_method, payment_status, notes, created_at, updated_at, cancelled_at, cancel_reason) VALUES ('bk-0264', 'H3-20260116-6HFS', 'usr-014', 'la-scene', '2026-01-28', '14:00', '15:00', 'solo', 'no-show', 12, 3, 15, '[{"id":"bass","quantity":2}]', 'card', 'paid', '', '2026-01-16 23:00:00', '2026-01-16 23:00:00', NULL, NULL);
INSERT INTO payments (id, booking_id, amount, method, status, refunded_amount, paid_at, created_at) VALUES ('pay-0264', 'bk-0264', 15, 'card', 'paid', 0, '2026-01-16 23:00:00', '2026-01-16 23:00:00');
INSERT INTO bookings (id, booking_ref, user_id, studio_id, date, start_time, end_time, group_type, status, base_price, equipment_price, total_price, equipment, payment_method, payment_status, notes, created_at, updated_at, cancelled_at, cancel_reason) VALUES ('bk-0265', 'H3-20260114-VFZB', 'usr-011', 'la-scene', '2026-01-28', '19:30', '21:00', 'duo', 'no-show', 36, 6, 42, '[{"id":"piano","quantity":2}]', 'card', 'paid', '', '2026-01-14 23:00:00', '2026-01-14 23:00:00', NULL, NULL);
INSERT INTO payments (id, booking_id, amount, method, status, refunded_amount, paid_at, created_at) VALUES ('pay-0265', 'bk-0265', 42, 'card', 'paid', 0, '2026-01-14 23:00:00', '2026-01-14 23:00:00');
INSERT INTO bookings (id, booking_ref, user_id, studio_id, date, start_time, end_time, group_type, status, base_price, equipment_price, total_price, equipment, payment_method, payment_status, notes, created_at, updated_at, cancelled_at, cancel_reason) VALUES ('bk-0266', 'H3-20260121-7DKU', 'usr-001', 'le-podium', '2026-01-28', '13:30', '14:30', 'duo', 'completed', 24, 0, 24, NULL, 'cash', 'paid', '', '2026-01-21 23:00:00', '2026-01-21 23:00:00', NULL, NULL);
INSERT INTO payments (id, booking_id, amount, method, status, refunded_amount, paid_at, created_at) VALUES ('pay-0266', 'bk-0266', 24, 'cash', 'paid', 0, '2026-01-28 23:00:00', '2026-01-21 23:00:00');
INSERT INTO bookings (id, booking_ref, user_id, studio_id, date, start_time, end_time, group_type, status, base_price, equipment_price, total_price, equipment, payment_method, payment_status, notes, created_at, updated_at, cancelled_at, cancel_reason) VALUES ('bk-0267', 'H3-20260124-UWUD', 'usr-010', 'la-scene', '2026-01-28', '10:00', '11:30', 'group', 'completed', 54, 6, 60, '[{"id":"cymbal","quantity":2},{"id":"bass","quantity":2}]', 'card', 'paid', '', '2026-01-24 23:00:00', '2026-01-24 23:00:00', NULL, NULL);
INSERT INTO payments (id, booking_id, amount, method, status, refunded_amount, paid_at, created_at) VALUES ('pay-0267', 'bk-0267', 60, 'card', 'paid', 0, '2026-01-24 23:00:00', '2026-01-24 23:00:00');
INSERT INTO bookings (id, booking_ref, user_id, studio_id, date, start_time, end_time, group_type, status, base_price, equipment_price, total_price, equipment, payment_method, payment_status, notes, created_at, updated_at, cancelled_at, cancel_reason) VALUES ('bk-0268', 'H3-20260123-8XVI', 'usr-042', 'la-scene', '2026-01-28', '19:00', '20:00', 'solo', 'completed', 12, 0, 12, NULL, 'cash', 'paid', '', '2026-01-23 23:00:00', '2026-01-23 23:00:00', NULL, NULL);
INSERT INTO payments (id, booking_id, amount, method, status, refunded_amount, paid_at, created_at) VALUES ('pay-0268', 'bk-0268', 12, 'cash', 'paid', 0, '2026-01-28 23:00:00', '2026-01-23 23:00:00');
INSERT INTO bookings (id, booking_ref, user_id, studio_id, date, start_time, end_time, group_type, status, base_price, equipment_price, total_price, equipment, payment_method, payment_status, notes, created_at, updated_at, cancelled_at, cancel_reason) VALUES ('bk-0269', 'H3-20260124-I500', 'usr-036', 'le-podium', '2026-01-28', '22:30', '23:30', 'duo', 'no-show', 24, 0, 24, NULL, 'cash', 'pending', '', '2026-01-24 23:00:00', '2026-01-24 23:00:00', NULL, NULL);
INSERT INTO payments (id, booking_id, amount, method, status, refunded_amount, paid_at, created_at) VALUES ('pay-0269', 'bk-0269', 24, 'cash', 'pending', 0, NULL, '2026-01-24 23:00:00');
INSERT INTO bookings (id, booking_ref, user_id, studio_id, date, start_time, end_time, group_type, status, base_price, equipment_price, total_price, equipment, payment_method, payment_status, notes, created_at, updated_at, cancelled_at, cancel_reason) VALUES ('bk-0270', 'H3-20260123-GLGL', 'usr-028', 'la-scene', '2026-01-28', '13:00', '14:30', 'solo', 'completed', 18, 0, 18, NULL, 'card', 'paid', '', '2026-01-23 23:00:00', '2026-01-23 23:00:00', NULL, NULL);
INSERT INTO payments (id, booking_id, amount, method, status, refunded_amount, paid_at, created_at) VALUES ('pay-0270', 'bk-0270', 18, 'card', 'paid', 0, '2026-01-23 23:00:00', '2026-01-23 23:00:00');
INSERT INTO bookings (id, booking_ref, user_id, studio_id, date, start_time, end_time, group_type, status, base_price, equipment_price, total_price, equipment, payment_method, payment_status, notes, created_at, updated_at, cancelled_at, cancel_reason) VALUES ('bk-0271', 'H3-20260123-FWQ0', 'usr-041', 'la-scene', '2026-01-29', '16:30', '18:00', 'solo', 'completed', 18, 0, 18, NULL, 'card', 'paid', '', '2026-01-23 23:00:00', '2026-01-23 23:00:00', NULL, NULL);
INSERT INTO payments (id, booking_id, amount, method, status, refunded_amount, paid_at, created_at) VALUES ('pay-0271', 'bk-0271', 18, 'card', 'paid', 0, '2026-01-23 23:00:00', '2026-01-23 23:00:00');
INSERT INTO bookings (id, booking_ref, user_id, studio_id, date, start_time, end_time, group_type, status, base_price, equipment_price, total_price, equipment, payment_method, payment_status, notes, created_at, updated_at, cancelled_at, cancel_reason) VALUES ('bk-0272', 'H3-20260125-XH3X', 'usr-015', 'le-podium', '2026-01-29', '11:30', '12:30', 'solo', 'completed', 12, 9, 21, '[{"id":"guitar","quantity":2},{"id":"cymbal","quantity":1}]', 'cash', 'paid', '', '2026-01-25 23:00:00', '2026-01-25 23:00:00', NULL, NULL);
INSERT INTO payments (id, booking_id, amount, method, status, refunded_amount, paid_at, created_at) VALUES ('pay-0272', 'bk-0272', 21, 'cash', 'paid', 0, '2026-01-29 23:00:00', '2026-01-25 23:00:00');
INSERT INTO bookings (id, booking_ref, user_id, studio_id, date, start_time, end_time, group_type, status, base_price, equipment_price, total_price, equipment, payment_method, payment_status, notes, created_at, updated_at, cancelled_at, cancel_reason) VALUES ('bk-0273', 'H3-20260119-NDJW', 'usr-011', 'le-podium', '2026-01-29', '12:00', '13:30', 'duo', 'completed', 36, 6, 42, '[{"id":"piano","quantity":2}]', 'cash', 'paid', '', '2026-01-19 23:00:00', '2026-01-19 23:00:00', NULL, NULL);
INSERT INTO payments (id, booking_id, amount, method, status, refunded_amount, paid_at, created_at) VALUES ('pay-0273', 'bk-0273', 42, 'cash', 'paid', 0, '2026-01-29 23:00:00', '2026-01-19 23:00:00');
INSERT INTO bookings (id, booking_ref, user_id, studio_id, date, start_time, end_time, group_type, status, base_price, equipment_price, total_price, equipment, payment_method, payment_status, notes, created_at, updated_at, cancelled_at, cancel_reason) VALUES ('bk-0274', 'H3-20260128-5FHH', 'usr-039', 'le-podium', '2026-01-29', '19:00', '20:00', 'solo', 'completed', 12, 0, 12, NULL, 'cash', 'paid', '', '2026-01-28 23:00:00', '2026-01-28 23:00:00', NULL, NULL);
INSERT INTO payments (id, booking_id, amount, method, status, refunded_amount, paid_at, created_at) VALUES ('pay-0274', 'bk-0274', 12, 'cash', 'paid', 0, '2026-01-29 23:00:00', '2026-01-28 23:00:00');
INSERT INTO bookings (id, booking_ref, user_id, studio_id, date, start_time, end_time, group_type, status, base_price, equipment_price, total_price, equipment, payment_method, payment_status, notes, created_at, updated_at, cancelled_at, cancel_reason) VALUES ('bk-0275', 'H3-20260126-X81D', 'usr-038', 'la-scene', '2026-01-29', '18:00', '19:30', 'duo', 'completed', 36, 0, 36, NULL, 'card', 'paid', '', '2026-01-26 23:00:00', '2026-01-26 23:00:00', NULL, NULL);
INSERT INTO payments (id, booking_id, amount, method, status, refunded_amount, paid_at, created_at) VALUES ('pay-0275', 'bk-0275', 36, 'card', 'paid', 0, '2026-01-26 23:00:00', '2026-01-26 23:00:00');
INSERT INTO bookings (id, booking_ref, user_id, studio_id, date, start_time, end_time, group_type, status, base_price, equipment_price, total_price, equipment, payment_method, payment_status, notes, created_at, updated_at, cancelled_at, cancel_reason) VALUES ('bk-0276', 'H3-20260116-4RMP', 'usr-038', 'le-podium', '2026-01-29', '17:30', '19:00', 'solo', 'completed', 18, 6, 24, '[{"id":"piano","quantity":2}]', 'card', 'paid', '', '2026-01-16 23:00:00', '2026-01-16 23:00:00', NULL, NULL);
INSERT INTO payments (id, booking_id, amount, method, status, refunded_amount, paid_at, created_at) VALUES ('pay-0276', 'bk-0276', 24, 'card', 'paid', 0, '2026-01-16 23:00:00', '2026-01-16 23:00:00');
INSERT INTO bookings (id, booking_ref, user_id, studio_id, date, start_time, end_time, group_type, status, base_price, equipment_price, total_price, equipment, payment_method, payment_status, notes, created_at, updated_at, cancelled_at, cancel_reason) VALUES ('bk-0277', 'H3-20260122-W9L3', 'usr-019', 'le-podium', '2026-01-29', '22:00', '23:00', 'group', 'completed', 36, 0, 36, NULL, 'card', 'paid', '', '2026-01-22 23:00:00', '2026-01-22 23:00:00', NULL, NULL);
INSERT INTO payments (id, booking_id, amount, method, status, refunded_amount, paid_at, created_at) VALUES ('pay-0277', 'bk-0277', 36, 'card', 'paid', 0, '2026-01-22 23:00:00', '2026-01-22 23:00:00');
INSERT INTO bookings (id, booking_ref, user_id, studio_id, date, start_time, end_time, group_type, status, base_price, equipment_price, total_price, equipment, payment_method, payment_status, notes, created_at, updated_at, cancelled_at, cancel_reason) VALUES ('bk-0278', 'H3-20260117-K8LH', 'usr-003', 'le-podium', '2026-01-29', '19:00', '20:00', 'solo', 'completed', 12, 0, 12, NULL, 'cash', 'paid', '', '2026-01-17 23:00:00', '2026-01-17 23:00:00', NULL, NULL);
INSERT INTO payments (id, booking_id, amount, method, status, refunded_amount, paid_at, created_at) VALUES ('pay-0278', 'bk-0278', 12, 'cash', 'paid', 0, '2026-01-29 23:00:00', '2026-01-17 23:00:00');
INSERT INTO bookings (id, booking_ref, user_id, studio_id, date, start_time, end_time, group_type, status, base_price, equipment_price, total_price, equipment, payment_method, payment_status, notes, created_at, updated_at, cancelled_at, cancel_reason) VALUES ('bk-0279', 'H3-20260121-EX9L', 'usr-032', 'la-scene', '2026-01-29', '10:00', '11:00', 'solo', 'completed', 12, 9, 21, '[{"id":"piano","quantity":2},{"id":"cymbal","quantity":1}]', 'card', 'paid', '', '2026-01-21 23:00:00', '2026-01-21 23:00:00', NULL, NULL);
INSERT INTO payments (id, booking_id, amount, method, status, refunded_amount, paid_at, created_at) VALUES ('pay-0279', 'bk-0279', 21, 'card', 'paid', 0, '2026-01-21 23:00:00', '2026-01-21 23:00:00');
INSERT INTO bookings (id, booking_ref, user_id, studio_id, date, start_time, end_time, group_type, status, base_price, equipment_price, total_price, equipment, payment_method, payment_status, notes, created_at, updated_at, cancelled_at, cancel_reason) VALUES ('bk-0280', 'H3-20260118-ITXR', 'usr-021', 'le-podium', '2026-01-29', '09:00', '10:00', 'duo', 'completed', 24, 0, 24, NULL, 'card', 'paid', '', '2026-01-18 23:00:00', '2026-01-18 23:00:00', NULL, NULL);
INSERT INTO payments (id, booking_id, amount, method, status, refunded_amount, paid_at, created_at) VALUES ('pay-0280', 'bk-0280', 24, 'card', 'paid', 0, '2026-01-18 23:00:00', '2026-01-18 23:00:00');
INSERT INTO bookings (id, booking_ref, user_id, studio_id, date, start_time, end_time, group_type, status, base_price, equipment_price, total_price, equipment, payment_method, payment_status, notes, created_at, updated_at, cancelled_at, cancel_reason) VALUES ('bk-0281', 'H3-20260128-3WGX', 'usr-022', 'le-podium', '2026-01-29', '22:30', '23:30', 'group', 'completed', 36, 0, 36, NULL, 'cash', 'paid', '', '2026-01-28 23:00:00', '2026-01-28 23:00:00', NULL, NULL);
INSERT INTO payments (id, booking_id, amount, method, status, refunded_amount, paid_at, created_at) VALUES ('pay-0281', 'bk-0281', 36, 'cash', 'paid', 0, '2026-01-29 23:00:00', '2026-01-28 23:00:00');
INSERT INTO bookings (id, booking_ref, user_id, studio_id, date, start_time, end_time, group_type, status, base_price, equipment_price, total_price, equipment, payment_method, payment_status, notes, created_at, updated_at, cancelled_at, cancel_reason) VALUES ('bk-0282', 'H3-20260115-IDWF', 'usr-034', 'le-podium', '2026-01-29', '12:00', '13:00', 'duo', 'cancelled', 24, 0, 24, NULL, 'card', 'paid', '', '2026-01-15 23:00:00', '2026-01-15 23:00:00', '2026-01-16 23:00:00', 'Autre groupe');
INSERT INTO payments (id, booking_id, amount, method, status, refunded_amount, paid_at, created_at) VALUES ('pay-0282', 'bk-0282', 24, 'card', 'paid', 0, '2026-01-15 23:00:00', '2026-01-15 23:00:00');
INSERT INTO bookings (id, booking_ref, user_id, studio_id, date, start_time, end_time, group_type, status, base_price, equipment_price, total_price, equipment, payment_method, payment_status, notes, created_at, updated_at, cancelled_at, cancel_reason) VALUES ('bk-0283', 'H3-20260118-KW0Q', 'usr-030', 'le-podium', '2026-01-30', '10:30', '12:00', 'solo', 'completed', 18, 0, 18, NULL, 'card', 'paid', '', '2026-01-18 23:00:00', '2026-01-18 23:00:00', NULL, NULL);
INSERT INTO payments (id, booking_id, amount, method, status, refunded_amount, paid_at, created_at) VALUES ('pay-0283', 'bk-0283', 18, 'card', 'paid', 0, '2026-01-18 23:00:00', '2026-01-18 23:00:00');
INSERT INTO bookings (id, booking_ref, user_id, studio_id, date, start_time, end_time, group_type, status, base_price, equipment_price, total_price, equipment, payment_method, payment_status, notes, created_at, updated_at, cancelled_at, cancel_reason) VALUES ('bk-0284', 'H3-20260125-1E1G', 'usr-025', 'la-scene', '2026-01-30', '18:00', '19:00', 'group', 'completed', 44, 0, 44, NULL, 'cash', 'paid', '', '2026-01-25 23:00:00', '2026-01-25 23:00:00', NULL, NULL);
INSERT INTO payments (id, booking_id, amount, method, status, refunded_amount, paid_at, created_at) VALUES ('pay-0284', 'bk-0284', 44, 'cash', 'paid', 0, '2026-01-30 23:00:00', '2026-01-25 23:00:00');
INSERT INTO bookings (id, booking_ref, user_id, studio_id, date, start_time, end_time, group_type, status, base_price, equipment_price, total_price, equipment, payment_method, payment_status, notes, created_at, updated_at, cancelled_at, cancel_reason) VALUES ('bk-0285', 'H3-20260117-7VX5', 'usr-046', 'le-podium', '2026-01-30', '22:00', '23:00', 'solo', 'completed', 12, 0, 12, NULL, 'card', 'paid', '', '2026-01-17 23:00:00', '2026-01-17 23:00:00', NULL, NULL);
INSERT INTO payments (id, booking_id, amount, method, status, refunded_amount, paid_at, created_at) VALUES ('pay-0285', 'bk-0285', 12, 'card', 'paid', 0, '2026-01-17 23:00:00', '2026-01-17 23:00:00');
INSERT INTO bookings (id, booking_ref, user_id, studio_id, date, start_time, end_time, group_type, status, base_price, equipment_price, total_price, equipment, payment_method, payment_status, notes, created_at, updated_at, cancelled_at, cancel_reason) VALUES ('bk-0286', 'H3-20260126-VMXZ', 'usr-031', 'le-podium', '2026-01-30', '17:30', '18:30', 'solo', 'completed', 12, 0, 12, NULL, 'cash', 'paid', '', '2026-01-26 23:00:00', '2026-01-26 23:00:00', NULL, NULL);
INSERT INTO payments (id, booking_id, amount, method, status, refunded_amount, paid_at, created_at) VALUES ('pay-0286', 'bk-0286', 12, 'cash', 'paid', 0, '2026-01-30 23:00:00', '2026-01-26 23:00:00');
INSERT INTO bookings (id, booking_ref, user_id, studio_id, date, start_time, end_time, group_type, status, base_price, equipment_price, total_price, equipment, payment_method, payment_status, notes, created_at, updated_at, cancelled_at, cancel_reason) VALUES ('bk-0287', 'H3-20260117-06VO', 'usr-025', 'la-scene', '2026-01-30', '10:30', '12:00', 'solo', 'completed', 18, 0, 18, NULL, 'card', 'paid', '', '2026-01-17 23:00:00', '2026-01-17 23:00:00', NULL, NULL);
INSERT INTO payments (id, booking_id, amount, method, status, refunded_amount, paid_at, created_at) VALUES ('pay-0287', 'bk-0287', 18, 'card', 'paid', 0, '2026-01-17 23:00:00', '2026-01-17 23:00:00');
INSERT INTO bookings (id, booking_ref, user_id, studio_id, date, start_time, end_time, group_type, status, base_price, equipment_price, total_price, equipment, payment_method, payment_status, notes, created_at, updated_at, cancelled_at, cancel_reason) VALUES ('bk-0288', 'H3-20260117-XFJ8', 'usr-027', 'la-scene', '2026-01-30', '15:00', '16:00', 'solo', 'completed', 12, 0, 12, NULL, 'card', 'paid', '', '2026-01-17 23:00:00', '2026-01-17 23:00:00', NULL, NULL);
INSERT INTO payments (id, booking_id, amount, method, status, refunded_amount, paid_at, created_at) VALUES ('pay-0288', 'bk-0288', 12, 'card', 'paid', 0, '2026-01-17 23:00:00', '2026-01-17 23:00:00');
INSERT INTO bookings (id, booking_ref, user_id, studio_id, date, start_time, end_time, group_type, status, base_price, equipment_price, total_price, equipment, payment_method, payment_status, notes, created_at, updated_at, cancelled_at, cancel_reason) VALUES ('bk-0289', 'H3-20260117-DT1Z', 'usr-028', 'la-scene', '2026-01-30', '19:00', '20:00', 'duo', 'completed', 24, 0, 24, NULL, 'cash', 'paid', '', '2026-01-17 23:00:00', '2026-01-17 23:00:00', NULL, NULL);
INSERT INTO payments (id, booking_id, amount, method, status, refunded_amount, paid_at, created_at) VALUES ('pay-0289', 'bk-0289', 24, 'cash', 'paid', 0, '2026-01-30 23:00:00', '2026-01-17 23:00:00');
INSERT INTO bookings (id, booking_ref, user_id, studio_id, date, start_time, end_time, group_type, status, base_price, equipment_price, total_price, equipment, payment_method, payment_status, notes, created_at, updated_at, cancelled_at, cancel_reason) VALUES ('bk-0290', 'H3-20260129-1MO0', 'usr-021', 'la-scene', '2026-01-30', '19:00', '20:30', 'duo', 'completed', 36, 8, 44, '[{"id":"mic","quantity":2},{"id":"cymbal","quantity":2}]', 'card', 'paid', '', '2026-01-29 23:00:00', '2026-01-29 23:00:00', NULL, NULL);
INSERT INTO payments (id, booking_id, amount, method, status, refunded_amount, paid_at, created_at) VALUES ('pay-0290', 'bk-0290', 44, 'card', 'paid', 0, '2026-01-29 23:00:00', '2026-01-29 23:00:00');
INSERT INTO bookings (id, booking_ref, user_id, studio_id, date, start_time, end_time, group_type, status, base_price, equipment_price, total_price, equipment, payment_method, payment_status, notes, created_at, updated_at, cancelled_at, cancel_reason) VALUES ('bk-0291', 'H3-20260117-2EG1', 'usr-032', 'le-podium', '2026-01-30', '10:00', '11:00', 'group', 'completed', 36, 0, 36, NULL, 'card', 'paid', '', '2026-01-17 23:00:00', '2026-01-17 23:00:00', NULL, NULL);
INSERT INTO payments (id, booking_id, amount, method, status, refunded_amount, paid_at, created_at) VALUES ('pay-0291', 'bk-0291', 36, 'card', 'paid', 0, '2026-01-17 23:00:00', '2026-01-17 23:00:00');
INSERT INTO bookings (id, booking_ref, user_id, studio_id, date, start_time, end_time, group_type, status, base_price, equipment_price, total_price, equipment, payment_method, payment_status, notes, created_at, updated_at, cancelled_at, cancel_reason) VALUES ('bk-0292', 'H3-20260120-97XN', 'usr-042', 'le-podium', '2026-01-30', '15:00', '16:00', 'group', 'completed', 36, 0, 36, NULL, 'cash', 'paid', '', '2026-01-20 23:00:00', '2026-01-20 23:00:00', NULL, NULL);
INSERT INTO payments (id, booking_id, amount, method, status, refunded_amount, paid_at, created_at) VALUES ('pay-0292', 'bk-0292', 36, 'cash', 'paid', 0, '2026-01-30 23:00:00', '2026-01-20 23:00:00');
INSERT INTO bookings (id, booking_ref, user_id, studio_id, date, start_time, end_time, group_type, status, base_price, equipment_price, total_price, equipment, payment_method, payment_status, notes, created_at, updated_at, cancelled_at, cancel_reason) VALUES ('bk-0293', 'H3-20260117-KADC', 'usr-009', 'le-podium', '2026-01-30', '20:00', '21:00', 'solo', 'completed', 12, 3, 15, '[{"id":"guitar","quantity":1}]', 'cash', 'paid', '', '2026-01-17 23:00:00', '2026-01-17 23:00:00', NULL, NULL);
INSERT INTO payments (id, booking_id, amount, method, status, refunded_amount, paid_at, created_at) VALUES ('pay-0293', 'bk-0293', 15, 'cash', 'paid', 0, '2026-01-30 23:00:00', '2026-01-17 23:00:00');
INSERT INTO bookings (id, booking_ref, user_id, studio_id, date, start_time, end_time, group_type, status, base_price, equipment_price, total_price, equipment, payment_method, payment_status, notes, created_at, updated_at, cancelled_at, cancel_reason) VALUES ('bk-0294', 'H3-20260123-8N2E', 'usr-029', 'le-podium', '2026-01-30', '10:00', '11:00', 'group', 'completed', 36, 3, 39, '[{"id":"cymbal","quantity":1}]', 'card', 'paid', '', '2026-01-23 23:00:00', '2026-01-23 23:00:00', NULL, NULL);
INSERT INTO payments (id, booking_id, amount, method, status, refunded_amount, paid_at, created_at) VALUES ('pay-0294', 'bk-0294', 39, 'card', 'paid', 0, '2026-01-23 23:00:00', '2026-01-23 23:00:00');
INSERT INTO bookings (id, booking_ref, user_id, studio_id, date, start_time, end_time, group_type, status, base_price, equipment_price, total_price, equipment, payment_method, payment_status, notes, created_at, updated_at, cancelled_at, cancel_reason) VALUES ('bk-0295', 'H3-20260117-HI5B', 'usr-008', 'la-scene', '2026-01-30', '15:30', '16:30', 'duo', 'cancelled', 24, 0, 24, NULL, 'card', 'paid', '', '2026-01-17 23:00:00', '2026-01-17 23:00:00', '2026-01-18 23:00:00', 'Changement de plans');
INSERT INTO payments (id, booking_id, amount, method, status, refunded_amount, paid_at, created_at) VALUES ('pay-0295', 'bk-0295', 24, 'card', 'paid', 0, '2026-01-17 23:00:00', '2026-01-17 23:00:00');
INSERT INTO bookings (id, booking_ref, user_id, studio_id, date, start_time, end_time, group_type, status, base_price, equipment_price, total_price, equipment, payment_method, payment_status, notes, created_at, updated_at, cancelled_at, cancel_reason) VALUES ('bk-0296', 'H3-20260124-7M58', 'usr-017', 'la-scene', '2026-01-30', '17:30', '19:00', 'solo', 'completed', 18, 0, 18, NULL, 'card', 'paid', '', '2026-01-24 23:00:00', '2026-01-24 23:00:00', NULL, NULL);
INSERT INTO payments (id, booking_id, amount, method, status, refunded_amount, paid_at, created_at) VALUES ('pay-0296', 'bk-0296', 18, 'card', 'paid', 0, '2026-01-24 23:00:00', '2026-01-24 23:00:00');
INSERT INTO bookings (id, booking_ref, user_id, studio_id, date, start_time, end_time, group_type, status, base_price, equipment_price, total_price, equipment, payment_method, payment_status, notes, created_at, updated_at, cancelled_at, cancel_reason) VALUES ('bk-0297', 'H3-20260126-4TO9', 'usr-043', 'la-scene', '2026-01-30', '09:00', '10:30', 'duo', 'completed', 36, 6, 42, '[{"id":"piano","quantity":2}]', 'cash', 'paid', '', '2026-01-26 23:00:00', '2026-01-26 23:00:00', NULL, NULL);
INSERT INTO payments (id, booking_id, amount, method, status, refunded_amount, paid_at, created_at) VALUES ('pay-0297', 'bk-0297', 42, 'cash', 'paid', 0, '2026-01-30 23:00:00', '2026-01-26 23:00:00');
INSERT INTO bookings (id, booking_ref, user_id, studio_id, date, start_time, end_time, group_type, status, base_price, equipment_price, total_price, equipment, payment_method, payment_status, notes, created_at, updated_at, cancelled_at, cancel_reason) VALUES ('bk-0298', 'H3-20260121-PN9X', 'usr-017', 'le-podium', '2026-01-30', '14:30', '15:30', 'solo', 'completed', 12, 3, 15, '[{"id":"mic","quantity":1}]', 'card', 'paid', '', '2026-01-21 23:00:00', '2026-01-21 23:00:00', NULL, NULL);
INSERT INTO payments (id, booking_id, amount, method, status, refunded_amount, paid_at, created_at) VALUES ('pay-0298', 'bk-0298', 15, 'card', 'paid', 0, '2026-01-21 23:00:00', '2026-01-21 23:00:00');
INSERT INTO bookings (id, booking_ref, user_id, studio_id, date, start_time, end_time, group_type, status, base_price, equipment_price, total_price, equipment, payment_method, payment_status, notes, created_at, updated_at, cancelled_at, cancel_reason) VALUES ('bk-0299', 'H3-20260121-LG2J', 'usr-014', 'le-podium', '2026-01-31', '20:30', '21:30', 'duo', 'completed', 24, 0, 24, NULL, 'cash', 'paid', '', '2026-01-21 23:00:00', '2026-01-21 23:00:00', NULL, NULL);
INSERT INTO payments (id, booking_id, amount, method, status, refunded_amount, paid_at, created_at) VALUES ('pay-0299', 'bk-0299', 24, 'cash', 'paid', 0, '2026-01-31 23:00:00', '2026-01-21 23:00:00');
INSERT INTO bookings (id, booking_ref, user_id, studio_id, date, start_time, end_time, group_type, status, base_price, equipment_price, total_price, equipment, payment_method, payment_status, notes, created_at, updated_at, cancelled_at, cancel_reason) VALUES ('bk-0300', 'H3-20260127-41EL', 'usr-020', 'le-podium', '2026-01-31', '20:00', '21:00', 'duo', 'completed', 24, 0, 24, NULL, 'cash', 'paid', '', '2026-01-27 23:00:00', '2026-01-27 23:00:00', NULL, NULL);
INSERT INTO payments (id, booking_id, amount, method, status, refunded_amount, paid_at, created_at) VALUES ('pay-0300', 'bk-0300', 24, 'cash', 'paid', 0, '2026-01-31 23:00:00', '2026-01-27 23:00:00');
INSERT INTO bookings (id, booking_ref, user_id, studio_id, date, start_time, end_time, group_type, status, base_price, equipment_price, total_price, equipment, payment_method, payment_status, notes, created_at, updated_at, cancelled_at, cancel_reason) VALUES ('bk-0301', 'H3-20260121-RRYM', 'usr-039', 'le-podium', '2026-01-31', '13:30', '14:30', 'group', 'completed', 36, 0, 36, NULL, 'cash', 'paid', '', '2026-01-21 23:00:00', '2026-01-21 23:00:00', NULL, NULL);
INSERT INTO payments (id, booking_id, amount, method, status, refunded_amount, paid_at, created_at) VALUES ('pay-0301', 'bk-0301', 36, 'cash', 'paid', 0, '2026-01-31 23:00:00', '2026-01-21 23:00:00');
INSERT INTO bookings (id, booking_ref, user_id, studio_id, date, start_time, end_time, group_type, status, base_price, equipment_price, total_price, equipment, payment_method, payment_status, notes, created_at, updated_at, cancelled_at, cancel_reason) VALUES ('bk-0302', 'H3-20260129-CQP1', 'usr-006', 'la-scene', '2026-01-31', '18:00', '19:00', 'group', 'completed', 44, 0, 44, NULL, 'cash', 'paid', '', '2026-01-29 23:00:00', '2026-01-29 23:00:00', NULL, NULL);
INSERT INTO payments (id, booking_id, amount, method, status, refunded_amount, paid_at, created_at) VALUES ('pay-0302', 'bk-0302', 44, 'cash', 'paid', 0, '2026-01-31 23:00:00', '2026-01-29 23:00:00');
INSERT INTO bookings (id, booking_ref, user_id, studio_id, date, start_time, end_time, group_type, status, base_price, equipment_price, total_price, equipment, payment_method, payment_status, notes, created_at, updated_at, cancelled_at, cancel_reason) VALUES ('bk-0303', 'H3-20260126-9C3H', 'usr-043', 'la-scene', '2026-01-31', '10:00', '11:00', 'duo', 'completed', 24, 5, 29, '[{"id":"mic","quantity":2}]', 'card', 'paid', '', '2026-01-26 23:00:00', '2026-01-26 23:00:00', NULL, NULL);
INSERT INTO payments (id, booking_id, amount, method, status, refunded_amount, paid_at, created_at) VALUES ('pay-0303', 'bk-0303', 29, 'card', 'paid', 0, '2026-01-26 23:00:00', '2026-01-26 23:00:00');
INSERT INTO bookings (id, booking_ref, user_id, studio_id, date, start_time, end_time, group_type, status, base_price, equipment_price, total_price, equipment, payment_method, payment_status, notes, created_at, updated_at, cancelled_at, cancel_reason) VALUES ('bk-0304', 'H3-20260129-2MDD', 'usr-031', 'le-podium', '2026-01-31', '15:30', '17:00', 'duo', 'completed', 36, 9, 45, '[{"id":"guitar","quantity":2},{"id":"piano","quantity":1}]', 'card', 'paid', '', '2026-01-29 23:00:00', '2026-01-29 23:00:00', NULL, NULL);
INSERT INTO payments (id, booking_id, amount, method, status, refunded_amount, paid_at, created_at) VALUES ('pay-0304', 'bk-0304', 45, 'card', 'paid', 0, '2026-01-29 23:00:00', '2026-01-29 23:00:00');
INSERT INTO bookings (id, booking_ref, user_id, studio_id, date, start_time, end_time, group_type, status, base_price, equipment_price, total_price, equipment, payment_method, payment_status, notes, created_at, updated_at, cancelled_at, cancel_reason) VALUES ('bk-0305', 'H3-20260119-RO3O', 'usr-015', 'le-podium', '2026-01-31', '13:00', '14:30', 'solo', 'completed', 18, 0, 18, NULL, 'card', 'paid', '', '2026-01-19 23:00:00', '2026-01-19 23:00:00', NULL, NULL);
INSERT INTO payments (id, booking_id, amount, method, status, refunded_amount, paid_at, created_at) VALUES ('pay-0305', 'bk-0305', 18, 'card', 'paid', 0, '2026-01-19 23:00:00', '2026-01-19 23:00:00');
INSERT INTO bookings (id, booking_ref, user_id, studio_id, date, start_time, end_time, group_type, status, base_price, equipment_price, total_price, equipment, payment_method, payment_status, notes, created_at, updated_at, cancelled_at, cancel_reason) VALUES ('bk-0306', 'H3-20260129-58Z6', 'usr-027', 'la-scene', '2026-01-31', '13:30', '15:00', 'group', 'completed', 66, 0, 66, NULL, 'cash', 'paid', '', '2026-01-29 23:00:00', '2026-01-29 23:00:00', NULL, NULL);
INSERT INTO payments (id, booking_id, amount, method, status, refunded_amount, paid_at, created_at) VALUES ('pay-0306', 'bk-0306', 66, 'cash', 'paid', 0, '2026-01-31 23:00:00', '2026-01-29 23:00:00');
INSERT INTO bookings (id, booking_ref, user_id, studio_id, date, start_time, end_time, group_type, status, base_price, equipment_price, total_price, equipment, payment_method, payment_status, notes, created_at, updated_at, cancelled_at, cancel_reason) VALUES ('bk-0307', 'H3-20260129-9TPL', 'usr-027', 'le-podium', '2026-01-31', '21:00', '22:30', 'group', 'completed', 54, 0, 54, NULL, 'cash', 'paid', '', '2026-01-29 23:00:00', '2026-01-29 23:00:00', NULL, NULL);
INSERT INTO payments (id, booking_id, amount, method, status, refunded_amount, paid_at, created_at) VALUES ('pay-0307', 'bk-0307', 54, 'cash', 'paid', 0, '2026-01-31 23:00:00', '2026-01-29 23:00:00');
INSERT INTO bookings (id, booking_ref, user_id, studio_id, date, start_time, end_time, group_type, status, base_price, equipment_price, total_price, equipment, payment_method, payment_status, notes, created_at, updated_at, cancelled_at, cancel_reason) VALUES ('bk-0308', 'H3-20260122-JR7C', 'usr-027', 'la-scene', '2026-01-31', '15:00', '16:00', 'group', 'completed', 44, 3, 47, '[{"id":"piano","quantity":1}]', 'card', 'paid', '', '2026-01-22 23:00:00', '2026-01-22 23:00:00', NULL, NULL);
INSERT INTO payments (id, booking_id, amount, method, status, refunded_amount, paid_at, created_at) VALUES ('pay-0308', 'bk-0308', 47, 'card', 'paid', 0, '2026-01-22 23:00:00', '2026-01-22 23:00:00');
INSERT INTO bookings (id, booking_ref, user_id, studio_id, date, start_time, end_time, group_type, status, base_price, equipment_price, total_price, equipment, payment_method, payment_status, notes, created_at, updated_at, cancelled_at, cancel_reason) VALUES ('bk-0309', 'H3-20260123-JTII', 'usr-025', 'le-podium', '2026-01-31', '22:00', '23:00', 'duo', 'cancelled', 24, 0, 24, NULL, 'cash', 'pending', '', '2026-01-23 23:00:00', '2026-01-23 23:00:00', '2026-01-26 23:00:00', 'Empêchement');
INSERT INTO payments (id, booking_id, amount, method, status, refunded_amount, paid_at, created_at) VALUES ('pay-0309', 'bk-0309', 24, 'cash', 'pending', 0, NULL, '2026-01-23 23:00:00');
INSERT INTO bookings (id, booking_ref, user_id, studio_id, date, start_time, end_time, group_type, status, base_price, equipment_price, total_price, equipment, payment_method, payment_status, notes, created_at, updated_at, cancelled_at, cancel_reason) VALUES ('bk-0310', 'H3-20260126-E5A4', 'usr-016', 'la-scene', '2026-01-31', '21:30', '22:30', 'duo', 'completed', 24, 0, 24, NULL, 'card', 'paid', '', '2026-01-26 23:00:00', '2026-01-26 23:00:00', NULL, NULL);
INSERT INTO payments (id, booking_id, amount, method, status, refunded_amount, paid_at, created_at) VALUES ('pay-0310', 'bk-0310', 24, 'card', 'paid', 0, '2026-01-26 23:00:00', '2026-01-26 23:00:00');
INSERT INTO bookings (id, booking_ref, user_id, studio_id, date, start_time, end_time, group_type, status, base_price, equipment_price, total_price, equipment, payment_method, payment_status, notes, created_at, updated_at, cancelled_at, cancel_reason) VALUES ('bk-0311', 'H3-20260126-W8I0', 'usr-030', 'la-scene', '2026-01-31', '10:30', '11:30', 'solo', 'completed', 12, 0, 12, NULL, 'card', 'paid', '', '2026-01-26 23:00:00', '2026-01-26 23:00:00', NULL, NULL);
INSERT INTO payments (id, booking_id, amount, method, status, refunded_amount, paid_at, created_at) VALUES ('pay-0311', 'bk-0311', 12, 'card', 'paid', 0, '2026-01-26 23:00:00', '2026-01-26 23:00:00');
INSERT INTO bookings (id, booking_ref, user_id, studio_id, date, start_time, end_time, group_type, status, base_price, equipment_price, total_price, equipment, payment_method, payment_status, notes, created_at, updated_at, cancelled_at, cancel_reason) VALUES ('bk-0312', 'H3-20260125-IZL8', 'usr-008', 'la-scene', '2026-01-31', '20:30', '21:30', 'group', 'no-show', 44, 0, 44, NULL, 'cash', 'pending', '', '2026-01-25 23:00:00', '2026-01-25 23:00:00', NULL, NULL);
INSERT INTO payments (id, booking_id, amount, method, status, refunded_amount, paid_at, created_at) VALUES ('pay-0312', 'bk-0312', 44, 'cash', 'pending', 0, NULL, '2026-01-25 23:00:00');
INSERT INTO bookings (id, booking_ref, user_id, studio_id, date, start_time, end_time, group_type, status, base_price, equipment_price, total_price, equipment, payment_method, payment_status, notes, created_at, updated_at, cancelled_at, cancel_reason) VALUES ('bk-0313', 'H3-20260129-D052', 'usr-035', 'le-podium', '2026-01-31', '12:00', '13:30', 'solo', 'completed', 18, 0, 18, NULL, 'card', 'paid', '', '2026-01-29 23:00:00', '2026-01-29 23:00:00', NULL, NULL);
INSERT INTO payments (id, booking_id, amount, method, status, refunded_amount, paid_at, created_at) VALUES ('pay-0313', 'bk-0313', 18, 'card', 'paid', 0, '2026-01-29 23:00:00', '2026-01-29 23:00:00');
INSERT INTO bookings (id, booking_ref, user_id, studio_id, date, start_time, end_time, group_type, status, base_price, equipment_price, total_price, equipment, payment_method, payment_status, notes, created_at, updated_at, cancelled_at, cancel_reason) VALUES ('bk-0314', 'H3-20260124-CR3K', 'usr-009', 'la-scene', '2026-01-31', '09:00', '10:00', 'group', 'cancelled', 44, 0, 44, NULL, 'cash', 'pending', '', '2026-01-24 23:00:00', '2026-01-24 23:00:00', '2026-01-27 23:00:00', 'Autre groupe');
INSERT INTO payments (id, booking_id, amount, method, status, refunded_amount, paid_at, created_at) VALUES ('pay-0314', 'bk-0314', 44, 'cash', 'pending', 0, NULL, '2026-01-24 23:00:00');
INSERT INTO bookings (id, booking_ref, user_id, studio_id, date, start_time, end_time, group_type, status, base_price, equipment_price, total_price, equipment, payment_method, payment_status, notes, created_at, updated_at, cancelled_at, cancel_reason) VALUES ('bk-0315', 'H3-20260128-H0E8', 'usr-016', 'la-scene', '2026-01-31', '18:00', '19:30', 'group', 'completed', 66, 0, 66, NULL, 'cash', 'paid', '', '2026-01-28 23:00:00', '2026-01-28 23:00:00', NULL, NULL);
INSERT INTO payments (id, booking_id, amount, method, status, refunded_amount, paid_at, created_at) VALUES ('pay-0315', 'bk-0315', 66, 'cash', 'paid', 0, '2026-01-31 23:00:00', '2026-01-28 23:00:00');
INSERT INTO bookings (id, booking_ref, user_id, studio_id, date, start_time, end_time, group_type, status, base_price, equipment_price, total_price, equipment, payment_method, payment_status, notes, created_at, updated_at, cancelled_at, cancel_reason) VALUES ('bk-0316', 'H3-20260120-L8M2', 'usr-038', 'le-podium', '2026-01-31', '11:00', '12:30', 'group', 'completed', 54, 11, 65, '[{"id":"guitar","quantity":2},{"id":"mic","quantity":2}]', 'cash', 'paid', '', '2026-01-20 23:00:00', '2026-01-20 23:00:00', NULL, NULL);
INSERT INTO payments (id, booking_id, amount, method, status, refunded_amount, paid_at, created_at) VALUES ('pay-0316', 'bk-0316', 65, 'cash', 'paid', 0, '2026-01-31 23:00:00', '2026-01-20 23:00:00');
INSERT INTO bookings (id, booking_ref, user_id, studio_id, date, start_time, end_time, group_type, status, base_price, equipment_price, total_price, equipment, payment_method, payment_status, notes, created_at, updated_at, cancelled_at, cancel_reason) VALUES ('bk-0317', 'H3-20260120-QPXP', 'usr-013', 'le-podium', '2026-01-31', '09:30', '11:00', 'solo', 'completed', 18, 0, 18, NULL, 'card', 'paid', '', '2026-01-20 23:00:00', '2026-01-20 23:00:00', NULL, NULL);
INSERT INTO payments (id, booking_id, amount, method, status, refunded_amount, paid_at, created_at) VALUES ('pay-0317', 'bk-0317', 18, 'card', 'paid', 0, '2026-01-20 23:00:00', '2026-01-20 23:00:00');
INSERT INTO bookings (id, booking_ref, user_id, studio_id, date, start_time, end_time, group_type, status, base_price, equipment_price, total_price, equipment, payment_method, payment_status, notes, created_at, updated_at, cancelled_at, cancel_reason) VALUES ('bk-0318', 'H3-20260118-LBI0', 'usr-023', 'le-podium', '2026-01-31', '11:00', '12:00', 'duo', 'completed', 24, 3, 27, '[{"id":"piano","quantity":1}]', 'cash', 'paid', '', '2026-01-18 23:00:00', '2026-01-18 23:00:00', NULL, NULL);
INSERT INTO payments (id, booking_id, amount, method, status, refunded_amount, paid_at, created_at) VALUES ('pay-0318', 'bk-0318', 27, 'cash', 'paid', 0, '2026-01-31 23:00:00', '2026-01-18 23:00:00');
INSERT INTO bookings (id, booking_ref, user_id, studio_id, date, start_time, end_time, group_type, status, base_price, equipment_price, total_price, equipment, payment_method, payment_status, notes, created_at, updated_at, cancelled_at, cancel_reason) VALUES ('bk-0319', 'H3-20260122-0JK8', 'usr-022', 'le-podium', '2026-01-31', '16:00', '17:00', 'duo', 'completed', 24, 0, 24, NULL, 'card', 'paid', '', '2026-01-22 23:00:00', '2026-01-22 23:00:00', NULL, NULL);
INSERT INTO payments (id, booking_id, amount, method, status, refunded_amount, paid_at, created_at) VALUES ('pay-0319', 'bk-0319', 24, 'card', 'paid', 0, '2026-01-22 23:00:00', '2026-01-22 23:00:00');
INSERT INTO bookings (id, booking_ref, user_id, studio_id, date, start_time, end_time, group_type, status, base_price, equipment_price, total_price, equipment, payment_method, payment_status, notes, created_at, updated_at, cancelled_at, cancel_reason) VALUES ('bk-0320', 'H3-20260128-3YIK', 'usr-049', 'la-scene', '2026-01-31', '09:00', '10:00', 'group', 'completed', 44, 0, 44, NULL, 'cash', 'paid', '', '2026-01-28 23:00:00', '2026-01-28 23:00:00', NULL, NULL);
INSERT INTO payments (id, booking_id, amount, method, status, refunded_amount, paid_at, created_at) VALUES ('pay-0320', 'bk-0320', 44, 'cash', 'paid', 0, '2026-01-31 23:00:00', '2026-01-28 23:00:00');
INSERT INTO bookings (id, booking_ref, user_id, studio_id, date, start_time, end_time, group_type, status, base_price, equipment_price, total_price, equipment, payment_method, payment_status, notes, created_at, updated_at, cancelled_at, cancel_reason) VALUES ('bk-0321', 'H3-20260121-HOFQ', 'usr-013', 'le-podium', '2026-01-31', '11:30', '12:30', 'solo', 'completed', 12, 0, 12, NULL, 'card', 'paid', '', '2026-01-21 23:00:00', '2026-01-21 23:00:00', NULL, NULL);
INSERT INTO payments (id, booking_id, amount, method, status, refunded_amount, paid_at, created_at) VALUES ('pay-0321', 'bk-0321', 12, 'card', 'paid', 0, '2026-01-21 23:00:00', '2026-01-21 23:00:00');
INSERT INTO bookings (id, booking_ref, user_id, studio_id, date, start_time, end_time, group_type, status, base_price, equipment_price, total_price, equipment, payment_method, payment_status, notes, created_at, updated_at, cancelled_at, cancel_reason) VALUES ('bk-0322', 'H3-20260123-0RYM', 'usr-026', 'le-podium', '2026-02-01', '09:30', '11:00', 'group', 'completed', 45, 0, 45, NULL, 'card', 'paid', '', '2026-01-23 23:00:00', '2026-01-23 23:00:00', NULL, NULL);
INSERT INTO payments (id, booking_id, amount, method, status, refunded_amount, paid_at, created_at) VALUES ('pay-0322', 'bk-0322', 45, 'card', 'paid', 0, '2026-01-23 23:00:00', '2026-01-23 23:00:00');
INSERT INTO bookings (id, booking_ref, user_id, studio_id, date, start_time, end_time, group_type, status, base_price, equipment_price, total_price, equipment, payment_method, payment_status, notes, created_at, updated_at, cancelled_at, cancel_reason) VALUES ('bk-0323', 'H3-20260122-4VYT', 'usr-034', 'la-scene', '2026-02-01', '12:00', '13:00', 'duo', 'no-show', 24, 0, 24, NULL, 'cash', 'pending', '', '2026-01-22 23:00:00', '2026-01-22 23:00:00', NULL, NULL);
INSERT INTO payments (id, booking_id, amount, method, status, refunded_amount, paid_at, created_at) VALUES ('pay-0323', 'bk-0323', 24, 'cash', 'pending', 0, NULL, '2026-01-22 23:00:00');
INSERT INTO bookings (id, booking_ref, user_id, studio_id, date, start_time, end_time, group_type, status, base_price, equipment_price, total_price, equipment, payment_method, payment_status, notes, created_at, updated_at, cancelled_at, cancel_reason) VALUES ('bk-0324', 'H3-20260124-EVSU', 'usr-013', 'le-podium', '2026-02-01', '18:00', '19:30', 'group', 'completed', 54, 0, 54, NULL, 'card', 'paid', '', '2026-01-24 23:00:00', '2026-01-24 23:00:00', NULL, NULL);
INSERT INTO payments (id, booking_id, amount, method, status, refunded_amount, paid_at, created_at) VALUES ('pay-0324', 'bk-0324', 54, 'card', 'paid', 0, '2026-01-24 23:00:00', '2026-01-24 23:00:00');
INSERT INTO bookings (id, booking_ref, user_id, studio_id, date, start_time, end_time, group_type, status, base_price, equipment_price, total_price, equipment, payment_method, payment_status, notes, created_at, updated_at, cancelled_at, cancel_reason) VALUES ('bk-0325', 'H3-20260124-4LR8', 'usr-003', 'le-podium', '2026-02-01', '10:30', '12:00', 'group', 'completed', 45, 0, 45, NULL, 'card', 'paid', '', '2026-01-24 23:00:00', '2026-01-24 23:00:00', NULL, NULL);
INSERT INTO payments (id, booking_id, amount, method, status, refunded_amount, paid_at, created_at) VALUES ('pay-0325', 'bk-0325', 45, 'card', 'paid', 0, '2026-01-24 23:00:00', '2026-01-24 23:00:00');
INSERT INTO bookings (id, booking_ref, user_id, studio_id, date, start_time, end_time, group_type, status, base_price, equipment_price, total_price, equipment, payment_method, payment_status, notes, created_at, updated_at, cancelled_at, cancel_reason) VALUES ('bk-0326', 'H3-20260121-D6WZ', 'usr-044', 'la-scene', '2026-02-01', '09:30', '10:30', 'group', 'completed', 36, 0, 36, NULL, 'card', 'paid', '', '2026-01-21 23:00:00', '2026-01-21 23:00:00', NULL, NULL);
INSERT INTO payments (id, booking_id, amount, method, status, refunded_amount, paid_at, created_at) VALUES ('pay-0326', 'bk-0326', 36, 'card', 'paid', 0, '2026-01-21 23:00:00', '2026-01-21 23:00:00');
INSERT INTO bookings (id, booking_ref, user_id, studio_id, date, start_time, end_time, group_type, status, base_price, equipment_price, total_price, equipment, payment_method, payment_status, notes, created_at, updated_at, cancelled_at, cancel_reason) VALUES ('bk-0327', 'H3-20260124-CSLN', 'usr-031', 'la-scene', '2026-02-01', '17:00', '18:00', 'duo', 'no-show', 24, 0, 24, NULL, 'card', 'paid', '', '2026-01-24 23:00:00', '2026-01-24 23:00:00', NULL, NULL);
INSERT INTO payments (id, booking_id, amount, method, status, refunded_amount, paid_at, created_at) VALUES ('pay-0327', 'bk-0327', 24, 'card', 'paid', 0, '2026-01-24 23:00:00', '2026-01-24 23:00:00');
INSERT INTO bookings (id, booking_ref, user_id, studio_id, date, start_time, end_time, group_type, status, base_price, equipment_price, total_price, equipment, payment_method, payment_status, notes, created_at, updated_at, cancelled_at, cancel_reason) VALUES ('bk-0328', 'H3-20260122-YKRL', 'usr-017', 'la-scene', '2026-02-01', '13:00', '14:30', 'solo', 'completed', 18, 0, 18, NULL, 'card', 'paid', '', '2026-01-22 23:00:00', '2026-01-22 23:00:00', NULL, NULL);
INSERT INTO payments (id, booking_id, amount, method, status, refunded_amount, paid_at, created_at) VALUES ('pay-0328', 'bk-0328', 18, 'card', 'paid', 0, '2026-01-22 23:00:00', '2026-01-22 23:00:00');
INSERT INTO bookings (id, booking_ref, user_id, studio_id, date, start_time, end_time, group_type, status, base_price, equipment_price, total_price, equipment, payment_method, payment_status, notes, created_at, updated_at, cancelled_at, cancel_reason) VALUES ('bk-0329', 'H3-20260129-MECT', 'usr-028', 'le-podium', '2026-02-01', '17:30', '18:30', 'group', 'completed', 33, 0, 33, NULL, 'card', 'paid', '', '2026-01-29 23:00:00', '2026-01-29 23:00:00', NULL, NULL);
INSERT INTO payments (id, booking_id, amount, method, status, refunded_amount, paid_at, created_at) VALUES ('pay-0329', 'bk-0329', 33, 'card', 'paid', 0, '2026-01-29 23:00:00', '2026-01-29 23:00:00');
INSERT INTO bookings (id, booking_ref, user_id, studio_id, date, start_time, end_time, group_type, status, base_price, equipment_price, total_price, equipment, payment_method, payment_status, notes, created_at, updated_at, cancelled_at, cancel_reason) VALUES ('bk-0330', 'H3-20260122-WD51', 'usr-029', 'le-podium', '2026-02-01', '22:30', '23:30', 'group', 'completed', 36, 6, 42, '[{"id":"piano","quantity":2}]', 'card', 'paid', '', '2026-01-22 23:00:00', '2026-01-22 23:00:00', NULL, NULL);
INSERT INTO payments (id, booking_id, amount, method, status, refunded_amount, paid_at, created_at) VALUES ('pay-0330', 'bk-0330', 42, 'card', 'paid', 0, '2026-01-22 23:00:00', '2026-01-22 23:00:00');
INSERT INTO bookings (id, booking_ref, user_id, studio_id, date, start_time, end_time, group_type, status, base_price, equipment_price, total_price, equipment, payment_method, payment_status, notes, created_at, updated_at, cancelled_at, cancel_reason) VALUES ('bk-0331', 'H3-20260120-49FP', 'usr-032', 'le-podium', '2026-02-01', '09:00', '10:30', 'duo', 'completed', 36, 6, 42, '[{"id":"guitar","quantity":2}]', 'card', 'paid', '', '2026-01-20 23:00:00', '2026-01-20 23:00:00', NULL, NULL);
INSERT INTO payments (id, booking_id, amount, method, status, refunded_amount, paid_at, created_at) VALUES ('pay-0331', 'bk-0331', 42, 'card', 'paid', 0, '2026-01-20 23:00:00', '2026-01-20 23:00:00');
INSERT INTO bookings (id, booking_ref, user_id, studio_id, date, start_time, end_time, group_type, status, base_price, equipment_price, total_price, equipment, payment_method, payment_status, notes, created_at, updated_at, cancelled_at, cancel_reason) VALUES ('bk-0332', 'H3-20260125-EWGF', 'usr-046', 'la-scene', '2026-02-01', '09:00', '10:00', 'solo', 'completed', 12, 0, 12, NULL, 'card', 'paid', '', '2026-01-25 23:00:00', '2026-01-25 23:00:00', NULL, NULL);
INSERT INTO payments (id, booking_id, amount, method, status, refunded_amount, paid_at, created_at) VALUES ('pay-0332', 'bk-0332', 12, 'card', 'paid', 0, '2026-01-25 23:00:00', '2026-01-25 23:00:00');
INSERT INTO bookings (id, booking_ref, user_id, studio_id, date, start_time, end_time, group_type, status, base_price, equipment_price, total_price, equipment, payment_method, payment_status, notes, created_at, updated_at, cancelled_at, cancel_reason) VALUES ('bk-0333', 'H3-20260122-BM9G', 'usr-042', 'le-podium', '2026-02-01', '12:30', '13:30', 'solo', 'completed', 12, 0, 12, NULL, 'card', 'paid', '', '2026-01-22 23:00:00', '2026-01-22 23:00:00', NULL, NULL);
INSERT INTO payments (id, booking_id, amount, method, status, refunded_amount, paid_at, created_at) VALUES ('pay-0333', 'bk-0333', 12, 'card', 'paid', 0, '2026-01-22 23:00:00', '2026-01-22 23:00:00');
INSERT INTO bookings (id, booking_ref, user_id, studio_id, date, start_time, end_time, group_type, status, base_price, equipment_price, total_price, equipment, payment_method, payment_status, notes, created_at, updated_at, cancelled_at, cancel_reason) VALUES ('bk-0334', 'H3-20260118-B081', 'usr-021', 'la-scene', '2026-02-01', '14:00', '15:00', 'solo', 'completed', 12, 0, 12, NULL, 'card', 'paid', '', '2026-01-18 23:00:00', '2026-01-18 23:00:00', NULL, NULL);
INSERT INTO payments (id, booking_id, amount, method, status, refunded_amount, paid_at, created_at) VALUES ('pay-0334', 'bk-0334', 12, 'card', 'paid', 0, '2026-01-18 23:00:00', '2026-01-18 23:00:00');
INSERT INTO bookings (id, booking_ref, user_id, studio_id, date, start_time, end_time, group_type, status, base_price, equipment_price, total_price, equipment, payment_method, payment_status, notes, created_at, updated_at, cancelled_at, cancel_reason) VALUES ('bk-0335', 'H3-20260126-QTMZ', 'usr-007', 'le-podium', '2026-02-02', '09:00', '10:30', 'group', 'completed', 45, 3, 48, '[{"id":"piano","quantity":1}]', 'cash', 'paid', '', '2026-01-26 23:00:00', '2026-01-26 23:00:00', NULL, NULL);
INSERT INTO payments (id, booking_id, amount, method, status, refunded_amount, paid_at, created_at) VALUES ('pay-0335', 'bk-0335', 48, 'cash', 'paid', 0, '2026-02-02 23:00:00', '2026-01-26 23:00:00');
INSERT INTO bookings (id, booking_ref, user_id, studio_id, date, start_time, end_time, group_type, status, base_price, equipment_price, total_price, equipment, payment_method, payment_status, notes, created_at, updated_at, cancelled_at, cancel_reason) VALUES ('bk-0336', 'H3-20260121-Y2AJ', 'usr-027', 'le-podium', '2026-02-02', '19:00', '20:00', 'group', 'completed', 36, 0, 36, NULL, 'card', 'paid', '', '2026-01-21 23:00:00', '2026-01-21 23:00:00', NULL, NULL);
INSERT INTO payments (id, booking_id, amount, method, status, refunded_amount, paid_at, created_at) VALUES ('pay-0336', 'bk-0336', 36, 'card', 'paid', 0, '2026-01-21 23:00:00', '2026-01-21 23:00:00');
INSERT INTO bookings (id, booking_ref, user_id, studio_id, date, start_time, end_time, group_type, status, base_price, equipment_price, total_price, equipment, payment_method, payment_status, notes, created_at, updated_at, cancelled_at, cancel_reason) VALUES ('bk-0337', 'H3-20260131-P66K', 'usr-017', 'la-scene', '2026-02-02', '20:00', '21:00', 'solo', 'completed', 12, 0, 12, NULL, 'card', 'paid', '', '2026-01-31 23:00:00', '2026-01-31 23:00:00', NULL, NULL);
INSERT INTO payments (id, booking_id, amount, method, status, refunded_amount, paid_at, created_at) VALUES ('pay-0337', 'bk-0337', 12, 'card', 'paid', 0, '2026-01-31 23:00:00', '2026-01-31 23:00:00');
INSERT INTO bookings (id, booking_ref, user_id, studio_id, date, start_time, end_time, group_type, status, base_price, equipment_price, total_price, equipment, payment_method, payment_status, notes, created_at, updated_at, cancelled_at, cancel_reason) VALUES ('bk-0338', 'H3-20260124-UDFG', 'usr-005', 'le-podium', '2026-02-02', '22:00', '23:00', 'solo', 'completed', 12, 0, 12, NULL, 'card', 'paid', '', '2026-01-24 23:00:00', '2026-01-24 23:00:00', NULL, NULL);
INSERT INTO payments (id, booking_id, amount, method, status, refunded_amount, paid_at, created_at) VALUES ('pay-0338', 'bk-0338', 12, 'card', 'paid', 0, '2026-01-24 23:00:00', '2026-01-24 23:00:00');
INSERT INTO bookings (id, booking_ref, user_id, studio_id, date, start_time, end_time, group_type, status, base_price, equipment_price, total_price, equipment, payment_method, payment_status, notes, created_at, updated_at, cancelled_at, cancel_reason) VALUES ('bk-0339', 'H3-20260121-KWN7', 'usr-033', 'le-podium', '2026-02-02', '19:30', '20:30', 'duo', 'no-show', 24, 0, 24, NULL, 'card', 'paid', '', '2026-01-21 23:00:00', '2026-01-21 23:00:00', NULL, NULL);
INSERT INTO payments (id, booking_id, amount, method, status, refunded_amount, paid_at, created_at) VALUES ('pay-0339', 'bk-0339', 24, 'card', 'paid', 0, '2026-01-21 23:00:00', '2026-01-21 23:00:00');
INSERT INTO bookings (id, booking_ref, user_id, studio_id, date, start_time, end_time, group_type, status, base_price, equipment_price, total_price, equipment, payment_method, payment_status, notes, created_at, updated_at, cancelled_at, cancel_reason) VALUES ('bk-0340', 'H3-20260120-3DSR', 'usr-032', 'le-podium', '2026-02-02', '10:00', '11:30', 'solo', 'completed', 18, 0, 18, NULL, 'cash', 'paid', '', '2026-01-20 23:00:00', '2026-01-20 23:00:00', NULL, NULL);
INSERT INTO payments (id, booking_id, amount, method, status, refunded_amount, paid_at, created_at) VALUES ('pay-0340', 'bk-0340', 18, 'cash', 'paid', 0, '2026-02-02 23:00:00', '2026-01-20 23:00:00');
INSERT INTO bookings (id, booking_ref, user_id, studio_id, date, start_time, end_time, group_type, status, base_price, equipment_price, total_price, equipment, payment_method, payment_status, notes, created_at, updated_at, cancelled_at, cancel_reason) VALUES ('bk-0341', 'H3-20260128-Z61C', 'usr-003', 'le-podium', '2026-02-02', '12:00', '13:00', 'group', 'cancelled', 30, 0, 30, NULL, 'cash', 'pending', '', '2026-01-28 23:00:00', '2026-01-28 23:00:00', '2026-01-30 23:00:00', 'Changement de plans');
INSERT INTO payments (id, booking_id, amount, method, status, refunded_amount, paid_at, created_at) VALUES ('pay-0341', 'bk-0341', 30, 'cash', 'pending', 0, NULL, '2026-01-28 23:00:00');
INSERT INTO bookings (id, booking_ref, user_id, studio_id, date, start_time, end_time, group_type, status, base_price, equipment_price, total_price, equipment, payment_method, payment_status, notes, created_at, updated_at, cancelled_at, cancel_reason) VALUES ('bk-0342', 'H3-20260128-RN35', 'usr-048', 'le-podium', '2026-02-02', '14:00', '15:30', 'duo', 'no-show', 36, 8, 44, '[{"id":"cymbal","quantity":1},{"id":"mic","quantity":2}]', 'card', 'paid', '', '2026-01-28 23:00:00', '2026-01-28 23:00:00', NULL, NULL);
INSERT INTO payments (id, booking_id, amount, method, status, refunded_amount, paid_at, created_at) VALUES ('pay-0342', 'bk-0342', 44, 'card', 'paid', 0, '2026-01-28 23:00:00', '2026-01-28 23:00:00');
INSERT INTO bookings (id, booking_ref, user_id, studio_id, date, start_time, end_time, group_type, status, base_price, equipment_price, total_price, equipment, payment_method, payment_status, notes, created_at, updated_at, cancelled_at, cancel_reason) VALUES ('bk-0343', 'H3-20260119-A0VM', 'usr-040', 'la-scene', '2026-02-02', '09:30', '10:30', 'solo', 'cancelled', 12, 0, 12, NULL, 'cash', 'pending', '', '2026-01-19 23:00:00', '2026-01-19 23:00:00', '2026-01-20 23:00:00', 'Empêchement');
INSERT INTO payments (id, booking_id, amount, method, status, refunded_amount, paid_at, created_at) VALUES ('pay-0343', 'bk-0343', 12, 'cash', 'pending', 0, NULL, '2026-01-19 23:00:00');
INSERT INTO bookings (id, booking_ref, user_id, studio_id, date, start_time, end_time, group_type, status, base_price, equipment_price, total_price, equipment, payment_method, payment_status, notes, created_at, updated_at, cancelled_at, cancel_reason) VALUES ('bk-0344', 'H3-20260131-ZDDX', 'usr-011', 'le-podium', '2026-02-02', '20:30', '21:30', 'duo', 'no-show', 24, 0, 24, NULL, 'cash', 'pending', '', '2026-01-31 23:00:00', '2026-01-31 23:00:00', NULL, NULL);
INSERT INTO payments (id, booking_id, amount, method, status, refunded_amount, paid_at, created_at) VALUES ('pay-0344', 'bk-0344', 24, 'cash', 'pending', 0, NULL, '2026-01-31 23:00:00');
INSERT INTO bookings (id, booking_ref, user_id, studio_id, date, start_time, end_time, group_type, status, base_price, equipment_price, total_price, equipment, payment_method, payment_status, notes, created_at, updated_at, cancelled_at, cancel_reason) VALUES ('bk-0345', 'H3-20260121-C576', 'usr-039', 'la-scene', '2026-02-02', '13:00', '14:00', 'solo', 'completed', 12, 0, 12, NULL, 'cash', 'paid', '', '2026-01-21 23:00:00', '2026-01-21 23:00:00', NULL, NULL);
INSERT INTO payments (id, booking_id, amount, method, status, refunded_amount, paid_at, created_at) VALUES ('pay-0345', 'bk-0345', 12, 'cash', 'paid', 0, '2026-02-02 23:00:00', '2026-01-21 23:00:00');
INSERT INTO bookings (id, booking_ref, user_id, studio_id, date, start_time, end_time, group_type, status, base_price, equipment_price, total_price, equipment, payment_method, payment_status, notes, created_at, updated_at, cancelled_at, cancel_reason) VALUES ('bk-0346', 'H3-20260131-CD15', 'usr-046', 'le-podium', '2026-02-02', '12:00', '13:00', 'group', 'completed', 30, 0, 30, NULL, 'card', 'paid', '', '2026-01-31 23:00:00', '2026-01-31 23:00:00', NULL, NULL);
INSERT INTO payments (id, booking_id, amount, method, status, refunded_amount, paid_at, created_at) VALUES ('pay-0346', 'bk-0346', 30, 'card', 'paid', 0, '2026-01-31 23:00:00', '2026-01-31 23:00:00');
INSERT INTO bookings (id, booking_ref, user_id, studio_id, date, start_time, end_time, group_type, status, base_price, equipment_price, total_price, equipment, payment_method, payment_status, notes, created_at, updated_at, cancelled_at, cancel_reason) VALUES ('bk-0347', 'H3-20260129-JIO3', 'usr-020', 'la-scene', '2026-02-02', '11:30', '13:00', 'group', 'completed', 54, 0, 54, NULL, 'cash', 'paid', '', '2026-01-29 23:00:00', '2026-01-29 23:00:00', NULL, NULL);
INSERT INTO payments (id, booking_id, amount, method, status, refunded_amount, paid_at, created_at) VALUES ('pay-0347', 'bk-0347', 54, 'cash', 'paid', 0, '2026-02-02 23:00:00', '2026-01-29 23:00:00');
INSERT INTO bookings (id, booking_ref, user_id, studio_id, date, start_time, end_time, group_type, status, base_price, equipment_price, total_price, equipment, payment_method, payment_status, notes, created_at, updated_at, cancelled_at, cancel_reason) VALUES ('bk-0348', 'H3-20260125-G169', 'usr-016', 'le-podium', '2026-02-03', '13:30', '15:00', 'solo', 'completed', 18, 0, 18, NULL, 'card', 'paid', '', '2026-01-25 23:00:00', '2026-01-25 23:00:00', NULL, NULL);
INSERT INTO payments (id, booking_id, amount, method, status, refunded_amount, paid_at, created_at) VALUES ('pay-0348', 'bk-0348', 18, 'card', 'paid', 0, '2026-01-25 23:00:00', '2026-01-25 23:00:00');
INSERT INTO bookings (id, booking_ref, user_id, studio_id, date, start_time, end_time, group_type, status, base_price, equipment_price, total_price, equipment, payment_method, payment_status, notes, created_at, updated_at, cancelled_at, cancel_reason) VALUES ('bk-0349', 'H3-20260129-AG1G', 'usr-001', 'la-scene', '2026-02-03', '14:00', '15:00', 'duo', 'completed', 24, 0, 24, NULL, 'card', 'paid', '', '2026-01-29 23:00:00', '2026-01-29 23:00:00', NULL, NULL);
INSERT INTO payments (id, booking_id, amount, method, status, refunded_amount, paid_at, created_at) VALUES ('pay-0349', 'bk-0349', 24, 'card', 'paid', 0, '2026-01-29 23:00:00', '2026-01-29 23:00:00');
INSERT INTO bookings (id, booking_ref, user_id, studio_id, date, start_time, end_time, group_type, status, base_price, equipment_price, total_price, equipment, payment_method, payment_status, notes, created_at, updated_at, cancelled_at, cancel_reason) VALUES ('bk-0350', 'H3-20260121-2XBC', 'usr-027', 'la-scene', '2026-02-03', '13:00', '14:00', 'duo', 'completed', 24, 0, 24, NULL, 'card', 'paid', '', '2026-01-21 23:00:00', '2026-01-21 23:00:00', NULL, NULL);
INSERT INTO payments (id, booking_id, amount, method, status, refunded_amount, paid_at, created_at) VALUES ('pay-0350', 'bk-0350', 24, 'card', 'paid', 0, '2026-01-21 23:00:00', '2026-01-21 23:00:00');
INSERT INTO bookings (id, booking_ref, user_id, studio_id, date, start_time, end_time, group_type, status, base_price, equipment_price, total_price, equipment, payment_method, payment_status, notes, created_at, updated_at, cancelled_at, cancel_reason) VALUES ('bk-0351', 'H3-20260120-LSI4', 'usr-033', 'le-podium', '2026-02-03', '19:30', '20:30', 'group', 'no-show', 36, 8, 44, '[{"id":"bass","quantity":2},{"id":"mic","quantity":2}]', 'cash', 'pending', '', '2026-01-20 23:00:00', '2026-01-20 23:00:00', NULL, NULL);
INSERT INTO payments (id, booking_id, amount, method, status, refunded_amount, paid_at, created_at) VALUES ('pay-0351', 'bk-0351', 44, 'cash', 'pending', 0, NULL, '2026-01-20 23:00:00');
INSERT INTO bookings (id, booking_ref, user_id, studio_id, date, start_time, end_time, group_type, status, base_price, equipment_price, total_price, equipment, payment_method, payment_status, notes, created_at, updated_at, cancelled_at, cancel_reason) VALUES ('bk-0352', 'H3-20260128-THJS', 'usr-020', 'le-podium', '2026-02-03', '14:30', '15:30', 'duo', 'completed', 24, 6, 30, '[{"id":"piano","quantity":2}]', 'cash', 'paid', '', '2026-01-28 23:00:00', '2026-01-28 23:00:00', NULL, NULL);
INSERT INTO payments (id, booking_id, amount, method, status, refunded_amount, paid_at, created_at) VALUES ('pay-0352', 'bk-0352', 30, 'cash', 'paid', 0, '2026-02-03 23:00:00', '2026-01-28 23:00:00');
INSERT INTO bookings (id, booking_ref, user_id, studio_id, date, start_time, end_time, group_type, status, base_price, equipment_price, total_price, equipment, payment_method, payment_status, notes, created_at, updated_at, cancelled_at, cancel_reason) VALUES ('bk-0353', 'H3-20260120-OPX2', 'usr-040', 'la-scene', '2026-02-03', '12:00', '13:00', 'solo', 'cancelled', 12, 0, 12, NULL, 'card', 'paid', '', '2026-01-20 23:00:00', '2026-01-20 23:00:00', '2026-01-22 23:00:00', 'Empêchement');
INSERT INTO payments (id, booking_id, amount, method, status, refunded_amount, paid_at, created_at) VALUES ('pay-0353', 'bk-0353', 12, 'card', 'paid', 0, '2026-01-20 23:00:00', '2026-01-20 23:00:00');
INSERT INTO bookings (id, booking_ref, user_id, studio_id, date, start_time, end_time, group_type, status, base_price, equipment_price, total_price, equipment, payment_method, payment_status, notes, created_at, updated_at, cancelled_at, cancel_reason) VALUES ('bk-0354', 'H3-20260131-RM94', 'usr-027', 'le-podium', '2026-02-03', '21:30', '23:00', 'group', 'no-show', 54, 0, 54, NULL, 'card', 'paid', '', '2026-01-31 23:00:00', '2026-01-31 23:00:00', NULL, NULL);
INSERT INTO payments (id, booking_id, amount, method, status, refunded_amount, paid_at, created_at) VALUES ('pay-0354', 'bk-0354', 54, 'card', 'paid', 0, '2026-01-31 23:00:00', '2026-01-31 23:00:00');
INSERT INTO bookings (id, booking_ref, user_id, studio_id, date, start_time, end_time, group_type, status, base_price, equipment_price, total_price, equipment, payment_method, payment_status, notes, created_at, updated_at, cancelled_at, cancel_reason) VALUES ('bk-0355', 'H3-20260129-IJPH', 'usr-007', 'le-podium', '2026-02-03', '20:30', '22:00', 'solo', 'completed', 18, 0, 18, NULL, 'card', 'paid', '', '2026-01-29 23:00:00', '2026-01-29 23:00:00', NULL, NULL);
INSERT INTO payments (id, booking_id, amount, method, status, refunded_amount, paid_at, created_at) VALUES ('pay-0355', 'bk-0355', 18, 'card', 'paid', 0, '2026-01-29 23:00:00', '2026-01-29 23:00:00');
INSERT INTO bookings (id, booking_ref, user_id, studio_id, date, start_time, end_time, group_type, status, base_price, equipment_price, total_price, equipment, payment_method, payment_status, notes, created_at, updated_at, cancelled_at, cancel_reason) VALUES ('bk-0356', 'H3-20260124-9T7E', 'usr-008', 'le-podium', '2026-02-03', '11:30', '12:30', 'duo', 'completed', 24, 5, 29, '[{"id":"mic","quantity":2}]', 'card', 'paid', '', '2026-01-24 23:00:00', '2026-01-24 23:00:00', NULL, NULL);
INSERT INTO payments (id, booking_id, amount, method, status, refunded_amount, paid_at, created_at) VALUES ('pay-0356', 'bk-0356', 29, 'card', 'paid', 0, '2026-01-24 23:00:00', '2026-01-24 23:00:00');
INSERT INTO bookings (id, booking_ref, user_id, studio_id, date, start_time, end_time, group_type, status, base_price, equipment_price, total_price, equipment, payment_method, payment_status, notes, created_at, updated_at, cancelled_at, cancel_reason) VALUES ('bk-0357', 'H3-20260202-OE8X', 'usr-023', 'la-scene', '2026-02-03', '21:30', '22:30', 'group', 'completed', 44, 3, 47, '[{"id":"mic","quantity":1}]', 'cash', 'paid', '', '2026-02-02 23:00:00', '2026-02-02 23:00:00', NULL, NULL);
INSERT INTO payments (id, booking_id, amount, method, status, refunded_amount, paid_at, created_at) VALUES ('pay-0357', 'bk-0357', 47, 'cash', 'paid', 0, '2026-02-03 23:00:00', '2026-02-02 23:00:00');
INSERT INTO bookings (id, booking_ref, user_id, studio_id, date, start_time, end_time, group_type, status, base_price, equipment_price, total_price, equipment, payment_method, payment_status, notes, created_at, updated_at, cancelled_at, cancel_reason) VALUES ('bk-0358', 'H3-20260202-XTOC', 'usr-030', 'le-podium', '2026-02-03', '22:00', '23:00', 'solo', 'no-show', 12, 0, 12, NULL, 'card', 'paid', '', '2026-02-02 23:00:00', '2026-02-02 23:00:00', NULL, NULL);
INSERT INTO payments (id, booking_id, amount, method, status, refunded_amount, paid_at, created_at) VALUES ('pay-0358', 'bk-0358', 12, 'card', 'paid', 0, '2026-02-02 23:00:00', '2026-02-02 23:00:00');
INSERT INTO bookings (id, booking_ref, user_id, studio_id, date, start_time, end_time, group_type, status, base_price, equipment_price, total_price, equipment, payment_method, payment_status, notes, created_at, updated_at, cancelled_at, cancel_reason) VALUES ('bk-0359', 'H3-20260128-SEG3', 'usr-001', 'le-podium', '2026-02-03', '11:30', '12:30', 'duo', 'completed', 24, 0, 24, NULL, 'card', 'paid', '', '2026-01-28 23:00:00', '2026-01-28 23:00:00', NULL, NULL);
INSERT INTO payments (id, booking_id, amount, method, status, refunded_amount, paid_at, created_at) VALUES ('pay-0359', 'bk-0359', 24, 'card', 'paid', 0, '2026-01-28 23:00:00', '2026-01-28 23:00:00');
INSERT INTO bookings (id, booking_ref, user_id, studio_id, date, start_time, end_time, group_type, status, base_price, equipment_price, total_price, equipment, payment_method, payment_status, notes, created_at, updated_at, cancelled_at, cancel_reason) VALUES ('bk-0360', 'H3-20260128-WRG2', 'usr-043', 'la-scene', '2026-02-03', '11:30', '12:30', 'group', 'completed', 36, 0, 36, NULL, 'cash', 'paid', '', '2026-01-28 23:00:00', '2026-01-28 23:00:00', NULL, NULL);
INSERT INTO payments (id, booking_id, amount, method, status, refunded_amount, paid_at, created_at) VALUES ('pay-0360', 'bk-0360', 36, 'cash', 'paid', 0, '2026-02-03 23:00:00', '2026-01-28 23:00:00');
INSERT INTO bookings (id, booking_ref, user_id, studio_id, date, start_time, end_time, group_type, status, base_price, equipment_price, total_price, equipment, payment_method, payment_status, notes, created_at, updated_at, cancelled_at, cancel_reason) VALUES ('bk-0361', 'H3-20260123-9A7J', 'usr-014', 'la-scene', '2026-02-03', '11:00', '12:30', 'solo', 'cancelled', 18, 0, 18, NULL, 'card', 'paid', '', '2026-01-23 23:00:00', '2026-01-23 23:00:00', '2026-01-24 23:00:00', 'Maladie');
INSERT INTO payments (id, booking_id, amount, method, status, refunded_amount, paid_at, created_at) VALUES ('pay-0361', 'bk-0361', 18, 'card', 'paid', 0, '2026-01-23 23:00:00', '2026-01-23 23:00:00');
INSERT INTO bookings (id, booking_ref, user_id, studio_id, date, start_time, end_time, group_type, status, base_price, equipment_price, total_price, equipment, payment_method, payment_status, notes, created_at, updated_at, cancelled_at, cancel_reason) VALUES ('bk-0362', 'H3-20260121-R7B4', 'usr-046', 'la-scene', '2026-02-03', '13:00', '14:00', 'duo', 'completed', 24, 6, 30, '[{"id":"guitar","quantity":2}]', 'card', 'paid', '', '2026-01-21 23:00:00', '2026-01-21 23:00:00', NULL, NULL);
INSERT INTO payments (id, booking_id, amount, method, status, refunded_amount, paid_at, created_at) VALUES ('pay-0362', 'bk-0362', 30, 'card', 'paid', 0, '2026-01-21 23:00:00', '2026-01-21 23:00:00');
INSERT INTO bookings (id, booking_ref, user_id, studio_id, date, start_time, end_time, group_type, status, base_price, equipment_price, total_price, equipment, payment_method, payment_status, notes, created_at, updated_at, cancelled_at, cancel_reason) VALUES ('bk-0363', 'H3-20260127-K3I4', 'usr-003', 'la-scene', '2026-02-03', '10:30', '12:00', 'solo', 'completed', 18, 0, 18, NULL, 'cash', 'paid', '', '2026-01-27 23:00:00', '2026-01-27 23:00:00', NULL, NULL);
INSERT INTO payments (id, booking_id, amount, method, status, refunded_amount, paid_at, created_at) VALUES ('pay-0363', 'bk-0363', 18, 'cash', 'paid', 0, '2026-02-03 23:00:00', '2026-01-27 23:00:00');
INSERT INTO bookings (id, booking_ref, user_id, studio_id, date, start_time, end_time, group_type, status, base_price, equipment_price, total_price, equipment, payment_method, payment_status, notes, created_at, updated_at, cancelled_at, cancel_reason) VALUES ('bk-0364', 'H3-20260124-C9F2', 'usr-025', 'la-scene', '2026-02-03', '12:00', '13:00', 'duo', 'completed', 24, 0, 24, NULL, 'card', 'paid', '', '2026-01-24 23:00:00', '2026-01-24 23:00:00', NULL, NULL);
INSERT INTO payments (id, booking_id, amount, method, status, refunded_amount, paid_at, created_at) VALUES ('pay-0364', 'bk-0364', 24, 'card', 'paid', 0, '2026-01-24 23:00:00', '2026-01-24 23:00:00');
INSERT INTO bookings (id, booking_ref, user_id, studio_id, date, start_time, end_time, group_type, status, base_price, equipment_price, total_price, equipment, payment_method, payment_status, notes, created_at, updated_at, cancelled_at, cancel_reason) VALUES ('bk-0365', 'H3-20260125-69YO', 'usr-029', 'la-scene', '2026-02-04', '14:00', '15:00', 'solo', 'completed', 12, 0, 12, NULL, 'card', 'paid', '', '2026-01-25 23:00:00', '2026-01-25 23:00:00', NULL, NULL);
INSERT INTO payments (id, booking_id, amount, method, status, refunded_amount, paid_at, created_at) VALUES ('pay-0365', 'bk-0365', 12, 'card', 'paid', 0, '2026-01-25 23:00:00', '2026-01-25 23:00:00');
INSERT INTO bookings (id, booking_ref, user_id, studio_id, date, start_time, end_time, group_type, status, base_price, equipment_price, total_price, equipment, payment_method, payment_status, notes, created_at, updated_at, cancelled_at, cancel_reason) VALUES ('bk-0366', 'H3-20260124-4OZL', 'usr-039', 'la-scene', '2026-02-04', '19:30', '20:30', 'solo', 'completed', 12, 0, 12, NULL, 'card', 'paid', '', '2026-01-24 23:00:00', '2026-01-24 23:00:00', NULL, NULL);
INSERT INTO payments (id, booking_id, amount, method, status, refunded_amount, paid_at, created_at) VALUES ('pay-0366', 'bk-0366', 12, 'card', 'paid', 0, '2026-01-24 23:00:00', '2026-01-24 23:00:00');
INSERT INTO bookings (id, booking_ref, user_id, studio_id, date, start_time, end_time, group_type, status, base_price, equipment_price, total_price, equipment, payment_method, payment_status, notes, created_at, updated_at, cancelled_at, cancel_reason) VALUES ('bk-0367', 'H3-20260128-LE4I', 'usr-029', 'le-podium', '2026-02-04', '22:30', '23:30', 'solo', 'completed', 12, 0, 12, NULL, 'card', 'paid', '', '2026-01-28 23:00:00', '2026-01-28 23:00:00', NULL, NULL);
INSERT INTO payments (id, booking_id, amount, method, status, refunded_amount, paid_at, created_at) VALUES ('pay-0367', 'bk-0367', 12, 'card', 'paid', 0, '2026-01-28 23:00:00', '2026-01-28 23:00:00');
INSERT INTO bookings (id, booking_ref, user_id, studio_id, date, start_time, end_time, group_type, status, base_price, equipment_price, total_price, equipment, payment_method, payment_status, notes, created_at, updated_at, cancelled_at, cancel_reason) VALUES ('bk-0368', 'H3-20260128-Y6WJ', 'usr-033', 'le-podium', '2026-02-04', '15:00', '16:00', 'solo', 'completed', 12, 0, 12, NULL, 'card', 'paid', '', '2026-01-28 23:00:00', '2026-01-28 23:00:00', NULL, NULL);
INSERT INTO payments (id, booking_id, amount, method, status, refunded_amount, paid_at, created_at) VALUES ('pay-0368', 'bk-0368', 12, 'card', 'paid', 0, '2026-01-28 23:00:00', '2026-01-28 23:00:00');
INSERT INTO bookings (id, booking_ref, user_id, studio_id, date, start_time, end_time, group_type, status, base_price, equipment_price, total_price, equipment, payment_method, payment_status, notes, created_at, updated_at, cancelled_at, cancel_reason) VALUES ('bk-0369', 'H3-20260124-X3RE', 'usr-022', 'la-scene', '2026-02-04', '12:00', '13:00', 'solo', 'completed', 12, 0, 12, NULL, 'cash', 'paid', '', '2026-01-24 23:00:00', '2026-01-24 23:00:00', NULL, NULL);
INSERT INTO payments (id, booking_id, amount, method, status, refunded_amount, paid_at, created_at) VALUES ('pay-0369', 'bk-0369', 12, 'cash', 'paid', 0, '2026-02-04 23:00:00', '2026-01-24 23:00:00');
INSERT INTO bookings (id, booking_ref, user_id, studio_id, date, start_time, end_time, group_type, status, base_price, equipment_price, total_price, equipment, payment_method, payment_status, notes, created_at, updated_at, cancelled_at, cancel_reason) VALUES ('bk-0370', 'H3-20260125-9V77', 'usr-009', 'la-scene', '2026-02-04', '17:00', '18:00', 'solo', 'no-show', 12, 0, 12, NULL, 'card', 'paid', '', '2026-01-25 23:00:00', '2026-01-25 23:00:00', NULL, NULL);
INSERT INTO payments (id, booking_id, amount, method, status, refunded_amount, paid_at, created_at) VALUES ('pay-0370', 'bk-0370', 12, 'card', 'paid', 0, '2026-01-25 23:00:00', '2026-01-25 23:00:00');
INSERT INTO bookings (id, booking_ref, user_id, studio_id, date, start_time, end_time, group_type, status, base_price, equipment_price, total_price, equipment, payment_method, payment_status, notes, created_at, updated_at, cancelled_at, cancel_reason) VALUES ('bk-0371', 'H3-20260121-RRD5', 'usr-013', 'le-podium', '2026-02-04', '17:30', '18:30', 'group', 'cancelled', 33, 0, 33, NULL, 'cash', 'pending', '', '2026-01-21 23:00:00', '2026-01-21 23:00:00', '2026-01-22 23:00:00', 'Maladie');
INSERT INTO payments (id, booking_id, amount, method, status, refunded_amount, paid_at, created_at) VALUES ('pay-0371', 'bk-0371', 33, 'cash', 'pending', 0, NULL, '2026-01-21 23:00:00');
INSERT INTO bookings (id, booking_ref, user_id, studio_id, date, start_time, end_time, group_type, status, base_price, equipment_price, total_price, equipment, payment_method, payment_status, notes, created_at, updated_at, cancelled_at, cancel_reason) VALUES ('bk-0372', 'H3-20260202-63LR', 'usr-007', 'le-podium', '2026-02-04', '15:30', '17:00', 'group', 'completed', 45, 0, 45, NULL, 'cash', 'paid', '', '2026-02-02 23:00:00', '2026-02-02 23:00:00', NULL, NULL);
INSERT INTO payments (id, booking_id, amount, method, status, refunded_amount, paid_at, created_at) VALUES ('pay-0372', 'bk-0372', 45, 'cash', 'paid', 0, '2026-02-04 23:00:00', '2026-02-02 23:00:00');
INSERT INTO bookings (id, booking_ref, user_id, studio_id, date, start_time, end_time, group_type, status, base_price, equipment_price, total_price, equipment, payment_method, payment_status, notes, created_at, updated_at, cancelled_at, cancel_reason) VALUES ('bk-0373', 'H3-20260129-OIHZ', 'usr-013', 'la-scene', '2026-02-04', '18:00', '19:00', 'group', 'completed', 44, 0, 44, NULL, 'card', 'paid', '', '2026-01-29 23:00:00', '2026-01-29 23:00:00', NULL, NULL);
INSERT INTO payments (id, booking_id, amount, method, status, refunded_amount, paid_at, created_at) VALUES ('pay-0373', 'bk-0373', 44, 'card', 'paid', 0, '2026-01-29 23:00:00', '2026-01-29 23:00:00');
INSERT INTO bookings (id, booking_ref, user_id, studio_id, date, start_time, end_time, group_type, status, base_price, equipment_price, total_price, equipment, payment_method, payment_status, notes, created_at, updated_at, cancelled_at, cancel_reason) VALUES ('bk-0374', 'H3-20260202-DJ6T', 'usr-032', 'la-scene', '2026-02-04', '13:00', '14:30', 'group', 'completed', 54, 3, 57, '[{"id":"bass","quantity":2}]', 'card', 'paid', '', '2026-02-02 23:00:00', '2026-02-02 23:00:00', NULL, NULL);
INSERT INTO payments (id, booking_id, amount, method, status, refunded_amount, paid_at, created_at) VALUES ('pay-0374', 'bk-0374', 57, 'card', 'paid', 0, '2026-02-02 23:00:00', '2026-02-02 23:00:00');
INSERT INTO bookings (id, booking_ref, user_id, studio_id, date, start_time, end_time, group_type, status, base_price, equipment_price, total_price, equipment, payment_method, payment_status, notes, created_at, updated_at, cancelled_at, cancel_reason) VALUES ('bk-0375', 'H3-20260130-1FA8', 'usr-045', 'la-scene', '2026-02-04', '09:00', '10:00', 'group', 'no-show', 36, 0, 36, NULL, 'card', 'paid', '', '2026-01-30 23:00:00', '2026-01-30 23:00:00', NULL, NULL);
INSERT INTO payments (id, booking_id, amount, method, status, refunded_amount, paid_at, created_at) VALUES ('pay-0375', 'bk-0375', 36, 'card', 'paid', 0, '2026-01-30 23:00:00', '2026-01-30 23:00:00');
INSERT INTO bookings (id, booking_ref, user_id, studio_id, date, start_time, end_time, group_type, status, base_price, equipment_price, total_price, equipment, payment_method, payment_status, notes, created_at, updated_at, cancelled_at, cancel_reason) VALUES ('bk-0376', 'H3-20260127-4SMK', 'usr-034', 'la-scene', '2026-02-04', '18:00', '19:00', 'solo', 'completed', 12, 0, 12, NULL, 'card', 'paid', '', '2026-01-27 23:00:00', '2026-01-27 23:00:00', NULL, NULL);
INSERT INTO payments (id, booking_id, amount, method, status, refunded_amount, paid_at, created_at) VALUES ('pay-0376', 'bk-0376', 12, 'card', 'paid', 0, '2026-01-27 23:00:00', '2026-01-27 23:00:00');
INSERT INTO bookings (id, booking_ref, user_id, studio_id, date, start_time, end_time, group_type, status, base_price, equipment_price, total_price, equipment, payment_method, payment_status, notes, created_at, updated_at, cancelled_at, cancel_reason) VALUES ('bk-0377', 'H3-20260126-X7P2', 'usr-027', 'la-scene', '2026-02-04', '13:00', '14:30', 'group', 'completed', 54, 0, 54, NULL, 'card', 'paid', '', '2026-01-26 23:00:00', '2026-01-26 23:00:00', NULL, NULL);
INSERT INTO payments (id, booking_id, amount, method, status, refunded_amount, paid_at, created_at) VALUES ('pay-0377', 'bk-0377', 54, 'card', 'paid', 0, '2026-01-26 23:00:00', '2026-01-26 23:00:00');
INSERT INTO bookings (id, booking_ref, user_id, studio_id, date, start_time, end_time, group_type, status, base_price, equipment_price, total_price, equipment, payment_method, payment_status, notes, created_at, updated_at, cancelled_at, cancel_reason) VALUES ('bk-0378', 'H3-20260121-7VXG', 'usr-048', 'le-podium', '2026-02-04', '18:30', '19:30', 'group', 'no-show', 36, 0, 36, NULL, 'card', 'paid', '', '2026-01-21 23:00:00', '2026-01-21 23:00:00', NULL, NULL);
INSERT INTO payments (id, booking_id, amount, method, status, refunded_amount, paid_at, created_at) VALUES ('pay-0378', 'bk-0378', 36, 'card', 'paid', 0, '2026-01-21 23:00:00', '2026-01-21 23:00:00');
INSERT INTO bookings (id, booking_ref, user_id, studio_id, date, start_time, end_time, group_type, status, base_price, equipment_price, total_price, equipment, payment_method, payment_status, notes, created_at, updated_at, cancelled_at, cancel_reason) VALUES ('bk-0379', 'H3-20260122-39I1', 'usr-023', 'le-podium', '2026-02-04', '22:00', '23:30', 'solo', 'completed', 18, 0, 18, NULL, 'cash', 'paid', '', '2026-01-22 23:00:00', '2026-01-22 23:00:00', NULL, NULL);
INSERT INTO payments (id, booking_id, amount, method, status, refunded_amount, paid_at, created_at) VALUES ('pay-0379', 'bk-0379', 18, 'cash', 'paid', 0, '2026-02-04 23:00:00', '2026-01-22 23:00:00');
INSERT INTO bookings (id, booking_ref, user_id, studio_id, date, start_time, end_time, group_type, status, base_price, equipment_price, total_price, equipment, payment_method, payment_status, notes, created_at, updated_at, cancelled_at, cancel_reason) VALUES ('bk-0380', 'H3-20260123-ANND', 'usr-022', 'le-podium', '2026-02-05', '20:30', '22:00', 'group', 'completed', 54, 6, 60, '[{"id":"mic","quantity":1},{"id":"cymbal","quantity":2}]', 'card', 'paid', '', '2026-01-23 23:00:00', '2026-01-23 23:00:00', NULL, NULL);
INSERT INTO payments (id, booking_id, amount, method, status, refunded_amount, paid_at, created_at) VALUES ('pay-0380', 'bk-0380', 60, 'card', 'paid', 0, '2026-01-23 23:00:00', '2026-01-23 23:00:00');
INSERT INTO bookings (id, booking_ref, user_id, studio_id, date, start_time, end_time, group_type, status, base_price, equipment_price, total_price, equipment, payment_method, payment_status, notes, created_at, updated_at, cancelled_at, cancel_reason) VALUES ('bk-0381', 'H3-20260122-PWFB', 'usr-039', 'la-scene', '2026-02-05', '11:00', '12:00', 'solo', 'completed', 12, 3, 15, '[{"id":"bass","quantity":2}]', 'cash', 'paid', '', '2026-01-22 23:00:00', '2026-01-22 23:00:00', NULL, NULL);
INSERT INTO payments (id, booking_id, amount, method, status, refunded_amount, paid_at, created_at) VALUES ('pay-0381', 'bk-0381', 15, 'cash', 'paid', 0, '2026-02-05 23:00:00', '2026-01-22 23:00:00');
INSERT INTO bookings (id, booking_ref, user_id, studio_id, date, start_time, end_time, group_type, status, base_price, equipment_price, total_price, equipment, payment_method, payment_status, notes, created_at, updated_at, cancelled_at, cancel_reason) VALUES ('bk-0382', 'H3-20260122-UPMM', 'usr-033', 'le-podium', '2026-02-05', '11:00', '12:00', 'duo', 'completed', 24, 0, 24, NULL, 'cash', 'paid', '', '2026-01-22 23:00:00', '2026-01-22 23:00:00', NULL, NULL);
INSERT INTO payments (id, booking_id, amount, method, status, refunded_amount, paid_at, created_at) VALUES ('pay-0382', 'bk-0382', 24, 'cash', 'paid', 0, '2026-02-05 23:00:00', '2026-01-22 23:00:00');
INSERT INTO bookings (id, booking_ref, user_id, studio_id, date, start_time, end_time, group_type, status, base_price, equipment_price, total_price, equipment, payment_method, payment_status, notes, created_at, updated_at, cancelled_at, cancel_reason) VALUES ('bk-0383', 'H3-20260124-6U97', 'usr-040', 'le-podium', '2026-02-05', '18:30', '19:30', 'solo', 'completed', 12, 0, 12, NULL, 'cash', 'paid', '', '2026-01-24 23:00:00', '2026-01-24 23:00:00', NULL, NULL);
INSERT INTO payments (id, booking_id, amount, method, status, refunded_amount, paid_at, created_at) VALUES ('pay-0383', 'bk-0383', 12, 'cash', 'paid', 0, '2026-02-05 23:00:00', '2026-01-24 23:00:00');
INSERT INTO bookings (id, booking_ref, user_id, studio_id, date, start_time, end_time, group_type, status, base_price, equipment_price, total_price, equipment, payment_method, payment_status, notes, created_at, updated_at, cancelled_at, cancel_reason) VALUES ('bk-0384', 'H3-20260202-S9JT', 'usr-018', 'la-scene', '2026-02-05', '22:00', '23:00', 'duo', 'cancelled', 24, 0, 24, NULL, 'cash', 'pending', '', '2026-02-02 23:00:00', '2026-02-02 23:00:00', '2026-02-04 23:00:00', 'Maladie');
INSERT INTO payments (id, booking_id, amount, method, status, refunded_amount, paid_at, created_at) VALUES ('pay-0384', 'bk-0384', 24, 'cash', 'pending', 0, NULL, '2026-02-02 23:00:00');
INSERT INTO bookings (id, booking_ref, user_id, studio_id, date, start_time, end_time, group_type, status, base_price, equipment_price, total_price, equipment, payment_method, payment_status, notes, created_at, updated_at, cancelled_at, cancel_reason) VALUES ('bk-0385', 'H3-20260123-T79O', 'usr-017', 'la-scene', '2026-02-05', '19:00', '20:30', 'solo', 'completed', 18, 0, 18, NULL, 'cash', 'paid', '', '2026-01-23 23:00:00', '2026-01-23 23:00:00', NULL, NULL);
INSERT INTO payments (id, booking_id, amount, method, status, refunded_amount, paid_at, created_at) VALUES ('pay-0385', 'bk-0385', 18, 'cash', 'paid', 0, '2026-02-05 23:00:00', '2026-01-23 23:00:00');
INSERT INTO bookings (id, booking_ref, user_id, studio_id, date, start_time, end_time, group_type, status, base_price, equipment_price, total_price, equipment, payment_method, payment_status, notes, created_at, updated_at, cancelled_at, cancel_reason) VALUES ('bk-0386', 'H3-20260129-ATA2', 'usr-018', 'la-scene', '2026-02-05', '20:00', '21:30', 'group', 'cancelled', 66, 0, 66, NULL, 'card', 'paid', '', '2026-01-29 23:00:00', '2026-01-29 23:00:00', '2026-01-31 23:00:00', 'Maladie');
INSERT INTO payments (id, booking_id, amount, method, status, refunded_amount, paid_at, created_at) VALUES ('pay-0386', 'bk-0386', 66, 'card', 'paid', 0, '2026-01-29 23:00:00', '2026-01-29 23:00:00');
INSERT INTO bookings (id, booking_ref, user_id, studio_id, date, start_time, end_time, group_type, status, base_price, equipment_price, total_price, equipment, payment_method, payment_status, notes, created_at, updated_at, cancelled_at, cancel_reason) VALUES ('bk-0387', 'H3-20260130-M11U', 'usr-038', 'la-scene', '2026-02-05', '14:00', '15:30', 'solo', 'completed', 18, 0, 18, NULL, 'card', 'paid', '', '2026-01-30 23:00:00', '2026-01-30 23:00:00', NULL, NULL);
INSERT INTO payments (id, booking_id, amount, method, status, refunded_amount, paid_at, created_at) VALUES ('pay-0387', 'bk-0387', 18, 'card', 'paid', 0, '2026-01-30 23:00:00', '2026-01-30 23:00:00');
INSERT INTO bookings (id, booking_ref, user_id, studio_id, date, start_time, end_time, group_type, status, base_price, equipment_price, total_price, equipment, payment_method, payment_status, notes, created_at, updated_at, cancelled_at, cancel_reason) VALUES ('bk-0388', 'H3-20260124-V4X5', 'usr-011', 'le-podium', '2026-02-05', '20:30', '21:30', 'solo', 'completed', 12, 3, 15, '[{"id":"piano","quantity":1}]', 'cash', 'paid', '', '2026-01-24 23:00:00', '2026-01-24 23:00:00', NULL, NULL);
INSERT INTO payments (id, booking_id, amount, method, status, refunded_amount, paid_at, created_at) VALUES ('pay-0388', 'bk-0388', 15, 'cash', 'paid', 0, '2026-02-05 23:00:00', '2026-01-24 23:00:00');
INSERT INTO bookings (id, booking_ref, user_id, studio_id, date, start_time, end_time, group_type, status, base_price, equipment_price, total_price, equipment, payment_method, payment_status, notes, created_at, updated_at, cancelled_at, cancel_reason) VALUES ('bk-0389', 'H3-20260204-YNU8', 'usr-031', 'le-podium', '2026-02-05', '16:00', '17:30', 'duo', 'completed', 36, 0, 36, NULL, 'card', 'paid', '', '2026-02-04 23:00:00', '2026-02-04 23:00:00', NULL, NULL);
INSERT INTO payments (id, booking_id, amount, method, status, refunded_amount, paid_at, created_at) VALUES ('pay-0389', 'bk-0389', 36, 'card', 'paid', 0, '2026-02-04 23:00:00', '2026-02-04 23:00:00');
INSERT INTO bookings (id, booking_ref, user_id, studio_id, date, start_time, end_time, group_type, status, base_price, equipment_price, total_price, equipment, payment_method, payment_status, notes, created_at, updated_at, cancelled_at, cancel_reason) VALUES ('bk-0390', 'H3-20260130-13T9', 'usr-032', 'la-scene', '2026-02-05', '17:00', '18:00', 'duo', 'completed', 24, 0, 24, NULL, 'card', 'paid', '', '2026-01-30 23:00:00', '2026-01-30 23:00:00', NULL, NULL);
INSERT INTO payments (id, booking_id, amount, method, status, refunded_amount, paid_at, created_at) VALUES ('pay-0390', 'bk-0390', 24, 'card', 'paid', 0, '2026-01-30 23:00:00', '2026-01-30 23:00:00');
INSERT INTO bookings (id, booking_ref, user_id, studio_id, date, start_time, end_time, group_type, status, base_price, equipment_price, total_price, equipment, payment_method, payment_status, notes, created_at, updated_at, cancelled_at, cancel_reason) VALUES ('bk-0391', 'H3-20260204-S8QN', 'usr-004', 'le-podium', '2026-02-05', '14:30', '15:30', 'duo', 'completed', 24, 0, 24, NULL, 'card', 'paid', '', '2026-02-04 23:00:00', '2026-02-04 23:00:00', NULL, NULL);
INSERT INTO payments (id, booking_id, amount, method, status, refunded_amount, paid_at, created_at) VALUES ('pay-0391', 'bk-0391', 24, 'card', 'paid', 0, '2026-02-04 23:00:00', '2026-02-04 23:00:00');
INSERT INTO bookings (id, booking_ref, user_id, studio_id, date, start_time, end_time, group_type, status, base_price, equipment_price, total_price, equipment, payment_method, payment_status, notes, created_at, updated_at, cancelled_at, cancel_reason) VALUES ('bk-0392', 'H3-20260204-CLNY', 'usr-020', 'le-podium', '2026-02-05', '18:30', '19:30', 'solo', 'completed', 12, 6, 18, '[{"id":"guitar","quantity":2}]', 'cash', 'paid', '', '2026-02-04 23:00:00', '2026-02-04 23:00:00', NULL, NULL);
INSERT INTO payments (id, booking_id, amount, method, status, refunded_amount, paid_at, created_at) VALUES ('pay-0392', 'bk-0392', 18, 'cash', 'paid', 0, '2026-02-05 23:00:00', '2026-02-04 23:00:00');
INSERT INTO bookings (id, booking_ref, user_id, studio_id, date, start_time, end_time, group_type, status, base_price, equipment_price, total_price, equipment, payment_method, payment_status, notes, created_at, updated_at, cancelled_at, cancel_reason) VALUES ('bk-0393', 'H3-20260204-GP2B', 'usr-042', 'la-scene', '2026-02-05', '10:30', '12:00', 'duo', 'no-show', 36, 0, 36, NULL, 'card', 'paid', '', '2026-02-04 23:00:00', '2026-02-04 23:00:00', NULL, NULL);
INSERT INTO payments (id, booking_id, amount, method, status, refunded_amount, paid_at, created_at) VALUES ('pay-0393', 'bk-0393', 36, 'card', 'paid', 0, '2026-02-04 23:00:00', '2026-02-04 23:00:00');
INSERT INTO bookings (id, booking_ref, user_id, studio_id, date, start_time, end_time, group_type, status, base_price, equipment_price, total_price, equipment, payment_method, payment_status, notes, created_at, updated_at, cancelled_at, cancel_reason) VALUES ('bk-0394', 'H3-20260129-8YVG', 'usr-002', 'le-podium', '2026-02-05', '18:30', '19:30', 'duo', 'completed', 24, 0, 24, NULL, 'cash', 'paid', '', '2026-01-29 23:00:00', '2026-01-29 23:00:00', NULL, NULL);
INSERT INTO payments (id, booking_id, amount, method, status, refunded_amount, paid_at, created_at) VALUES ('pay-0394', 'bk-0394', 24, 'cash', 'paid', 0, '2026-02-05 23:00:00', '2026-01-29 23:00:00');
INSERT INTO bookings (id, booking_ref, user_id, studio_id, date, start_time, end_time, group_type, status, base_price, equipment_price, total_price, equipment, payment_method, payment_status, notes, created_at, updated_at, cancelled_at, cancel_reason) VALUES ('bk-0395', 'H3-20260123-RQ74', 'usr-048', 'le-podium', '2026-02-05', '20:00', '21:00', 'group', 'completed', 36, 0, 36, NULL, 'card', 'paid', '', '2026-01-23 23:00:00', '2026-01-23 23:00:00', NULL, NULL);
INSERT INTO payments (id, booking_id, amount, method, status, refunded_amount, paid_at, created_at) VALUES ('pay-0395', 'bk-0395', 36, 'card', 'paid', 0, '2026-01-23 23:00:00', '2026-01-23 23:00:00');
INSERT INTO bookings (id, booking_ref, user_id, studio_id, date, start_time, end_time, group_type, status, base_price, equipment_price, total_price, equipment, payment_method, payment_status, notes, created_at, updated_at, cancelled_at, cancel_reason) VALUES ('bk-0396', 'H3-20260127-9XQS', 'usr-033', 'la-scene', '2026-02-05', '13:30', '15:00', 'group', 'completed', 54, 0, 54, NULL, 'card', 'paid', '', '2026-01-27 23:00:00', '2026-01-27 23:00:00', NULL, NULL);
INSERT INTO payments (id, booking_id, amount, method, status, refunded_amount, paid_at, created_at) VALUES ('pay-0396', 'bk-0396', 54, 'card', 'paid', 0, '2026-01-27 23:00:00', '2026-01-27 23:00:00');
INSERT INTO bookings (id, booking_ref, user_id, studio_id, date, start_time, end_time, group_type, status, base_price, equipment_price, total_price, equipment, payment_method, payment_status, notes, created_at, updated_at, cancelled_at, cancel_reason) VALUES ('bk-0397', 'H3-20260125-AB22', 'usr-042', 'la-scene', '2026-02-06', '13:30', '14:30', 'duo', 'completed', 24, 0, 24, NULL, 'card', 'paid', '', '2026-01-25 23:00:00', '2026-01-25 23:00:00', NULL, NULL);
INSERT INTO payments (id, booking_id, amount, method, status, refunded_amount, paid_at, created_at) VALUES ('pay-0397', 'bk-0397', 24, 'card', 'paid', 0, '2026-01-25 23:00:00', '2026-01-25 23:00:00');
INSERT INTO bookings (id, booking_ref, user_id, studio_id, date, start_time, end_time, group_type, status, base_price, equipment_price, total_price, equipment, payment_method, payment_status, notes, created_at, updated_at, cancelled_at, cancel_reason) VALUES ('bk-0398', 'H3-20260203-CS3J', 'usr-015', 'la-scene', '2026-02-06', '16:00', '17:00', 'solo', 'completed', 12, 0, 12, NULL, 'card', 'paid', '', '2026-02-03 23:00:00', '2026-02-03 23:00:00', NULL, NULL);
INSERT INTO payments (id, booking_id, amount, method, status, refunded_amount, paid_at, created_at) VALUES ('pay-0398', 'bk-0398', 12, 'card', 'paid', 0, '2026-02-03 23:00:00', '2026-02-03 23:00:00');
INSERT INTO bookings (id, booking_ref, user_id, studio_id, date, start_time, end_time, group_type, status, base_price, equipment_price, total_price, equipment, payment_method, payment_status, notes, created_at, updated_at, cancelled_at, cancel_reason) VALUES ('bk-0399', 'H3-20260127-0ZSZ', 'usr-006', 'le-podium', '2026-02-06', '15:30', '17:00', 'group', 'completed', 54, 0, 54, NULL, 'card', 'paid', '', '2026-01-27 23:00:00', '2026-01-27 23:00:00', NULL, NULL);
INSERT INTO payments (id, booking_id, amount, method, status, refunded_amount, paid_at, created_at) VALUES ('pay-0399', 'bk-0399', 54, 'card', 'paid', 0, '2026-01-27 23:00:00', '2026-01-27 23:00:00');
INSERT INTO bookings (id, booking_ref, user_id, studio_id, date, start_time, end_time, group_type, status, base_price, equipment_price, total_price, equipment, payment_method, payment_status, notes, created_at, updated_at, cancelled_at, cancel_reason) VALUES ('bk-0400', 'H3-20260123-Y7WV', 'usr-004', 'le-podium', '2026-02-06', '12:30', '14:00', 'group', 'completed', 54, 0, 54, NULL, 'card', 'paid', '', '2026-01-23 23:00:00', '2026-01-23 23:00:00', NULL, NULL);
INSERT INTO payments (id, booking_id, amount, method, status, refunded_amount, paid_at, created_at) VALUES ('pay-0400', 'bk-0400', 54, 'card', 'paid', 0, '2026-01-23 23:00:00', '2026-01-23 23:00:00');
INSERT INTO bookings (id, booking_ref, user_id, studio_id, date, start_time, end_time, group_type, status, base_price, equipment_price, total_price, equipment, payment_method, payment_status, notes, created_at, updated_at, cancelled_at, cancel_reason) VALUES ('bk-0401', 'H3-20260128-P8JO', 'usr-012', 'le-podium', '2026-02-06', '22:00', '23:00', 'duo', 'completed', 24, 0, 24, NULL, 'cash', 'paid', '', '2026-01-28 23:00:00', '2026-01-28 23:00:00', NULL, NULL);
INSERT INTO payments (id, booking_id, amount, method, status, refunded_amount, paid_at, created_at) VALUES ('pay-0401', 'bk-0401', 24, 'cash', 'paid', 0, '2026-02-06 23:00:00', '2026-01-28 23:00:00');
INSERT INTO bookings (id, booking_ref, user_id, studio_id, date, start_time, end_time, group_type, status, base_price, equipment_price, total_price, equipment, payment_method, payment_status, notes, created_at, updated_at, cancelled_at, cancel_reason) VALUES ('bk-0402', 'H3-20260128-CR03', 'usr-008', 'la-scene', '2026-02-06', '11:00', '12:00', 'group', 'completed', 44, 0, 44, NULL, 'cash', 'paid', '', '2026-01-28 23:00:00', '2026-01-28 23:00:00', NULL, NULL);
INSERT INTO payments (id, booking_id, amount, method, status, refunded_amount, paid_at, created_at) VALUES ('pay-0402', 'bk-0402', 44, 'cash', 'paid', 0, '2026-02-06 23:00:00', '2026-01-28 23:00:00');
INSERT INTO bookings (id, booking_ref, user_id, studio_id, date, start_time, end_time, group_type, status, base_price, equipment_price, total_price, equipment, payment_method, payment_status, notes, created_at, updated_at, cancelled_at, cancel_reason) VALUES ('bk-0403', 'H3-20260124-GR6J', 'usr-014', 'la-scene', '2026-02-06', '09:00', '10:30', 'solo', 'cancelled', 18, 6, 24, '[{"id":"piano","quantity":1},{"id":"bass","quantity":2}]', 'card', 'paid', '', '2026-01-24 23:00:00', '2026-01-24 23:00:00', '2026-01-25 23:00:00', 'Autre groupe');
INSERT INTO payments (id, booking_id, amount, method, status, refunded_amount, paid_at, created_at) VALUES ('pay-0403', 'bk-0403', 24, 'card', 'paid', 0, '2026-01-24 23:00:00', '2026-01-24 23:00:00');
INSERT INTO bookings (id, booking_ref, user_id, studio_id, date, start_time, end_time, group_type, status, base_price, equipment_price, total_price, equipment, payment_method, payment_status, notes, created_at, updated_at, cancelled_at, cancel_reason) VALUES ('bk-0404', 'H3-20260129-LS4A', 'usr-031', 'le-podium', '2026-02-06', '17:00', '18:00', 'group', 'completed', 36, 0, 36, NULL, 'cash', 'paid', '', '2026-01-29 23:00:00', '2026-01-29 23:00:00', NULL, NULL);
INSERT INTO payments (id, booking_id, amount, method, status, refunded_amount, paid_at, created_at) VALUES ('pay-0404', 'bk-0404', 36, 'cash', 'paid', 0, '2026-02-06 23:00:00', '2026-01-29 23:00:00');
INSERT INTO bookings (id, booking_ref, user_id, studio_id, date, start_time, end_time, group_type, status, base_price, equipment_price, total_price, equipment, payment_method, payment_status, notes, created_at, updated_at, cancelled_at, cancel_reason) VALUES ('bk-0405', 'H3-20260131-ED8M', 'usr-048', 'le-podium', '2026-02-06', '14:00', '15:30', 'duo', 'completed', 36, 0, 36, NULL, 'cash', 'paid', '', '2026-01-31 23:00:00', '2026-01-31 23:00:00', NULL, NULL);
INSERT INTO payments (id, booking_id, amount, method, status, refunded_amount, paid_at, created_at) VALUES ('pay-0405', 'bk-0405', 36, 'cash', 'paid', 0, '2026-02-06 23:00:00', '2026-01-31 23:00:00');
INSERT INTO bookings (id, booking_ref, user_id, studio_id, date, start_time, end_time, group_type, status, base_price, equipment_price, total_price, equipment, payment_method, payment_status, notes, created_at, updated_at, cancelled_at, cancel_reason) VALUES ('bk-0406', 'H3-20260123-ST8N', 'usr-026', 'la-scene', '2026-02-06', '21:30', '22:30', 'group', 'completed', 44, 0, 44, NULL, 'cash', 'paid', '', '2026-01-23 23:00:00', '2026-01-23 23:00:00', NULL, NULL);
INSERT INTO payments (id, booking_id, amount, method, status, refunded_amount, paid_at, created_at) VALUES ('pay-0406', 'bk-0406', 44, 'cash', 'paid', 0, '2026-02-06 23:00:00', '2026-01-23 23:00:00');
INSERT INTO bookings (id, booking_ref, user_id, studio_id, date, start_time, end_time, group_type, status, base_price, equipment_price, total_price, equipment, payment_method, payment_status, notes, created_at, updated_at, cancelled_at, cancel_reason) VALUES ('bk-0407', 'H3-20260124-QKYN', 'usr-038', 'la-scene', '2026-02-06', '20:00', '21:30', 'duo', 'completed', 36, 0, 36, NULL, 'card', 'paid', '', '2026-01-24 23:00:00', '2026-01-24 23:00:00', NULL, NULL);
INSERT INTO payments (id, booking_id, amount, method, status, refunded_amount, paid_at, created_at) VALUES ('pay-0407', 'bk-0407', 36, 'card', 'paid', 0, '2026-01-24 23:00:00', '2026-01-24 23:00:00');
INSERT INTO bookings (id, booking_ref, user_id, studio_id, date, start_time, end_time, group_type, status, base_price, equipment_price, total_price, equipment, payment_method, payment_status, notes, created_at, updated_at, cancelled_at, cancel_reason) VALUES ('bk-0408', 'H3-20260127-893Q', 'usr-037', 'la-scene', '2026-02-06', '12:00', '13:00', 'duo', 'completed', 24, 0, 24, NULL, 'card', 'paid', '', '2026-01-27 23:00:00', '2026-01-27 23:00:00', NULL, NULL);
INSERT INTO payments (id, booking_id, amount, method, status, refunded_amount, paid_at, created_at) VALUES ('pay-0408', 'bk-0408', 24, 'card', 'paid', 0, '2026-01-27 23:00:00', '2026-01-27 23:00:00');
INSERT INTO bookings (id, booking_ref, user_id, studio_id, date, start_time, end_time, group_type, status, base_price, equipment_price, total_price, equipment, payment_method, payment_status, notes, created_at, updated_at, cancelled_at, cancel_reason) VALUES ('bk-0409', 'H3-20260126-BIV6', 'usr-010', 'la-scene', '2026-02-06', '17:30', '18:30', 'duo', 'completed', 24, 3, 27, '[{"id":"bass","quantity":2}]', 'card', 'paid', '', '2026-01-26 23:00:00', '2026-01-26 23:00:00', NULL, NULL);
INSERT INTO payments (id, booking_id, amount, method, status, refunded_amount, paid_at, created_at) VALUES ('pay-0409', 'bk-0409', 27, 'card', 'paid', 0, '2026-01-26 23:00:00', '2026-01-26 23:00:00');
INSERT INTO bookings (id, booking_ref, user_id, studio_id, date, start_time, end_time, group_type, status, base_price, equipment_price, total_price, equipment, payment_method, payment_status, notes, created_at, updated_at, cancelled_at, cancel_reason) VALUES ('bk-0410', 'H3-20260123-9KAB', 'usr-029', 'la-scene', '2026-02-06', '15:00', '16:00', 'duo', 'completed', 24, 0, 24, NULL, 'cash', 'paid', '', '2026-01-23 23:00:00', '2026-01-23 23:00:00', NULL, NULL);
INSERT INTO payments (id, booking_id, amount, method, status, refunded_amount, paid_at, created_at) VALUES ('pay-0410', 'bk-0410', 24, 'cash', 'paid', 0, '2026-02-06 23:00:00', '2026-01-23 23:00:00');
INSERT INTO bookings (id, booking_ref, user_id, studio_id, date, start_time, end_time, group_type, status, base_price, equipment_price, total_price, equipment, payment_method, payment_status, notes, created_at, updated_at, cancelled_at, cancel_reason) VALUES ('bk-0411', 'H3-20260202-CH2X', 'usr-019', 'la-scene', '2026-02-07', '20:00', '21:30', 'solo', 'completed', 18, 0, 18, NULL, 'card', 'paid', '', '2026-02-02 23:00:00', '2026-02-02 23:00:00', NULL, NULL);
INSERT INTO payments (id, booking_id, amount, method, status, refunded_amount, paid_at, created_at) VALUES ('pay-0411', 'bk-0411', 18, 'card', 'paid', 0, '2026-02-02 23:00:00', '2026-02-02 23:00:00');
INSERT INTO bookings (id, booking_ref, user_id, studio_id, date, start_time, end_time, group_type, status, base_price, equipment_price, total_price, equipment, payment_method, payment_status, notes, created_at, updated_at, cancelled_at, cancel_reason) VALUES ('bk-0412', 'H3-20260128-KTD3', 'usr-040', 'le-podium', '2026-02-07', '12:30', '14:00', 'group', 'completed', 54, 3, 57, '[{"id":"bass","quantity":1}]', 'card', 'paid', '', '2026-01-28 23:00:00', '2026-01-28 23:00:00', NULL, NULL);
INSERT INTO payments (id, booking_id, amount, method, status, refunded_amount, paid_at, created_at) VALUES ('pay-0412', 'bk-0412', 57, 'card', 'paid', 0, '2026-01-28 23:00:00', '2026-01-28 23:00:00');
INSERT INTO bookings (id, booking_ref, user_id, studio_id, date, start_time, end_time, group_type, status, base_price, equipment_price, total_price, equipment, payment_method, payment_status, notes, created_at, updated_at, cancelled_at, cancel_reason) VALUES ('bk-0413', 'H3-20260131-OEDF', 'usr-029', 'le-podium', '2026-02-07', '17:30', '18:30', 'solo', 'no-show', 12, 8, 20, '[{"id":"piano","quantity":1},{"id":"mic","quantity":2}]', 'card', 'paid', '', '2026-01-31 23:00:00', '2026-01-31 23:00:00', NULL, NULL);
INSERT INTO payments (id, booking_id, amount, method, status, refunded_amount, paid_at, created_at) VALUES ('pay-0413', 'bk-0413', 20, 'card', 'paid', 0, '2026-01-31 23:00:00', '2026-01-31 23:00:00');
INSERT INTO bookings (id, booking_ref, user_id, studio_id, date, start_time, end_time, group_type, status, base_price, equipment_price, total_price, equipment, payment_method, payment_status, notes, created_at, updated_at, cancelled_at, cancel_reason) VALUES ('bk-0414', 'H3-20260127-ROZC', 'usr-009', 'la-scene', '2026-02-07', '19:00', '20:00', 'duo', 'completed', 24, 0, 24, NULL, 'card', 'paid', '', '2026-01-27 23:00:00', '2026-01-27 23:00:00', NULL, NULL);
INSERT INTO payments (id, booking_id, amount, method, status, refunded_amount, paid_at, created_at) VALUES ('pay-0414', 'bk-0414', 24, 'card', 'paid', 0, '2026-01-27 23:00:00', '2026-01-27 23:00:00');
INSERT INTO bookings (id, booking_ref, user_id, studio_id, date, start_time, end_time, group_type, status, base_price, equipment_price, total_price, equipment, payment_method, payment_status, notes, created_at, updated_at, cancelled_at, cancel_reason) VALUES ('bk-0415', 'H3-20260126-DJF6', 'usr-046', 'la-scene', '2026-02-07', '11:30', '13:00', 'solo', 'completed', 18, 0, 18, NULL, 'cash', 'paid', '', '2026-01-26 23:00:00', '2026-01-26 23:00:00', NULL, NULL);
INSERT INTO payments (id, booking_id, amount, method, status, refunded_amount, paid_at, created_at) VALUES ('pay-0415', 'bk-0415', 18, 'cash', 'paid', 0, '2026-02-07 23:00:00', '2026-01-26 23:00:00');
INSERT INTO bookings (id, booking_ref, user_id, studio_id, date, start_time, end_time, group_type, status, base_price, equipment_price, total_price, equipment, payment_method, payment_status, notes, created_at, updated_at, cancelled_at, cancel_reason) VALUES ('bk-0416', 'H3-20260129-JDOC', 'usr-041', 'le-podium', '2026-02-07', '14:30', '15:30', 'duo', 'completed', 24, 6, 30, '[{"id":"piano","quantity":2}]', 'card', 'paid', '', '2026-01-29 23:00:00', '2026-01-29 23:00:00', NULL, NULL);
INSERT INTO payments (id, booking_id, amount, method, status, refunded_amount, paid_at, created_at) VALUES ('pay-0416', 'bk-0416', 30, 'card', 'paid', 0, '2026-01-29 23:00:00', '2026-01-29 23:00:00');
INSERT INTO bookings (id, booking_ref, user_id, studio_id, date, start_time, end_time, group_type, status, base_price, equipment_price, total_price, equipment, payment_method, payment_status, notes, created_at, updated_at, cancelled_at, cancel_reason) VALUES ('bk-0417', 'H3-20260131-1U26', 'usr-018', 'le-podium', '2026-02-07', '22:30', '23:30', 'solo', 'completed', 12, 0, 12, NULL, 'cash', 'paid', '', '2026-01-31 23:00:00', '2026-01-31 23:00:00', NULL, NULL);
INSERT INTO payments (id, booking_id, amount, method, status, refunded_amount, paid_at, created_at) VALUES ('pay-0417', 'bk-0417', 12, 'cash', 'paid', 0, '2026-02-07 23:00:00', '2026-01-31 23:00:00');
INSERT INTO bookings (id, booking_ref, user_id, studio_id, date, start_time, end_time, group_type, status, base_price, equipment_price, total_price, equipment, payment_method, payment_status, notes, created_at, updated_at, cancelled_at, cancel_reason) VALUES ('bk-0418', 'H3-20260202-8RBU', 'usr-002', 'la-scene', '2026-02-07', '10:30', '11:30', 'solo', 'cancelled', 12, 0, 12, NULL, 'cash', 'pending', '', '2026-02-02 23:00:00', '2026-02-02 23:00:00', '2026-02-03 23:00:00', 'Changement de plans');
INSERT INTO payments (id, booking_id, amount, method, status, refunded_amount, paid_at, created_at) VALUES ('pay-0418', 'bk-0418', 12, 'cash', 'pending', 0, NULL, '2026-02-02 23:00:00');
INSERT INTO bookings (id, booking_ref, user_id, studio_id, date, start_time, end_time, group_type, status, base_price, equipment_price, total_price, equipment, payment_method, payment_status, notes, created_at, updated_at, cancelled_at, cancel_reason) VALUES ('bk-0419', 'H3-20260205-A5QO', 'usr-016', 'la-scene', '2026-02-07', '14:30', '16:00', 'solo', 'cancelled', 18, 0, 18, NULL, 'card', 'paid', '', '2026-02-05 23:00:00', '2026-02-05 23:00:00', '2026-02-07 23:00:00', 'Maladie');
INSERT INTO payments (id, booking_id, amount, method, status, refunded_amount, paid_at, created_at) VALUES ('pay-0419', 'bk-0419', 18, 'card', 'paid', 0, '2026-02-05 23:00:00', '2026-02-05 23:00:00');
INSERT INTO bookings (id, booking_ref, user_id, studio_id, date, start_time, end_time, group_type, status, base_price, equipment_price, total_price, equipment, payment_method, payment_status, notes, created_at, updated_at, cancelled_at, cancel_reason) VALUES ('bk-0420', 'H3-20260203-KRWD', 'usr-008', 'le-podium', '2026-02-07', '16:30', '17:30', 'group', 'no-show', 36, 0, 36, NULL, 'card', 'paid', '', '2026-02-03 23:00:00', '2026-02-03 23:00:00', NULL, NULL);
INSERT INTO payments (id, booking_id, amount, method, status, refunded_amount, paid_at, created_at) VALUES ('pay-0420', 'bk-0420', 36, 'card', 'paid', 0, '2026-02-03 23:00:00', '2026-02-03 23:00:00');
INSERT INTO bookings (id, booking_ref, user_id, studio_id, date, start_time, end_time, group_type, status, base_price, equipment_price, total_price, equipment, payment_method, payment_status, notes, created_at, updated_at, cancelled_at, cancel_reason) VALUES ('bk-0421', 'H3-20260206-CAKK', 'usr-012', 'la-scene', '2026-02-07', '22:00', '23:00', 'group', 'completed', 44, 9, 53, '[{"id":"guitar","quantity":1},{"id":"piano","quantity":2}]', 'cash', 'paid', '', '2026-02-06 23:00:00', '2026-02-06 23:00:00', NULL, NULL);
INSERT INTO payments (id, booking_id, amount, method, status, refunded_amount, paid_at, created_at) VALUES ('pay-0421', 'bk-0421', 53, 'cash', 'paid', 0, '2026-02-07 23:00:00', '2026-02-06 23:00:00');
INSERT INTO bookings (id, booking_ref, user_id, studio_id, date, start_time, end_time, group_type, status, base_price, equipment_price, total_price, equipment, payment_method, payment_status, notes, created_at, updated_at, cancelled_at, cancel_reason) VALUES ('bk-0422', 'H3-20260127-J1IJ', 'usr-028', 'le-podium', '2026-02-07', '09:00', '10:30', 'solo', 'completed', 18, 0, 18, NULL, 'card', 'paid', '', '2026-01-27 23:00:00', '2026-01-27 23:00:00', NULL, NULL);
INSERT INTO payments (id, booking_id, amount, method, status, refunded_amount, paid_at, created_at) VALUES ('pay-0422', 'bk-0422', 18, 'card', 'paid', 0, '2026-01-27 23:00:00', '2026-01-27 23:00:00');
INSERT INTO bookings (id, booking_ref, user_id, studio_id, date, start_time, end_time, group_type, status, base_price, equipment_price, total_price, equipment, payment_method, payment_status, notes, created_at, updated_at, cancelled_at, cancel_reason) VALUES ('bk-0423', 'H3-20260127-RSU6', 'usr-010', 'le-podium', '2026-02-08', '22:30', '23:30', 'solo', 'completed', 12, 0, 12, NULL, 'card', 'paid', '', '2026-01-27 23:00:00', '2026-01-27 23:00:00', NULL, NULL);
INSERT INTO payments (id, booking_id, amount, method, status, refunded_amount, paid_at, created_at) VALUES ('pay-0423', 'bk-0423', 12, 'card', 'paid', 0, '2026-01-27 23:00:00', '2026-01-27 23:00:00');
INSERT INTO bookings (id, booking_ref, user_id, studio_id, date, start_time, end_time, group_type, status, base_price, equipment_price, total_price, equipment, payment_method, payment_status, notes, created_at, updated_at, cancelled_at, cancel_reason) VALUES ('bk-0424', 'H3-20260131-5EE9', 'usr-009', 'la-scene', '2026-02-08', '19:30', '20:30', 'solo', 'completed', 12, 0, 12, NULL, 'card', 'paid', '', '2026-01-31 23:00:00', '2026-01-31 23:00:00', NULL, NULL);
INSERT INTO payments (id, booking_id, amount, method, status, refunded_amount, paid_at, created_at) VALUES ('pay-0424', 'bk-0424', 12, 'card', 'paid', 0, '2026-01-31 23:00:00', '2026-01-31 23:00:00');
INSERT INTO bookings (id, booking_ref, user_id, studio_id, date, start_time, end_time, group_type, status, base_price, equipment_price, total_price, equipment, payment_method, payment_status, notes, created_at, updated_at, cancelled_at, cancel_reason) VALUES ('bk-0425', 'H3-20260203-9MH0', 'usr-045', 'la-scene', '2026-02-08', '17:30', '19:00', 'solo', 'completed', 18, 0, 18, NULL, 'card', 'paid', '', '2026-02-03 23:00:00', '2026-02-03 23:00:00', NULL, NULL);
INSERT INTO payments (id, booking_id, amount, method, status, refunded_amount, paid_at, created_at) VALUES ('pay-0425', 'bk-0425', 18, 'card', 'paid', 0, '2026-02-03 23:00:00', '2026-02-03 23:00:00');
INSERT INTO bookings (id, booking_ref, user_id, studio_id, date, start_time, end_time, group_type, status, base_price, equipment_price, total_price, equipment, payment_method, payment_status, notes, created_at, updated_at, cancelled_at, cancel_reason) VALUES ('bk-0426', 'H3-20260201-61OT', 'usr-042', 'le-podium', '2026-02-08', '11:30', '13:00', 'solo', 'completed', 18, 3, 21, '[{"id":"piano","quantity":1}]', 'cash', 'paid', '', '2026-02-01 23:00:00', '2026-02-01 23:00:00', NULL, NULL);
INSERT INTO payments (id, booking_id, amount, method, status, refunded_amount, paid_at, created_at) VALUES ('pay-0426', 'bk-0426', 21, 'cash', 'paid', 0, '2026-02-08 23:00:00', '2026-02-01 23:00:00');
INSERT INTO bookings (id, booking_ref, user_id, studio_id, date, start_time, end_time, group_type, status, base_price, equipment_price, total_price, equipment, payment_method, payment_status, notes, created_at, updated_at, cancelled_at, cancel_reason) VALUES ('bk-0427', 'H3-20260129-EE3U', 'usr-021', 'le-podium', '2026-02-08', '13:30', '15:00', 'duo', 'completed', 36, 0, 36, NULL, 'card', 'paid', '', '2026-01-29 23:00:00', '2026-01-29 23:00:00', NULL, NULL);
INSERT INTO payments (id, booking_id, amount, method, status, refunded_amount, paid_at, created_at) VALUES ('pay-0427', 'bk-0427', 36, 'card', 'paid', 0, '2026-01-29 23:00:00', '2026-01-29 23:00:00');
INSERT INTO bookings (id, booking_ref, user_id, studio_id, date, start_time, end_time, group_type, status, base_price, equipment_price, total_price, equipment, payment_method, payment_status, notes, created_at, updated_at, cancelled_at, cancel_reason) VALUES ('bk-0428', 'H3-20260129-7H4D', 'usr-042', 'le-podium', '2026-02-08', '10:00', '11:00', 'solo', 'completed', 12, 0, 12, NULL, 'card', 'paid', '', '2026-01-29 23:00:00', '2026-01-29 23:00:00', NULL, NULL);
INSERT INTO payments (id, booking_id, amount, method, status, refunded_amount, paid_at, created_at) VALUES ('pay-0428', 'bk-0428', 12, 'card', 'paid', 0, '2026-01-29 23:00:00', '2026-01-29 23:00:00');
INSERT INTO bookings (id, booking_ref, user_id, studio_id, date, start_time, end_time, group_type, status, base_price, equipment_price, total_price, equipment, payment_method, payment_status, notes, created_at, updated_at, cancelled_at, cancel_reason) VALUES ('bk-0429', 'H3-20260202-S3JZ', 'usr-039', 'la-scene', '2026-02-08', '15:30', '17:00', 'duo', 'completed', 36, 3, 39, '[{"id":"bass","quantity":2}]', 'cash', 'paid', '', '2026-02-02 23:00:00', '2026-02-02 23:00:00', NULL, NULL);
INSERT INTO payments (id, booking_id, amount, method, status, refunded_amount, paid_at, created_at) VALUES ('pay-0429', 'bk-0429', 39, 'cash', 'paid', 0, '2026-02-08 23:00:00', '2026-02-02 23:00:00');
INSERT INTO bookings (id, booking_ref, user_id, studio_id, date, start_time, end_time, group_type, status, base_price, equipment_price, total_price, equipment, payment_method, payment_status, notes, created_at, updated_at, cancelled_at, cancel_reason) VALUES ('bk-0430', 'H3-20260130-MDMS', 'usr-008', 'la-scene', '2026-02-08', '22:30', '23:30', 'group', 'completed', 44, 0, 44, NULL, 'card', 'paid', '', '2026-01-30 23:00:00', '2026-01-30 23:00:00', NULL, NULL);
INSERT INTO payments (id, booking_id, amount, method, status, refunded_amount, paid_at, created_at) VALUES ('pay-0430', 'bk-0430', 44, 'card', 'paid', 0, '2026-01-30 23:00:00', '2026-01-30 23:00:00');
INSERT INTO bookings (id, booking_ref, user_id, studio_id, date, start_time, end_time, group_type, status, base_price, equipment_price, total_price, equipment, payment_method, payment_status, notes, created_at, updated_at, cancelled_at, cancel_reason) VALUES ('bk-0431', 'H3-20260127-XA4R', 'usr-017', 'la-scene', '2026-02-08', '20:30', '22:00', 'group', 'completed', 66, 0, 66, NULL, 'cash', 'paid', '', '2026-01-27 23:00:00', '2026-01-27 23:00:00', NULL, NULL);
INSERT INTO payments (id, booking_id, amount, method, status, refunded_amount, paid_at, created_at) VALUES ('pay-0431', 'bk-0431', 66, 'cash', 'paid', 0, '2026-02-08 23:00:00', '2026-01-27 23:00:00');
INSERT INTO bookings (id, booking_ref, user_id, studio_id, date, start_time, end_time, group_type, status, base_price, equipment_price, total_price, equipment, payment_method, payment_status, notes, created_at, updated_at, cancelled_at, cancel_reason) VALUES ('bk-0432', 'H3-20260127-HYJP', 'usr-042', 'le-podium', '2026-02-08', '19:00', '20:30', 'solo', 'completed', 18, 0, 18, NULL, 'cash', 'paid', '', '2026-01-27 23:00:00', '2026-01-27 23:00:00', NULL, NULL);
INSERT INTO payments (id, booking_id, amount, method, status, refunded_amount, paid_at, created_at) VALUES ('pay-0432', 'bk-0432', 18, 'cash', 'paid', 0, '2026-02-08 23:00:00', '2026-01-27 23:00:00');
INSERT INTO bookings (id, booking_ref, user_id, studio_id, date, start_time, end_time, group_type, status, base_price, equipment_price, total_price, equipment, payment_method, payment_status, notes, created_at, updated_at, cancelled_at, cancel_reason) VALUES ('bk-0433', 'H3-20260131-82OP', 'usr-006', 'la-scene', '2026-02-09', '09:30', '10:30', 'duo', 'completed', 24, 0, 24, NULL, 'cash', 'paid', '', '2026-01-31 23:00:00', '2026-01-31 23:00:00', NULL, NULL);
INSERT INTO payments (id, booking_id, amount, method, status, refunded_amount, paid_at, created_at) VALUES ('pay-0433', 'bk-0433', 24, 'cash', 'paid', 0, '2026-02-09 23:00:00', '2026-01-31 23:00:00');
INSERT INTO bookings (id, booking_ref, user_id, studio_id, date, start_time, end_time, group_type, status, base_price, equipment_price, total_price, equipment, payment_method, payment_status, notes, created_at, updated_at, cancelled_at, cancel_reason) VALUES ('bk-0434', 'H3-20260208-0RNI', 'usr-045', 'la-scene', '2026-02-09', '17:30', '18:30', 'solo', 'completed', 12, 0, 12, NULL, 'card', 'paid', '', '2026-02-08 23:00:00', '2026-02-08 23:00:00', NULL, NULL);
INSERT INTO payments (id, booking_id, amount, method, status, refunded_amount, paid_at, created_at) VALUES ('pay-0434', 'bk-0434', 12, 'card', 'paid', 0, '2026-02-08 23:00:00', '2026-02-08 23:00:00');
INSERT INTO bookings (id, booking_ref, user_id, studio_id, date, start_time, end_time, group_type, status, base_price, equipment_price, total_price, equipment, payment_method, payment_status, notes, created_at, updated_at, cancelled_at, cancel_reason) VALUES ('bk-0435', 'H3-20260208-9UVQ', 'usr-034', 'le-podium', '2026-02-09', '13:00', '14:00', 'duo', 'completed', 24, 0, 24, NULL, 'card', 'paid', '', '2026-02-08 23:00:00', '2026-02-08 23:00:00', NULL, NULL);
INSERT INTO payments (id, booking_id, amount, method, status, refunded_amount, paid_at, created_at) VALUES ('pay-0435', 'bk-0435', 24, 'card', 'paid', 0, '2026-02-08 23:00:00', '2026-02-08 23:00:00');
INSERT INTO bookings (id, booking_ref, user_id, studio_id, date, start_time, end_time, group_type, status, base_price, equipment_price, total_price, equipment, payment_method, payment_status, notes, created_at, updated_at, cancelled_at, cancel_reason) VALUES ('bk-0436', 'H3-20260203-RTCQ', 'usr-014', 'le-podium', '2026-02-09', '21:00', '22:30', 'solo', 'completed', 18, 8, 26, '[{"id":"mic","quantity":2},{"id":"bass","quantity":2}]', 'cash', 'paid', '', '2026-02-03 23:00:00', '2026-02-03 23:00:00', NULL, NULL);
INSERT INTO payments (id, booking_id, amount, method, status, refunded_amount, paid_at, created_at) VALUES ('pay-0436', 'bk-0436', 26, 'cash', 'paid', 0, '2026-02-09 23:00:00', '2026-02-03 23:00:00');
INSERT INTO bookings (id, booking_ref, user_id, studio_id, date, start_time, end_time, group_type, status, base_price, equipment_price, total_price, equipment, payment_method, payment_status, notes, created_at, updated_at, cancelled_at, cancel_reason) VALUES ('bk-0437', 'H3-20260208-3S66', 'usr-047', 'le-podium', '2026-02-09', '18:00', '19:00', 'solo', 'completed', 12, 0, 12, NULL, 'card', 'paid', '', '2026-02-08 23:00:00', '2026-02-08 23:00:00', NULL, NULL);
INSERT INTO payments (id, booking_id, amount, method, status, refunded_amount, paid_at, created_at) VALUES ('pay-0437', 'bk-0437', 12, 'card', 'paid', 0, '2026-02-08 23:00:00', '2026-02-08 23:00:00');
INSERT INTO bookings (id, booking_ref, user_id, studio_id, date, start_time, end_time, group_type, status, base_price, equipment_price, total_price, equipment, payment_method, payment_status, notes, created_at, updated_at, cancelled_at, cancel_reason) VALUES ('bk-0438', 'H3-20260203-YXSR', 'usr-019', 'la-scene', '2026-02-09', '10:30', '11:30', 'solo', 'completed', 12, 3, 15, '[{"id":"bass","quantity":1}]', 'cash', 'paid', '', '2026-02-03 23:00:00', '2026-02-03 23:00:00', NULL, NULL);
INSERT INTO payments (id, booking_id, amount, method, status, refunded_amount, paid_at, created_at) VALUES ('pay-0438', 'bk-0438', 15, 'cash', 'paid', 0, '2026-02-09 23:00:00', '2026-02-03 23:00:00');
INSERT INTO bookings (id, booking_ref, user_id, studio_id, date, start_time, end_time, group_type, status, base_price, equipment_price, total_price, equipment, payment_method, payment_status, notes, created_at, updated_at, cancelled_at, cancel_reason) VALUES ('bk-0439', 'H3-20260203-L6YM', 'usr-006', 'le-podium', '2026-02-09', '19:30', '21:00', 'group', 'completed', 54, 0, 54, NULL, 'card', 'paid', '', '2026-02-03 23:00:00', '2026-02-03 23:00:00', NULL, NULL);
INSERT INTO payments (id, booking_id, amount, method, status, refunded_amount, paid_at, created_at) VALUES ('pay-0439', 'bk-0439', 54, 'card', 'paid', 0, '2026-02-03 23:00:00', '2026-02-03 23:00:00');
INSERT INTO bookings (id, booking_ref, user_id, studio_id, date, start_time, end_time, group_type, status, base_price, equipment_price, total_price, equipment, payment_method, payment_status, notes, created_at, updated_at, cancelled_at, cancel_reason) VALUES ('bk-0440', 'H3-20260130-TPU1', 'usr-039', 'la-scene', '2026-02-09', '19:30', '20:30', 'group', 'completed', 44, 0, 44, NULL, 'card', 'paid', '', '2026-01-30 23:00:00', '2026-01-30 23:00:00', NULL, NULL);
INSERT INTO payments (id, booking_id, amount, method, status, refunded_amount, paid_at, created_at) VALUES ('pay-0440', 'bk-0440', 44, 'card', 'paid', 0, '2026-01-30 23:00:00', '2026-01-30 23:00:00');
INSERT INTO bookings (id, booking_ref, user_id, studio_id, date, start_time, end_time, group_type, status, base_price, equipment_price, total_price, equipment, payment_method, payment_status, notes, created_at, updated_at, cancelled_at, cancel_reason) VALUES ('bk-0441', 'H3-20260129-Y1VI', 'usr-014', 'le-podium', '2026-02-09', '15:00', '16:00', 'duo', 'completed', 24, 0, 24, NULL, 'cash', 'paid', '', '2026-01-29 23:00:00', '2026-01-29 23:00:00', NULL, NULL);
INSERT INTO payments (id, booking_id, amount, method, status, refunded_amount, paid_at, created_at) VALUES ('pay-0441', 'bk-0441', 24, 'cash', 'paid', 0, '2026-02-09 23:00:00', '2026-01-29 23:00:00');
INSERT INTO bookings (id, booking_ref, user_id, studio_id, date, start_time, end_time, group_type, status, base_price, equipment_price, total_price, equipment, payment_method, payment_status, notes, created_at, updated_at, cancelled_at, cancel_reason) VALUES ('bk-0442', 'H3-20260208-IPNT', 'usr-006', 'le-podium', '2026-02-10', '09:00', '10:00', 'solo', 'completed', 12, 0, 12, NULL, 'card', 'paid', '', '2026-02-08 23:00:00', '2026-02-08 23:00:00', NULL, NULL);
INSERT INTO payments (id, booking_id, amount, method, status, refunded_amount, paid_at, created_at) VALUES ('pay-0442', 'bk-0442', 12, 'card', 'paid', 0, '2026-02-08 23:00:00', '2026-02-08 23:00:00');
INSERT INTO bookings (id, booking_ref, user_id, studio_id, date, start_time, end_time, group_type, status, base_price, equipment_price, total_price, equipment, payment_method, payment_status, notes, created_at, updated_at, cancelled_at, cancel_reason) VALUES ('bk-0443', 'H3-20260204-ZV0C', 'usr-014', 'le-podium', '2026-02-10', '15:30', '16:30', 'solo', 'completed', 12, 0, 12, NULL, 'cash', 'paid', '', '2026-02-04 23:00:00', '2026-02-04 23:00:00', NULL, NULL);
INSERT INTO payments (id, booking_id, amount, method, status, refunded_amount, paid_at, created_at) VALUES ('pay-0443', 'bk-0443', 12, 'cash', 'paid', 0, '2026-02-10 23:00:00', '2026-02-04 23:00:00');
INSERT INTO bookings (id, booking_ref, user_id, studio_id, date, start_time, end_time, group_type, status, base_price, equipment_price, total_price, equipment, payment_method, payment_status, notes, created_at, updated_at, cancelled_at, cancel_reason) VALUES ('bk-0444', 'H3-20260209-KP66', 'usr-045', 'le-podium', '2026-02-10', '10:00', '11:00', 'solo', 'completed', 12, 6, 18, '[{"id":"cymbal","quantity":2},{"id":"piano","quantity":1}]', 'card', 'paid', '', '2026-02-09 23:00:00', '2026-02-09 23:00:00', NULL, NULL);
INSERT INTO payments (id, booking_id, amount, method, status, refunded_amount, paid_at, created_at) VALUES ('pay-0444', 'bk-0444', 18, 'card', 'paid', 0, '2026-02-09 23:00:00', '2026-02-09 23:00:00');
INSERT INTO bookings (id, booking_ref, user_id, studio_id, date, start_time, end_time, group_type, status, base_price, equipment_price, total_price, equipment, payment_method, payment_status, notes, created_at, updated_at, cancelled_at, cancel_reason) VALUES ('bk-0445', 'H3-20260208-C1QT', 'usr-037', 'la-scene', '2026-02-10', '14:30', '16:00', 'group', 'completed', 54, 8, 62, '[{"id":"mic","quantity":2},{"id":"piano","quantity":1}]', 'cash', 'paid', '', '2026-02-08 23:00:00', '2026-02-08 23:00:00', NULL, NULL);
INSERT INTO payments (id, booking_id, amount, method, status, refunded_amount, paid_at, created_at) VALUES ('pay-0445', 'bk-0445', 62, 'cash', 'paid', 0, '2026-02-10 23:00:00', '2026-02-08 23:00:00');
INSERT INTO bookings (id, booking_ref, user_id, studio_id, date, start_time, end_time, group_type, status, base_price, equipment_price, total_price, equipment, payment_method, payment_status, notes, created_at, updated_at, cancelled_at, cancel_reason) VALUES ('bk-0446', 'H3-20260208-G3D6', 'usr-016', 'le-podium', '2026-02-10', '17:30', '19:00', 'solo', 'completed', 18, 8, 26, '[{"id":"piano","quantity":1},{"id":"mic","quantity":2}]', 'card', 'paid', '', '2026-02-08 23:00:00', '2026-02-08 23:00:00', NULL, NULL);
INSERT INTO payments (id, booking_id, amount, method, status, refunded_amount, paid_at, created_at) VALUES ('pay-0446', 'bk-0446', 26, 'card', 'paid', 0, '2026-02-08 23:00:00', '2026-02-08 23:00:00');
INSERT INTO bookings (id, booking_ref, user_id, studio_id, date, start_time, end_time, group_type, status, base_price, equipment_price, total_price, equipment, payment_method, payment_status, notes, created_at, updated_at, cancelled_at, cancel_reason) VALUES ('bk-0447', 'H3-20260206-YHQ6', 'usr-048', 'le-podium', '2026-02-10', '20:30', '21:30', 'duo', 'completed', 24, 11, 35, '[{"id":"mic","quantity":2},{"id":"guitar","quantity":2}]', 'card', 'paid', '', '2026-02-06 23:00:00', '2026-02-06 23:00:00', NULL, NULL);
INSERT INTO payments (id, booking_id, amount, method, status, refunded_amount, paid_at, created_at) VALUES ('pay-0447', 'bk-0447', 35, 'card', 'paid', 0, '2026-02-06 23:00:00', '2026-02-06 23:00:00');
INSERT INTO bookings (id, booking_ref, user_id, studio_id, date, start_time, end_time, group_type, status, base_price, equipment_price, total_price, equipment, payment_method, payment_status, notes, created_at, updated_at, cancelled_at, cancel_reason) VALUES ('bk-0448', 'H3-20260205-EGGT', 'usr-029', 'la-scene', '2026-02-10', '18:00', '19:00', 'group', 'completed', 44, 0, 44, NULL, 'card', 'paid', '', '2026-02-05 23:00:00', '2026-02-05 23:00:00', NULL, NULL);
INSERT INTO payments (id, booking_id, amount, method, status, refunded_amount, paid_at, created_at) VALUES ('pay-0448', 'bk-0448', 44, 'card', 'paid', 0, '2026-02-05 23:00:00', '2026-02-05 23:00:00');
INSERT INTO bookings (id, booking_ref, user_id, studio_id, date, start_time, end_time, group_type, status, base_price, equipment_price, total_price, equipment, payment_method, payment_status, notes, created_at, updated_at, cancelled_at, cancel_reason) VALUES ('bk-0449', 'H3-20260207-NKEL', 'usr-002', 'la-scene', '2026-02-10', '22:00', '23:00', 'duo', 'no-show', 24, 0, 24, NULL, 'card', 'paid', '', '2026-02-07 23:00:00', '2026-02-07 23:00:00', NULL, NULL);
INSERT INTO payments (id, booking_id, amount, method, status, refunded_amount, paid_at, created_at) VALUES ('pay-0449', 'bk-0449', 24, 'card', 'paid', 0, '2026-02-07 23:00:00', '2026-02-07 23:00:00');
INSERT INTO bookings (id, booking_ref, user_id, studio_id, date, start_time, end_time, group_type, status, base_price, equipment_price, total_price, equipment, payment_method, payment_status, notes, created_at, updated_at, cancelled_at, cancel_reason) VALUES ('bk-0450', 'H3-20260204-Q9WS', 'usr-014', 'la-scene', '2026-02-10', '12:00', '13:30', 'solo', 'cancelled', 18, 3, 21, '[{"id":"mic","quantity":1}]', 'card', 'paid', '', '2026-02-04 23:00:00', '2026-02-04 23:00:00', '2026-02-06 23:00:00', 'Maladie');
INSERT INTO payments (id, booking_id, amount, method, status, refunded_amount, paid_at, created_at) VALUES ('pay-0450', 'bk-0450', 21, 'card', 'paid', 0, '2026-02-04 23:00:00', '2026-02-04 23:00:00');
INSERT INTO bookings (id, booking_ref, user_id, studio_id, date, start_time, end_time, group_type, status, base_price, equipment_price, total_price, equipment, payment_method, payment_status, notes, created_at, updated_at, cancelled_at, cancel_reason) VALUES ('bk-0451', 'H3-20260209-S4Y9', 'usr-026', 'le-podium', '2026-02-10', '22:30', '23:30', 'group', 'no-show', 36, 0, 36, NULL, 'card', 'paid', '', '2026-02-09 23:00:00', '2026-02-09 23:00:00', NULL, NULL);
INSERT INTO payments (id, booking_id, amount, method, status, refunded_amount, paid_at, created_at) VALUES ('pay-0451', 'bk-0451', 36, 'card', 'paid', 0, '2026-02-09 23:00:00', '2026-02-09 23:00:00');
INSERT INTO bookings (id, booking_ref, user_id, studio_id, date, start_time, end_time, group_type, status, base_price, equipment_price, total_price, equipment, payment_method, payment_status, notes, created_at, updated_at, cancelled_at, cancel_reason) VALUES ('bk-0452', 'H3-20260128-RW9M', 'usr-040', 'la-scene', '2026-02-10', '10:30', '12:00', 'solo', 'completed', 18, 0, 18, NULL, 'card', 'paid', '', '2026-01-28 23:00:00', '2026-01-28 23:00:00', NULL, NULL);
INSERT INTO payments (id, booking_id, amount, method, status, refunded_amount, paid_at, created_at) VALUES ('pay-0452', 'bk-0452', 18, 'card', 'paid', 0, '2026-01-28 23:00:00', '2026-01-28 23:00:00');
INSERT INTO bookings (id, booking_ref, user_id, studio_id, date, start_time, end_time, group_type, status, base_price, equipment_price, total_price, equipment, payment_method, payment_status, notes, created_at, updated_at, cancelled_at, cancel_reason) VALUES ('bk-0453', 'H3-20260130-LNMY', 'usr-002', 'la-scene', '2026-02-10', '19:00', '20:30', 'solo', 'completed', 18, 3, 21, '[{"id":"mic","quantity":1}]', 'card', 'paid', '', '2026-01-30 23:00:00', '2026-01-30 23:00:00', NULL, NULL);
INSERT INTO payments (id, booking_id, amount, method, status, refunded_amount, paid_at, created_at) VALUES ('pay-0453', 'bk-0453', 21, 'card', 'paid', 0, '2026-01-30 23:00:00', '2026-01-30 23:00:00');
INSERT INTO bookings (id, booking_ref, user_id, studio_id, date, start_time, end_time, group_type, status, base_price, equipment_price, total_price, equipment, payment_method, payment_status, notes, created_at, updated_at, cancelled_at, cancel_reason) VALUES ('bk-0454', 'H3-20260204-O9MV', 'usr-007', 'la-scene', '2026-02-11', '18:30', '20:00', 'solo', 'completed', 18, 3, 21, '[{"id":"cymbal","quantity":1}]', 'cash', 'paid', '', '2026-02-04 23:00:00', '2026-02-04 23:00:00', NULL, NULL);
INSERT INTO payments (id, booking_id, amount, method, status, refunded_amount, paid_at, created_at) VALUES ('pay-0454', 'bk-0454', 21, 'cash', 'paid', 0, '2026-02-11 23:00:00', '2026-02-04 23:00:00');
INSERT INTO bookings (id, booking_ref, user_id, studio_id, date, start_time, end_time, group_type, status, base_price, equipment_price, total_price, equipment, payment_method, payment_status, notes, created_at, updated_at, cancelled_at, cancel_reason) VALUES ('bk-0455', 'H3-20260131-20Y2', 'usr-012', 'la-scene', '2026-02-11', '13:30', '15:00', 'group', 'completed', 54, 0, 54, NULL, 'card', 'paid', '', '2026-01-31 23:00:00', '2026-01-31 23:00:00', NULL, NULL);
INSERT INTO payments (id, booking_id, amount, method, status, refunded_amount, paid_at, created_at) VALUES ('pay-0455', 'bk-0455', 54, 'card', 'paid', 0, '2026-01-31 23:00:00', '2026-01-31 23:00:00');
INSERT INTO bookings (id, booking_ref, user_id, studio_id, date, start_time, end_time, group_type, status, base_price, equipment_price, total_price, equipment, payment_method, payment_status, notes, created_at, updated_at, cancelled_at, cancel_reason) VALUES ('bk-0456', 'H3-20260131-B3HO', 'usr-025', 'le-podium', '2026-02-11', '13:30', '15:00', 'solo', 'completed', 18, 0, 18, NULL, 'card', 'paid', '', '2026-01-31 23:00:00', '2026-01-31 23:00:00', NULL, NULL);
INSERT INTO payments (id, booking_id, amount, method, status, refunded_amount, paid_at, created_at) VALUES ('pay-0456', 'bk-0456', 18, 'card', 'paid', 0, '2026-01-31 23:00:00', '2026-01-31 23:00:00');
INSERT INTO bookings (id, booking_ref, user_id, studio_id, date, start_time, end_time, group_type, status, base_price, equipment_price, total_price, equipment, payment_method, payment_status, notes, created_at, updated_at, cancelled_at, cancel_reason) VALUES ('bk-0457', 'H3-20260205-ELKP', 'usr-027', 'la-scene', '2026-02-11', '09:30', '10:30', 'group', 'completed', 36, 0, 36, NULL, 'card', 'paid', '', '2026-02-05 23:00:00', '2026-02-05 23:00:00', NULL, NULL);
INSERT INTO payments (id, booking_id, amount, method, status, refunded_amount, paid_at, created_at) VALUES ('pay-0457', 'bk-0457', 36, 'card', 'paid', 0, '2026-02-05 23:00:00', '2026-02-05 23:00:00');
INSERT INTO bookings (id, booking_ref, user_id, studio_id, date, start_time, end_time, group_type, status, base_price, equipment_price, total_price, equipment, payment_method, payment_status, notes, created_at, updated_at, cancelled_at, cancel_reason) VALUES ('bk-0458', 'H3-20260205-NR9L', 'usr-044', 'le-podium', '2026-02-11', '18:30', '19:30', 'solo', 'completed', 12, 0, 12, NULL, 'cash', 'paid', '', '2026-02-05 23:00:00', '2026-02-05 23:00:00', NULL, NULL);
INSERT INTO payments (id, booking_id, amount, method, status, refunded_amount, paid_at, created_at) VALUES ('pay-0458', 'bk-0458', 12, 'cash', 'paid', 0, '2026-02-11 23:00:00', '2026-02-05 23:00:00');
INSERT INTO bookings (id, booking_ref, user_id, studio_id, date, start_time, end_time, group_type, status, base_price, equipment_price, total_price, equipment, payment_method, payment_status, notes, created_at, updated_at, cancelled_at, cancel_reason) VALUES ('bk-0459', 'H3-20260202-7SYG', 'usr-038', 'la-scene', '2026-02-11', '20:00', '21:00', 'group', 'completed', 44, 0, 44, NULL, 'card', 'paid', '', '2026-02-02 23:00:00', '2026-02-02 23:00:00', NULL, NULL);
INSERT INTO payments (id, booking_id, amount, method, status, refunded_amount, paid_at, created_at) VALUES ('pay-0459', 'bk-0459', 44, 'card', 'paid', 0, '2026-02-02 23:00:00', '2026-02-02 23:00:00');
INSERT INTO bookings (id, booking_ref, user_id, studio_id, date, start_time, end_time, group_type, status, base_price, equipment_price, total_price, equipment, payment_method, payment_status, notes, created_at, updated_at, cancelled_at, cancel_reason) VALUES ('bk-0460', 'H3-20260131-96GE', 'usr-034', 'le-podium', '2026-02-11', '21:30', '23:00', 'group', 'completed', 54, 0, 54, NULL, 'cash', 'paid', '', '2026-01-31 23:00:00', '2026-01-31 23:00:00', NULL, NULL);
INSERT INTO payments (id, booking_id, amount, method, status, refunded_amount, paid_at, created_at) VALUES ('pay-0460', 'bk-0460', 54, 'cash', 'paid', 0, '2026-02-11 23:00:00', '2026-01-31 23:00:00');
INSERT INTO bookings (id, booking_ref, user_id, studio_id, date, start_time, end_time, group_type, status, base_price, equipment_price, total_price, equipment, payment_method, payment_status, notes, created_at, updated_at, cancelled_at, cancel_reason) VALUES ('bk-0461', 'H3-20260128-CKCC', 'usr-008', 'la-scene', '2026-02-11', '22:30', '23:30', 'duo', 'completed', 24, 0, 24, NULL, 'card', 'paid', '', '2026-01-28 23:00:00', '2026-01-28 23:00:00', NULL, NULL);
INSERT INTO payments (id, booking_id, amount, method, status, refunded_amount, paid_at, created_at) VALUES ('pay-0461', 'bk-0461', 24, 'card', 'paid', 0, '2026-01-28 23:00:00', '2026-01-28 23:00:00');
INSERT INTO bookings (id, booking_ref, user_id, studio_id, date, start_time, end_time, group_type, status, base_price, equipment_price, total_price, equipment, payment_method, payment_status, notes, created_at, updated_at, cancelled_at, cancel_reason) VALUES ('bk-0462', 'H3-20260207-RBC4', 'usr-035', 'la-scene', '2026-02-11', '16:00', '17:00', 'group', 'completed', 36, 0, 36, NULL, 'card', 'paid', '', '2026-02-07 23:00:00', '2026-02-07 23:00:00', NULL, NULL);
INSERT INTO payments (id, booking_id, amount, method, status, refunded_amount, paid_at, created_at) VALUES ('pay-0462', 'bk-0462', 36, 'card', 'paid', 0, '2026-02-07 23:00:00', '2026-02-07 23:00:00');
INSERT INTO bookings (id, booking_ref, user_id, studio_id, date, start_time, end_time, group_type, status, base_price, equipment_price, total_price, equipment, payment_method, payment_status, notes, created_at, updated_at, cancelled_at, cancel_reason) VALUES ('bk-0463', 'H3-20260208-EV5Y', 'usr-006', 'le-podium', '2026-02-11', '19:30', '21:00', 'group', 'completed', 54, 0, 54, NULL, 'card', 'paid', '', '2026-02-08 23:00:00', '2026-02-08 23:00:00', NULL, NULL);
INSERT INTO payments (id, booking_id, amount, method, status, refunded_amount, paid_at, created_at) VALUES ('pay-0463', 'bk-0463', 54, 'card', 'paid', 0, '2026-02-08 23:00:00', '2026-02-08 23:00:00');
INSERT INTO bookings (id, booking_ref, user_id, studio_id, date, start_time, end_time, group_type, status, base_price, equipment_price, total_price, equipment, payment_method, payment_status, notes, created_at, updated_at, cancelled_at, cancel_reason) VALUES ('bk-0464', 'H3-20260203-HBYQ', 'usr-037', 'le-podium', '2026-02-11', '12:00', '13:00', 'duo', 'completed', 24, 0, 24, NULL, 'card', 'paid', '', '2026-02-03 23:00:00', '2026-02-03 23:00:00', NULL, NULL);
INSERT INTO payments (id, booking_id, amount, method, status, refunded_amount, paid_at, created_at) VALUES ('pay-0464', 'bk-0464', 24, 'card', 'paid', 0, '2026-02-03 23:00:00', '2026-02-03 23:00:00');
INSERT INTO bookings (id, booking_ref, user_id, studio_id, date, start_time, end_time, group_type, status, base_price, equipment_price, total_price, equipment, payment_method, payment_status, notes, created_at, updated_at, cancelled_at, cancel_reason) VALUES ('bk-0465', 'H3-20260207-3RFM', 'usr-016', 'la-scene', '2026-02-11', '15:00', '16:00', 'solo', 'completed', 12, 0, 12, NULL, 'card', 'paid', '', '2026-02-07 23:00:00', '2026-02-07 23:00:00', NULL, NULL);
INSERT INTO payments (id, booking_id, amount, method, status, refunded_amount, paid_at, created_at) VALUES ('pay-0465', 'bk-0465', 12, 'card', 'paid', 0, '2026-02-07 23:00:00', '2026-02-07 23:00:00');
INSERT INTO bookings (id, booking_ref, user_id, studio_id, date, start_time, end_time, group_type, status, base_price, equipment_price, total_price, equipment, payment_method, payment_status, notes, created_at, updated_at, cancelled_at, cancel_reason) VALUES ('bk-0466', 'H3-20260203-I7YL', 'usr-004', 'le-podium', '2026-02-12', '09:30', '10:30', 'group', 'confirmed', 30, 6, 36, '[{"id":"piano","quantity":1},{"id":"guitar","quantity":1}]', 'card', 'paid', '', '2026-02-03 23:00:00', '2026-02-03 23:00:00', NULL, NULL);
INSERT INTO payments (id, booking_id, amount, method, status, refunded_amount, paid_at, created_at) VALUES ('pay-0466', 'bk-0466', 36, 'card', 'paid', 0, '2026-02-03 23:00:00', '2026-02-03 23:00:00');
INSERT INTO bookings (id, booking_ref, user_id, studio_id, date, start_time, end_time, group_type, status, base_price, equipment_price, total_price, equipment, payment_method, payment_status, notes, created_at, updated_at, cancelled_at, cancel_reason) VALUES ('bk-0467', 'H3-20260202-8Q71', 'usr-050', 'le-podium', '2026-02-12', '12:30', '14:00', 'solo', 'confirmed', 18, 0, 18, NULL, 'card', 'paid', '', '2026-02-02 23:00:00', '2026-02-02 23:00:00', NULL, NULL);
INSERT INTO payments (id, booking_id, amount, method, status, refunded_amount, paid_at, created_at) VALUES ('pay-0467', 'bk-0467', 18, 'card', 'paid', 0, '2026-02-02 23:00:00', '2026-02-02 23:00:00');
INSERT INTO bookings (id, booking_ref, user_id, studio_id, date, start_time, end_time, group_type, status, base_price, equipment_price, total_price, equipment, payment_method, payment_status, notes, created_at, updated_at, cancelled_at, cancel_reason) VALUES ('bk-0468', 'H3-20260209-1IL6', 'usr-003', 'le-podium', '2026-02-12', '11:30', '12:30', 'solo', 'confirmed', 12, 3, 15, '[{"id":"bass","quantity":1}]', 'card', 'paid', '', '2026-02-09 23:00:00', '2026-02-09 23:00:00', NULL, NULL);
INSERT INTO payments (id, booking_id, amount, method, status, refunded_amount, paid_at, created_at) VALUES ('pay-0468', 'bk-0468', 15, 'card', 'paid', 0, '2026-02-09 23:00:00', '2026-02-09 23:00:00');
INSERT INTO bookings (id, booking_ref, user_id, studio_id, date, start_time, end_time, group_type, status, base_price, equipment_price, total_price, equipment, payment_method, payment_status, notes, created_at, updated_at, cancelled_at, cancel_reason) VALUES ('bk-0469', 'H3-20260205-HYVO', 'usr-043', 'le-podium', '2026-02-12', '14:00', '15:30', 'group', 'confirmed', 45, 0, 45, NULL, 'cash', 'pending', '', '2026-02-05 23:00:00', '2026-02-05 23:00:00', NULL, NULL);
INSERT INTO payments (id, booking_id, amount, method, status, refunded_amount, paid_at, created_at) VALUES ('pay-0469', 'bk-0469', 45, 'cash', 'pending', 0, NULL, '2026-02-05 23:00:00');
INSERT INTO bookings (id, booking_ref, user_id, studio_id, date, start_time, end_time, group_type, status, base_price, equipment_price, total_price, equipment, payment_method, payment_status, notes, created_at, updated_at, cancelled_at, cancel_reason) VALUES ('bk-0470', 'H3-20260204-GNQ9', 'usr-003', 'la-scene', '2026-02-12', '18:00', '19:00', 'group', 'confirmed', 44, 0, 44, NULL, 'cash', 'pending', '', '2026-02-04 23:00:00', '2026-02-04 23:00:00', NULL, NULL);
INSERT INTO payments (id, booking_id, amount, method, status, refunded_amount, paid_at, created_at) VALUES ('pay-0470', 'bk-0470', 44, 'cash', 'pending', 0, NULL, '2026-02-04 23:00:00');
INSERT INTO bookings (id, booking_ref, user_id, studio_id, date, start_time, end_time, group_type, status, base_price, equipment_price, total_price, equipment, payment_method, payment_status, notes, created_at, updated_at, cancelled_at, cancel_reason) VALUES ('bk-0471', 'H3-20260131-41A1', 'usr-003', 'la-scene', '2026-02-12', '22:00', '23:00', 'solo', 'confirmed', 12, 9, 21, '[{"id":"guitar","quantity":2},{"id":"cymbal","quantity":2}]', 'cash', 'pending', '', '2026-01-31 23:00:00', '2026-01-31 23:00:00', NULL, NULL);
INSERT INTO payments (id, booking_id, amount, method, status, refunded_amount, paid_at, created_at) VALUES ('pay-0471', 'bk-0471', 21, 'cash', 'pending', 0, NULL, '2026-01-31 23:00:00');
INSERT INTO bookings (id, booking_ref, user_id, studio_id, date, start_time, end_time, group_type, status, base_price, equipment_price, total_price, equipment, payment_method, payment_status, notes, created_at, updated_at, cancelled_at, cancel_reason) VALUES ('bk-0472', 'H3-20260129-53E2', 'usr-018', 'le-podium', '2026-02-12', '21:30', '22:30', 'duo', 'confirmed', 24, 11, 35, '[{"id":"mic","quantity":2},{"id":"guitar","quantity":2}]', 'cash', 'pending', '', '2026-01-29 23:00:00', '2026-01-29 23:00:00', NULL, NULL);
INSERT INTO payments (id, booking_id, amount, method, status, refunded_amount, paid_at, created_at) VALUES ('pay-0472', 'bk-0472', 35, 'cash', 'pending', 0, NULL, '2026-01-29 23:00:00');
INSERT INTO bookings (id, booking_ref, user_id, studio_id, date, start_time, end_time, group_type, status, base_price, equipment_price, total_price, equipment, payment_method, payment_status, notes, created_at, updated_at, cancelled_at, cancel_reason) VALUES ('bk-0473', 'H3-20260131-8R8A', 'usr-017', 'la-scene', '2026-02-12', '15:00', '16:00', 'group', 'confirmed', 36, 0, 36, NULL, 'cash', 'pending', '', '2026-01-31 23:00:00', '2026-01-31 23:00:00', NULL, NULL);
INSERT INTO payments (id, booking_id, amount, method, status, refunded_amount, paid_at, created_at) VALUES ('pay-0473', 'bk-0473', 36, 'cash', 'pending', 0, NULL, '2026-01-31 23:00:00');
INSERT INTO bookings (id, booking_ref, user_id, studio_id, date, start_time, end_time, group_type, status, base_price, equipment_price, total_price, equipment, payment_method, payment_status, notes, created_at, updated_at, cancelled_at, cancel_reason) VALUES ('bk-0474', 'H3-20260205-N6DE', 'usr-042', 'la-scene', '2026-02-12', '12:00', '13:00', 'solo', 'confirmed', 12, 0, 12, NULL, 'card', 'paid', '', '2026-02-05 23:00:00', '2026-02-05 23:00:00', NULL, NULL);
INSERT INTO payments (id, booking_id, amount, method, status, refunded_amount, paid_at, created_at) VALUES ('pay-0474', 'bk-0474', 12, 'card', 'paid', 0, '2026-02-05 23:00:00', '2026-02-05 23:00:00');
INSERT INTO bookings (id, booking_ref, user_id, studio_id, date, start_time, end_time, group_type, status, base_price, equipment_price, total_price, equipment, payment_method, payment_status, notes, created_at, updated_at, cancelled_at, cancel_reason) VALUES ('bk-0475', 'H3-20260207-I0J3', 'usr-023', 'le-podium', '2026-02-12', '10:30', '11:30', 'group', 'confirmed', 30, 0, 30, NULL, 'card', 'paid', '', '2026-02-07 23:00:00', '2026-02-07 23:00:00', NULL, NULL);
INSERT INTO payments (id, booking_id, amount, method, status, refunded_amount, paid_at, created_at) VALUES ('pay-0475', 'bk-0475', 30, 'card', 'paid', 0, '2026-02-07 23:00:00', '2026-02-07 23:00:00');
INSERT INTO bookings (id, booking_ref, user_id, studio_id, date, start_time, end_time, group_type, status, base_price, equipment_price, total_price, equipment, payment_method, payment_status, notes, created_at, updated_at, cancelled_at, cancel_reason) VALUES ('bk-0476', 'H3-20260205-1Y4Q', 'usr-003', 'la-scene', '2026-02-12', '19:00', '20:00', 'group', 'confirmed', 44, 0, 44, NULL, 'cash', 'pending', '', '2026-02-05 23:00:00', '2026-02-05 23:00:00', NULL, NULL);
INSERT INTO payments (id, booking_id, amount, method, status, refunded_amount, paid_at, created_at) VALUES ('pay-0476', 'bk-0476', 44, 'cash', 'pending', 0, NULL, '2026-02-05 23:00:00');
INSERT INTO bookings (id, booking_ref, user_id, studio_id, date, start_time, end_time, group_type, status, base_price, equipment_price, total_price, equipment, payment_method, payment_status, notes, created_at, updated_at, cancelled_at, cancel_reason) VALUES ('bk-0477', 'H3-20260208-M8NT', 'usr-048', 'le-podium', '2026-02-12', '15:30', '16:30', 'duo', 'confirmed', 24, 0, 24, NULL, 'cash', 'pending', '', '2026-02-08 23:00:00', '2026-02-08 23:00:00', NULL, NULL);
INSERT INTO payments (id, booking_id, amount, method, status, refunded_amount, paid_at, created_at) VALUES ('pay-0477', 'bk-0477', 24, 'cash', 'pending', 0, NULL, '2026-02-08 23:00:00');
INSERT INTO bookings (id, booking_ref, user_id, studio_id, date, start_time, end_time, group_type, status, base_price, equipment_price, total_price, equipment, payment_method, payment_status, notes, created_at, updated_at, cancelled_at, cancel_reason) VALUES ('bk-0478', 'H3-20260202-KJQU', 'usr-012', 'la-scene', '2026-02-12', '09:30', '11:00', 'solo', 'confirmed', 18, 0, 18, NULL, 'cash', 'pending', '', '2026-02-02 23:00:00', '2026-02-02 23:00:00', NULL, NULL);
INSERT INTO payments (id, booking_id, amount, method, status, refunded_amount, paid_at, created_at) VALUES ('pay-0478', 'bk-0478', 18, 'cash', 'pending', 0, NULL, '2026-02-02 23:00:00');
INSERT INTO bookings (id, booking_ref, user_id, studio_id, date, start_time, end_time, group_type, status, base_price, equipment_price, total_price, equipment, payment_method, payment_status, notes, created_at, updated_at, cancelled_at, cancel_reason) VALUES ('bk-0479', 'H3-20260131-2H6J', 'usr-043', 'la-scene', '2026-02-13', '15:00', '16:00', 'group', 'confirmed', 44, 0, 44, NULL, 'card', 'paid', '', '2026-01-31 23:00:00', '2026-01-31 23:00:00', NULL, NULL);
INSERT INTO payments (id, booking_id, amount, method, status, refunded_amount, paid_at, created_at) VALUES ('pay-0479', 'bk-0479', 44, 'card', 'paid', 0, '2026-01-31 23:00:00', '2026-01-31 23:00:00');
INSERT INTO bookings (id, booking_ref, user_id, studio_id, date, start_time, end_time, group_type, status, base_price, equipment_price, total_price, equipment, payment_method, payment_status, notes, created_at, updated_at, cancelled_at, cancel_reason) VALUES ('bk-0480', 'H3-20260202-DU3J', 'usr-043', 'la-scene', '2026-02-13', '10:30', '11:30', 'group', 'confirmed', 44, 0, 44, NULL, 'card', 'paid', '', '2026-02-02 23:00:00', '2026-02-02 23:00:00', NULL, NULL);
INSERT INTO payments (id, booking_id, amount, method, status, refunded_amount, paid_at, created_at) VALUES ('pay-0480', 'bk-0480', 44, 'card', 'paid', 0, '2026-02-02 23:00:00', '2026-02-02 23:00:00');
INSERT INTO bookings (id, booking_ref, user_id, studio_id, date, start_time, end_time, group_type, status, base_price, equipment_price, total_price, equipment, payment_method, payment_status, notes, created_at, updated_at, cancelled_at, cancel_reason) VALUES ('bk-0481', 'H3-20260205-JWT7', 'usr-041', 'la-scene', '2026-02-13', '20:00', '21:00', 'solo', 'confirmed', 12, 0, 12, NULL, 'card', 'paid', '', '2026-02-05 23:00:00', '2026-02-05 23:00:00', NULL, NULL);
INSERT INTO payments (id, booking_id, amount, method, status, refunded_amount, paid_at, created_at) VALUES ('pay-0481', 'bk-0481', 12, 'card', 'paid', 0, '2026-02-05 23:00:00', '2026-02-05 23:00:00');
INSERT INTO bookings (id, booking_ref, user_id, studio_id, date, start_time, end_time, group_type, status, base_price, equipment_price, total_price, equipment, payment_method, payment_status, notes, created_at, updated_at, cancelled_at, cancel_reason) VALUES ('bk-0482', 'H3-20260210-MZQX', 'usr-034', 'le-podium', '2026-02-13', '19:30', '21:00', 'group', 'confirmed', 54, 3, 57, '[{"id":"mic","quantity":1}]', 'card', 'paid', '', '2026-02-10 23:00:00', '2026-02-10 23:00:00', NULL, NULL);
INSERT INTO payments (id, booking_id, amount, method, status, refunded_amount, paid_at, created_at) VALUES ('pay-0482', 'bk-0482', 57, 'card', 'paid', 0, '2026-02-10 23:00:00', '2026-02-10 23:00:00');
INSERT INTO bookings (id, booking_ref, user_id, studio_id, date, start_time, end_time, group_type, status, base_price, equipment_price, total_price, equipment, payment_method, payment_status, notes, created_at, updated_at, cancelled_at, cancel_reason) VALUES ('bk-0483', 'H3-20260201-EU5D', 'usr-042', 'la-scene', '2026-02-13', '11:30', '12:30', 'solo', 'confirmed', 12, 0, 12, NULL, 'card', 'paid', '', '2026-02-01 23:00:00', '2026-02-01 23:00:00', NULL, NULL);
INSERT INTO payments (id, booking_id, amount, method, status, refunded_amount, paid_at, created_at) VALUES ('pay-0483', 'bk-0483', 12, 'card', 'paid', 0, '2026-02-01 23:00:00', '2026-02-01 23:00:00');
INSERT INTO bookings (id, booking_ref, user_id, studio_id, date, start_time, end_time, group_type, status, base_price, equipment_price, total_price, equipment, payment_method, payment_status, notes, created_at, updated_at, cancelled_at, cancel_reason) VALUES ('bk-0484', 'H3-20260211-S8UU', 'usr-015', 'la-scene', '2026-02-13', '22:00', '23:00', 'duo', 'confirmed', 24, 0, 24, NULL, 'card', 'paid', '', '2026-02-11 23:00:00', '2026-02-11 23:00:00', NULL, NULL);
INSERT INTO payments (id, booking_id, amount, method, status, refunded_amount, paid_at, created_at) VALUES ('pay-0484', 'bk-0484', 24, 'card', 'paid', 0, '2026-02-11 23:00:00', '2026-02-11 23:00:00');
INSERT INTO bookings (id, booking_ref, user_id, studio_id, date, start_time, end_time, group_type, status, base_price, equipment_price, total_price, equipment, payment_method, payment_status, notes, created_at, updated_at, cancelled_at, cancel_reason) VALUES ('bk-0485', 'H3-20260130-9RUA', 'usr-009', 'la-scene', '2026-02-13', '16:00', '17:30', 'group', 'confirmed', 66, 0, 66, NULL, 'card', 'paid', '', '2026-01-30 23:00:00', '2026-01-30 23:00:00', NULL, NULL);
INSERT INTO payments (id, booking_id, amount, method, status, refunded_amount, paid_at, created_at) VALUES ('pay-0485', 'bk-0485', 66, 'card', 'paid', 0, '2026-01-30 23:00:00', '2026-01-30 23:00:00');
INSERT INTO bookings (id, booking_ref, user_id, studio_id, date, start_time, end_time, group_type, status, base_price, equipment_price, total_price, equipment, payment_method, payment_status, notes, created_at, updated_at, cancelled_at, cancel_reason) VALUES ('bk-0486', 'H3-20260130-9633', 'usr-014', 'le-podium', '2026-02-13', '15:30', '16:30', 'group', 'confirmed', 36, 6, 42, '[{"id":"piano","quantity":2}]', 'cash', 'pending', '', '2026-01-30 23:00:00', '2026-01-30 23:00:00', NULL, NULL);
INSERT INTO payments (id, booking_id, amount, method, status, refunded_amount, paid_at, created_at) VALUES ('pay-0486', 'bk-0486', 42, 'cash', 'pending', 0, NULL, '2026-01-30 23:00:00');
INSERT INTO bookings (id, booking_ref, user_id, studio_id, date, start_time, end_time, group_type, status, base_price, equipment_price, total_price, equipment, payment_method, payment_status, notes, created_at, updated_at, cancelled_at, cancel_reason) VALUES ('bk-0487', 'H3-20260208-C4SB', 'usr-043', 'le-podium', '2026-02-13', '22:00', '23:00', 'group', 'confirmed', 36, 0, 36, NULL, 'cash', 'pending', '', '2026-02-08 23:00:00', '2026-02-08 23:00:00', NULL, NULL);
INSERT INTO payments (id, booking_id, amount, method, status, refunded_amount, paid_at, created_at) VALUES ('pay-0487', 'bk-0487', 36, 'cash', 'pending', 0, NULL, '2026-02-08 23:00:00');
INSERT INTO bookings (id, booking_ref, user_id, studio_id, date, start_time, end_time, group_type, status, base_price, equipment_price, total_price, equipment, payment_method, payment_status, notes, created_at, updated_at, cancelled_at, cancel_reason) VALUES ('bk-0488', 'H3-20260206-3OEX', 'usr-049', 'le-podium', '2026-02-13', '17:00', '18:00', 'group', 'confirmed', 36, 0, 36, NULL, 'cash', 'pending', '', '2026-02-06 23:00:00', '2026-02-06 23:00:00', NULL, NULL);
INSERT INTO payments (id, booking_id, amount, method, status, refunded_amount, paid_at, created_at) VALUES ('pay-0488', 'bk-0488', 36, 'cash', 'pending', 0, NULL, '2026-02-06 23:00:00');
INSERT INTO bookings (id, booking_ref, user_id, studio_id, date, start_time, end_time, group_type, status, base_price, equipment_price, total_price, equipment, payment_method, payment_status, notes, created_at, updated_at, cancelled_at, cancel_reason) VALUES ('bk-0489', 'H3-20260207-88GY', 'usr-032', 'le-podium', '2026-02-13', '13:00', '14:30', 'solo', 'confirmed', 18, 0, 18, NULL, 'cash', 'pending', '', '2026-02-07 23:00:00', '2026-02-07 23:00:00', NULL, NULL);
INSERT INTO payments (id, booking_id, amount, method, status, refunded_amount, paid_at, created_at) VALUES ('pay-0489', 'bk-0489', 18, 'cash', 'pending', 0, NULL, '2026-02-07 23:00:00');
INSERT INTO bookings (id, booking_ref, user_id, studio_id, date, start_time, end_time, group_type, status, base_price, equipment_price, total_price, equipment, payment_method, payment_status, notes, created_at, updated_at, cancelled_at, cancel_reason) VALUES ('bk-0490', 'H3-20260130-D5XJ', 'usr-004', 'le-podium', '2026-02-13', '09:00', '10:30', 'solo', 'confirmed', 18, 0, 18, NULL, 'card', 'paid', '', '2026-01-30 23:00:00', '2026-01-30 23:00:00', NULL, NULL);
INSERT INTO payments (id, booking_id, amount, method, status, refunded_amount, paid_at, created_at) VALUES ('pay-0490', 'bk-0490', 18, 'card', 'paid', 0, '2026-01-30 23:00:00', '2026-01-30 23:00:00');
INSERT INTO bookings (id, booking_ref, user_id, studio_id, date, start_time, end_time, group_type, status, base_price, equipment_price, total_price, equipment, payment_method, payment_status, notes, created_at, updated_at, cancelled_at, cancel_reason) VALUES ('bk-0491', 'H3-20260210-VAH3', 'usr-010', 'le-podium', '2026-02-14', '10:30', '12:00', 'duo', 'confirmed', 36, 0, 36, NULL, 'cash', 'pending', '', '2026-02-10 23:00:00', '2026-02-10 23:00:00', NULL, NULL);
INSERT INTO payments (id, booking_id, amount, method, status, refunded_amount, paid_at, created_at) VALUES ('pay-0491', 'bk-0491', 36, 'cash', 'pending', 0, NULL, '2026-02-10 23:00:00');
INSERT INTO bookings (id, booking_ref, user_id, studio_id, date, start_time, end_time, group_type, status, base_price, equipment_price, total_price, equipment, payment_method, payment_status, notes, created_at, updated_at, cancelled_at, cancel_reason) VALUES ('bk-0492', 'H3-20260207-IRVR', 'usr-028', 'le-podium', '2026-02-14', '09:00', '10:30', 'solo', 'confirmed', 18, 6, 24, '[{"id":"mic","quantity":1},{"id":"cymbal","quantity":2}]', 'cash', 'pending', '', '2026-02-07 23:00:00', '2026-02-07 23:00:00', NULL, NULL);
INSERT INTO payments (id, booking_id, amount, method, status, refunded_amount, paid_at, created_at) VALUES ('pay-0492', 'bk-0492', 24, 'cash', 'pending', 0, NULL, '2026-02-07 23:00:00');
INSERT INTO bookings (id, booking_ref, user_id, studio_id, date, start_time, end_time, group_type, status, base_price, equipment_price, total_price, equipment, payment_method, payment_status, notes, created_at, updated_at, cancelled_at, cancel_reason) VALUES ('bk-0493', 'H3-20260206-Y4TN', 'usr-023', 'la-scene', '2026-02-14', '09:30', '10:30', 'duo', 'confirmed', 24, 9, 33, '[{"id":"guitar","quantity":2},{"id":"bass","quantity":1}]', 'card', 'paid', '', '2026-02-06 23:00:00', '2026-02-06 23:00:00', NULL, NULL);
INSERT INTO payments (id, booking_id, amount, method, status, refunded_amount, paid_at, created_at) VALUES ('pay-0493', 'bk-0493', 33, 'card', 'paid', 0, '2026-02-06 23:00:00', '2026-02-06 23:00:00');
INSERT INTO bookings (id, booking_ref, user_id, studio_id, date, start_time, end_time, group_type, status, base_price, equipment_price, total_price, equipment, payment_method, payment_status, notes, created_at, updated_at, cancelled_at, cancel_reason) VALUES ('bk-0494', 'H3-20260210-BG1E', 'usr-025', 'la-scene', '2026-02-14', '17:30', '19:00', 'duo', 'confirmed', 36, 6, 42, '[{"id":"piano","quantity":1},{"id":"bass","quantity":1}]', 'card', 'paid', '', '2026-02-10 23:00:00', '2026-02-10 23:00:00', NULL, NULL);
INSERT INTO payments (id, booking_id, amount, method, status, refunded_amount, paid_at, created_at) VALUES ('pay-0494', 'bk-0494', 42, 'card', 'paid', 0, '2026-02-10 23:00:00', '2026-02-10 23:00:00');
INSERT INTO bookings (id, booking_ref, user_id, studio_id, date, start_time, end_time, group_type, status, base_price, equipment_price, total_price, equipment, payment_method, payment_status, notes, created_at, updated_at, cancelled_at, cancel_reason) VALUES ('bk-0495', 'H3-20260210-1UKA', 'usr-022', 'le-podium', '2026-02-14', '18:30', '19:30', 'group', 'confirmed', 36, 0, 36, NULL, 'card', 'paid', '', '2026-02-10 23:00:00', '2026-02-10 23:00:00', NULL, NULL);
INSERT INTO payments (id, booking_id, amount, method, status, refunded_amount, paid_at, created_at) VALUES ('pay-0495', 'bk-0495', 36, 'card', 'paid', 0, '2026-02-10 23:00:00', '2026-02-10 23:00:00');
INSERT INTO bookings (id, booking_ref, user_id, studio_id, date, start_time, end_time, group_type, status, base_price, equipment_price, total_price, equipment, payment_method, payment_status, notes, created_at, updated_at, cancelled_at, cancel_reason) VALUES ('bk-0496', 'H3-20260208-GGDC', 'usr-004', 'la-scene', '2026-02-14', '19:30', '21:00', 'group', 'confirmed', 66, 0, 66, NULL, 'cash', 'pending', '', '2026-02-08 23:00:00', '2026-02-08 23:00:00', NULL, NULL);
INSERT INTO payments (id, booking_id, amount, method, status, refunded_amount, paid_at, created_at) VALUES ('pay-0496', 'bk-0496', 66, 'cash', 'pending', 0, NULL, '2026-02-08 23:00:00');
INSERT INTO bookings (id, booking_ref, user_id, studio_id, date, start_time, end_time, group_type, status, base_price, equipment_price, total_price, equipment, payment_method, payment_status, notes, created_at, updated_at, cancelled_at, cancel_reason) VALUES ('bk-0497', 'H3-20260203-RRD5', 'usr-010', 'le-podium', '2026-02-14', '20:30', '22:00', 'group', 'confirmed', 54, 3, 57, '[{"id":"mic","quantity":1}]', 'cash', 'pending', '', '2026-02-03 23:00:00', '2026-02-03 23:00:00', NULL, NULL);
INSERT INTO payments (id, booking_id, amount, method, status, refunded_amount, paid_at, created_at) VALUES ('pay-0497', 'bk-0497', 57, 'cash', 'pending', 0, NULL, '2026-02-03 23:00:00');
INSERT INTO bookings (id, booking_ref, user_id, studio_id, date, start_time, end_time, group_type, status, base_price, equipment_price, total_price, equipment, payment_method, payment_status, notes, created_at, updated_at, cancelled_at, cancel_reason) VALUES ('bk-0498', 'H3-20260201-2IOZ', 'usr-044', 'le-podium', '2026-02-14', '15:30', '17:00', 'solo', 'confirmed', 18, 0, 18, NULL, 'card', 'paid', '', '2026-02-01 23:00:00', '2026-02-01 23:00:00', NULL, NULL);
INSERT INTO payments (id, booking_id, amount, method, status, refunded_amount, paid_at, created_at) VALUES ('pay-0498', 'bk-0498', 18, 'card', 'paid', 0, '2026-02-01 23:00:00', '2026-02-01 23:00:00');
INSERT INTO bookings (id, booking_ref, user_id, studio_id, date, start_time, end_time, group_type, status, base_price, equipment_price, total_price, equipment, payment_method, payment_status, notes, created_at, updated_at, cancelled_at, cancel_reason) VALUES ('bk-0499', 'H3-20260211-X2FY', 'usr-009', 'la-scene', '2026-02-14', '22:00', '23:30', 'duo', 'confirmed', 36, 3, 39, '[{"id":"guitar","quantity":1}]', 'card', 'paid', '', '2026-02-11 23:00:00', '2026-02-11 23:00:00', NULL, NULL);
INSERT INTO payments (id, booking_id, amount, method, status, refunded_amount, paid_at, created_at) VALUES ('pay-0499', 'bk-0499', 39, 'card', 'paid', 0, '2026-02-11 23:00:00', '2026-02-11 23:00:00');
INSERT INTO bookings (id, booking_ref, user_id, studio_id, date, start_time, end_time, group_type, status, base_price, equipment_price, total_price, equipment, payment_method, payment_status, notes, created_at, updated_at, cancelled_at, cancel_reason) VALUES ('bk-0500', 'H3-20260208-2TAV', 'usr-017', 'la-scene', '2026-02-14', '14:00', '15:30', 'duo', 'confirmed', 36, 0, 36, NULL, 'cash', 'pending', '', '2026-02-08 23:00:00', '2026-02-08 23:00:00', NULL, NULL);
INSERT INTO payments (id, booking_id, amount, method, status, refunded_amount, paid_at, created_at) VALUES ('pay-0500', 'bk-0500', 36, 'cash', 'pending', 0, NULL, '2026-02-08 23:00:00');
INSERT INTO bookings (id, booking_ref, user_id, studio_id, date, start_time, end_time, group_type, status, base_price, equipment_price, total_price, equipment, payment_method, payment_status, notes, created_at, updated_at, cancelled_at, cancel_reason) VALUES ('bk-0501', 'H3-20260202-N6VA', 'usr-050', 'le-podium', '2026-02-14', '12:00', '13:00', 'group', 'confirmed', 36, 0, 36, NULL, 'card', 'paid', '', '2026-02-02 23:00:00', '2026-02-02 23:00:00', NULL, NULL);
INSERT INTO payments (id, booking_id, amount, method, status, refunded_amount, paid_at, created_at) VALUES ('pay-0501', 'bk-0501', 36, 'card', 'paid', 0, '2026-02-02 23:00:00', '2026-02-02 23:00:00');
INSERT INTO bookings (id, booking_ref, user_id, studio_id, date, start_time, end_time, group_type, status, base_price, equipment_price, total_price, equipment, payment_method, payment_status, notes, created_at, updated_at, cancelled_at, cancel_reason) VALUES ('bk-0502', 'H3-20260204-Z6J5', 'usr-032', 'le-podium', '2026-02-14', '17:30', '18:30', 'group', 'confirmed', 36, 0, 36, NULL, 'card', 'paid', '', '2026-02-04 23:00:00', '2026-02-04 23:00:00', NULL, NULL);
INSERT INTO payments (id, booking_id, amount, method, status, refunded_amount, paid_at, created_at) VALUES ('pay-0502', 'bk-0502', 36, 'card', 'paid', 0, '2026-02-04 23:00:00', '2026-02-04 23:00:00');
INSERT INTO bookings (id, booking_ref, user_id, studio_id, date, start_time, end_time, group_type, status, base_price, equipment_price, total_price, equipment, payment_method, payment_status, notes, created_at, updated_at, cancelled_at, cancel_reason) VALUES ('bk-0503', 'H3-20260203-JXAP', 'usr-031', 'la-scene', '2026-02-14', '15:30', '17:00', 'solo', 'confirmed', 18, 0, 18, NULL, 'cash', 'pending', '', '2026-02-03 23:00:00', '2026-02-03 23:00:00', NULL, NULL);
INSERT INTO payments (id, booking_id, amount, method, status, refunded_amount, paid_at, created_at) VALUES ('pay-0503', 'bk-0503', 18, 'cash', 'pending', 0, NULL, '2026-02-03 23:00:00');
INSERT INTO bookings (id, booking_ref, user_id, studio_id, date, start_time, end_time, group_type, status, base_price, equipment_price, total_price, equipment, payment_method, payment_status, notes, created_at, updated_at, cancelled_at, cancel_reason) VALUES ('bk-0504', 'H3-20260207-0OPQ', 'usr-006', 'la-scene', '2026-02-14', '12:00', '13:00', 'solo', 'confirmed', 12, 0, 12, NULL, 'card', 'paid', '', '2026-02-07 23:00:00', '2026-02-07 23:00:00', NULL, NULL);
INSERT INTO payments (id, booking_id, amount, method, status, refunded_amount, paid_at, created_at) VALUES ('pay-0504', 'bk-0504', 12, 'card', 'paid', 0, '2026-02-07 23:00:00', '2026-02-07 23:00:00');
INSERT INTO bookings (id, booking_ref, user_id, studio_id, date, start_time, end_time, group_type, status, base_price, equipment_price, total_price, equipment, payment_method, payment_status, notes, created_at, updated_at, cancelled_at, cancel_reason) VALUES ('bk-0505', 'H3-20260204-AO64', 'usr-032', 'la-scene', '2026-02-15', '13:30', '14:30', 'solo', 'confirmed', 12, 0, 12, NULL, 'cash', 'pending', '', '2026-02-04 23:00:00', '2026-02-04 23:00:00', NULL, NULL);
INSERT INTO payments (id, booking_id, amount, method, status, refunded_amount, paid_at, created_at) VALUES ('pay-0505', 'bk-0505', 12, 'cash', 'pending', 0, NULL, '2026-02-04 23:00:00');
INSERT INTO bookings (id, booking_ref, user_id, studio_id, date, start_time, end_time, group_type, status, base_price, equipment_price, total_price, equipment, payment_method, payment_status, notes, created_at, updated_at, cancelled_at, cancel_reason) VALUES ('bk-0506', 'H3-20260205-U0QV', 'usr-045', 'le-podium', '2026-02-15', '12:00', '13:00', 'solo', 'confirmed', 12, 6, 18, '[{"id":"piano","quantity":2}]', 'cash', 'pending', '', '2026-02-05 23:00:00', '2026-02-05 23:00:00', NULL, NULL);
INSERT INTO payments (id, booking_id, amount, method, status, refunded_amount, paid_at, created_at) VALUES ('pay-0506', 'bk-0506', 18, 'cash', 'pending', 0, NULL, '2026-02-05 23:00:00');
INSERT INTO bookings (id, booking_ref, user_id, studio_id, date, start_time, end_time, group_type, status, base_price, equipment_price, total_price, equipment, payment_method, payment_status, notes, created_at, updated_at, cancelled_at, cancel_reason) VALUES ('bk-0507', 'H3-20260210-W99F', 'usr-047', 'le-podium', '2026-02-15', '13:30', '14:30', 'group', 'confirmed', 30, 0, 30, NULL, 'card', 'paid', '', '2026-02-10 23:00:00', '2026-02-10 23:00:00', NULL, NULL);
INSERT INTO payments (id, booking_id, amount, method, status, refunded_amount, paid_at, created_at) VALUES ('pay-0507', 'bk-0507', 30, 'card', 'paid', 0, '2026-02-10 23:00:00', '2026-02-10 23:00:00');
INSERT INTO bookings (id, booking_ref, user_id, studio_id, date, start_time, end_time, group_type, status, base_price, equipment_price, total_price, equipment, payment_method, payment_status, notes, created_at, updated_at, cancelled_at, cancel_reason) VALUES ('bk-0508', 'H3-20260201-K0WH', 'usr-011', 'la-scene', '2026-02-15', '09:30', '10:30', 'group', 'confirmed', 36, 0, 36, NULL, 'cash', 'pending', '', '2026-02-01 23:00:00', '2026-02-01 23:00:00', NULL, NULL);
INSERT INTO payments (id, booking_id, amount, method, status, refunded_amount, paid_at, created_at) VALUES ('pay-0508', 'bk-0508', 36, 'cash', 'pending', 0, NULL, '2026-02-01 23:00:00');
INSERT INTO bookings (id, booking_ref, user_id, studio_id, date, start_time, end_time, group_type, status, base_price, equipment_price, total_price, equipment, payment_method, payment_status, notes, created_at, updated_at, cancelled_at, cancel_reason) VALUES ('bk-0509', 'H3-20260210-ONCQ', 'usr-050', 'la-scene', '2026-02-15', '18:30', '20:00', 'duo', 'confirmed', 36, 8, 44, '[{"id":"mic","quantity":2},{"id":"piano","quantity":1}]', 'cash', 'pending', '', '2026-02-10 23:00:00', '2026-02-10 23:00:00', NULL, NULL);
INSERT INTO payments (id, booking_id, amount, method, status, refunded_amount, paid_at, created_at) VALUES ('pay-0509', 'bk-0509', 44, 'cash', 'pending', 0, NULL, '2026-02-10 23:00:00');
INSERT INTO bookings (id, booking_ref, user_id, studio_id, date, start_time, end_time, group_type, status, base_price, equipment_price, total_price, equipment, payment_method, payment_status, notes, created_at, updated_at, cancelled_at, cancel_reason) VALUES ('bk-0510', 'H3-20260212-XVWD', 'usr-040', 'la-scene', '2026-02-15', '15:30', '16:30', 'group', 'confirmed', 36, 0, 36, NULL, 'card', 'paid', '', '2026-02-12 23:00:00', '2026-02-12 23:00:00', NULL, NULL);
INSERT INTO payments (id, booking_id, amount, method, status, refunded_amount, paid_at, created_at) VALUES ('pay-0510', 'bk-0510', 36, 'card', 'paid', 0, '2026-02-12 23:00:00', '2026-02-12 23:00:00');
INSERT INTO bookings (id, booking_ref, user_id, studio_id, date, start_time, end_time, group_type, status, base_price, equipment_price, total_price, equipment, payment_method, payment_status, notes, created_at, updated_at, cancelled_at, cancel_reason) VALUES ('bk-0511', 'H3-20260211-AV0I', 'usr-023', 'le-podium', '2026-02-15', '10:30', '11:30', 'duo', 'confirmed', 24, 3, 27, '[{"id":"mic","quantity":1}]', 'card', 'paid', '', '2026-02-11 23:00:00', '2026-02-11 23:00:00', NULL, NULL);
INSERT INTO payments (id, booking_id, amount, method, status, refunded_amount, paid_at, created_at) VALUES ('pay-0511', 'bk-0511', 27, 'card', 'paid', 0, '2026-02-11 23:00:00', '2026-02-11 23:00:00');
INSERT INTO bookings (id, booking_ref, user_id, studio_id, date, start_time, end_time, group_type, status, base_price, equipment_price, total_price, equipment, payment_method, payment_status, notes, created_at, updated_at, cancelled_at, cancel_reason) VALUES ('bk-0512', 'H3-20260202-LZNO', 'usr-031', 'le-podium', '2026-02-15', '20:30', '21:30', 'solo', 'confirmed', 12, 3, 15, '[{"id":"cymbal","quantity":2}]', 'cash', 'pending', '', '2026-02-02 23:00:00', '2026-02-02 23:00:00', NULL, NULL);
INSERT INTO payments (id, booking_id, amount, method, status, refunded_amount, paid_at, created_at) VALUES ('pay-0512', 'bk-0512', 15, 'cash', 'pending', 0, NULL, '2026-02-02 23:00:00');
INSERT INTO bookings (id, booking_ref, user_id, studio_id, date, start_time, end_time, group_type, status, base_price, equipment_price, total_price, equipment, payment_method, payment_status, notes, created_at, updated_at, cancelled_at, cancel_reason) VALUES ('bk-0513', 'H3-20260204-1774', 'usr-002', 'le-podium', '2026-02-15', '14:30', '15:30', 'duo', 'confirmed', 24, 3, 27, '[{"id":"bass","quantity":2}]', 'card', 'paid', '', '2026-02-04 23:00:00', '2026-02-04 23:00:00', NULL, NULL);
INSERT INTO payments (id, booking_id, amount, method, status, refunded_amount, paid_at, created_at) VALUES ('pay-0513', 'bk-0513', 27, 'card', 'paid', 0, '2026-02-04 23:00:00', '2026-02-04 23:00:00');
INSERT INTO bookings (id, booking_ref, user_id, studio_id, date, start_time, end_time, group_type, status, base_price, equipment_price, total_price, equipment, payment_method, payment_status, notes, created_at, updated_at, cancelled_at, cancel_reason) VALUES ('bk-0514', 'H3-20260213-FAL5', 'usr-009', 'le-podium', '2026-02-15', '15:30', '17:00', 'duo', 'confirmed', 36, 0, 36, NULL, 'cash', 'pending', '', '2026-02-13 23:00:00', '2026-02-13 23:00:00', NULL, NULL);
INSERT INTO payments (id, booking_id, amount, method, status, refunded_amount, paid_at, created_at) VALUES ('pay-0514', 'bk-0514', 36, 'cash', 'pending', 0, NULL, '2026-02-13 23:00:00');
INSERT INTO bookings (id, booking_ref, user_id, studio_id, date, start_time, end_time, group_type, status, base_price, equipment_price, total_price, equipment, payment_method, payment_status, notes, created_at, updated_at, cancelled_at, cancel_reason) VALUES ('bk-0515', 'H3-20260203-PORF', 'usr-019', 'la-scene', '2026-02-15', '17:00', '18:00', 'group', 'confirmed', 36, 0, 36, NULL, 'cash', 'pending', '', '2026-02-03 23:00:00', '2026-02-03 23:00:00', NULL, NULL);
INSERT INTO payments (id, booking_id, amount, method, status, refunded_amount, paid_at, created_at) VALUES ('pay-0515', 'bk-0515', 36, 'cash', 'pending', 0, NULL, '2026-02-03 23:00:00');
INSERT INTO bookings (id, booking_ref, user_id, studio_id, date, start_time, end_time, group_type, status, base_price, equipment_price, total_price, equipment, payment_method, payment_status, notes, created_at, updated_at, cancelled_at, cancel_reason) VALUES ('bk-0516', 'H3-20260209-42A6', 'usr-019', 'le-podium', '2026-02-15', '22:30', '23:30', 'duo', 'confirmed', 24, 0, 24, NULL, 'card', 'paid', '', '2026-02-09 23:00:00', '2026-02-09 23:00:00', NULL, NULL);
INSERT INTO payments (id, booking_id, amount, method, status, refunded_amount, paid_at, created_at) VALUES ('pay-0516', 'bk-0516', 24, 'card', 'paid', 0, '2026-02-09 23:00:00', '2026-02-09 23:00:00');
INSERT INTO bookings (id, booking_ref, user_id, studio_id, date, start_time, end_time, group_type, status, base_price, equipment_price, total_price, equipment, payment_method, payment_status, notes, created_at, updated_at, cancelled_at, cancel_reason) VALUES ('bk-0517', 'H3-20260210-PXKS', 'usr-047', 'le-podium', '2026-02-16', '21:30', '22:30', 'group', 'confirmed', 36, 0, 36, NULL, 'cash', 'pending', '', '2026-02-10 23:00:00', '2026-02-10 23:00:00', NULL, NULL);
INSERT INTO payments (id, booking_id, amount, method, status, refunded_amount, paid_at, created_at) VALUES ('pay-0517', 'bk-0517', 36, 'cash', 'pending', 0, NULL, '2026-02-10 23:00:00');
INSERT INTO bookings (id, booking_ref, user_id, studio_id, date, start_time, end_time, group_type, status, base_price, equipment_price, total_price, equipment, payment_method, payment_status, notes, created_at, updated_at, cancelled_at, cancel_reason) VALUES ('bk-0518', 'H3-20260205-PC5F', 'usr-009', 'le-podium', '2026-02-16', '11:30', '12:30', 'duo', 'confirmed', 24, 0, 24, NULL, 'cash', 'pending', '', '2026-02-05 23:00:00', '2026-02-05 23:00:00', NULL, NULL);
INSERT INTO payments (id, booking_id, amount, method, status, refunded_amount, paid_at, created_at) VALUES ('pay-0518', 'bk-0518', 24, 'cash', 'pending', 0, NULL, '2026-02-05 23:00:00');
INSERT INTO bookings (id, booking_ref, user_id, studio_id, date, start_time, end_time, group_type, status, base_price, equipment_price, total_price, equipment, payment_method, payment_status, notes, created_at, updated_at, cancelled_at, cancel_reason) VALUES ('bk-0519', 'H3-20260204-G8OF', 'usr-005', 'le-podium', '2026-02-16', '19:30', '20:30', 'duo', 'confirmed', 24, 0, 24, NULL, 'cash', 'pending', '', '2026-02-04 23:00:00', '2026-02-04 23:00:00', NULL, NULL);
INSERT INTO payments (id, booking_id, amount, method, status, refunded_amount, paid_at, created_at) VALUES ('pay-0519', 'bk-0519', 24, 'cash', 'pending', 0, NULL, '2026-02-04 23:00:00');
INSERT INTO bookings (id, booking_ref, user_id, studio_id, date, start_time, end_time, group_type, status, base_price, equipment_price, total_price, equipment, payment_method, payment_status, notes, created_at, updated_at, cancelled_at, cancel_reason) VALUES ('bk-0520', 'H3-20260211-IM4T', 'usr-049', 'le-podium', '2026-02-16', '20:30', '21:30', 'solo', 'confirmed', 12, 0, 12, NULL, 'card', 'paid', '', '2026-02-11 23:00:00', '2026-02-11 23:00:00', NULL, NULL);
INSERT INTO payments (id, booking_id, amount, method, status, refunded_amount, paid_at, created_at) VALUES ('pay-0520', 'bk-0520', 12, 'card', 'paid', 0, '2026-02-11 23:00:00', '2026-02-11 23:00:00');
INSERT INTO bookings (id, booking_ref, user_id, studio_id, date, start_time, end_time, group_type, status, base_price, equipment_price, total_price, equipment, payment_method, payment_status, notes, created_at, updated_at, cancelled_at, cancel_reason) VALUES ('bk-0521', 'H3-20260215-GS8P', 'usr-018', 'la-scene', '2026-02-16', '09:30', '10:30', 'duo', 'confirmed', 24, 0, 24, NULL, 'cash', 'pending', '', '2026-02-15 23:00:00', '2026-02-15 23:00:00', NULL, NULL);
INSERT INTO payments (id, booking_id, amount, method, status, refunded_amount, paid_at, created_at) VALUES ('pay-0521', 'bk-0521', 24, 'cash', 'pending', 0, NULL, '2026-02-15 23:00:00');
INSERT INTO bookings (id, booking_ref, user_id, studio_id, date, start_time, end_time, group_type, status, base_price, equipment_price, total_price, equipment, payment_method, payment_status, notes, created_at, updated_at, cancelled_at, cancel_reason) VALUES ('bk-0522', 'H3-20260211-IO1K', 'usr-002', 'la-scene', '2026-02-16', '18:30', '20:00', 'group', 'confirmed', 66, 0, 66, NULL, 'cash', 'pending', '', '2026-02-11 23:00:00', '2026-02-11 23:00:00', NULL, NULL);
INSERT INTO payments (id, booking_id, amount, method, status, refunded_amount, paid_at, created_at) VALUES ('pay-0522', 'bk-0522', 66, 'cash', 'pending', 0, NULL, '2026-02-11 23:00:00');
INSERT INTO bookings (id, booking_ref, user_id, studio_id, date, start_time, end_time, group_type, status, base_price, equipment_price, total_price, equipment, payment_method, payment_status, notes, created_at, updated_at, cancelled_at, cancel_reason) VALUES ('bk-0523', 'H3-20260204-JY5W', 'usr-023', 'la-scene', '2026-02-16', '11:30', '13:00', 'solo', 'confirmed', 18, 0, 18, NULL, 'card', 'paid', '', '2026-02-04 23:00:00', '2026-02-04 23:00:00', NULL, NULL);
INSERT INTO payments (id, booking_id, amount, method, status, refunded_amount, paid_at, created_at) VALUES ('pay-0523', 'bk-0523', 18, 'card', 'paid', 0, '2026-02-04 23:00:00', '2026-02-04 23:00:00');
INSERT INTO bookings (id, booking_ref, user_id, studio_id, date, start_time, end_time, group_type, status, base_price, equipment_price, total_price, equipment, payment_method, payment_status, notes, created_at, updated_at, cancelled_at, cancel_reason) VALUES ('bk-0524', 'H3-20260209-Z6BP', 'usr-012', 'la-scene', '2026-02-16', '13:30', '15:00', 'solo', 'confirmed', 18, 0, 18, NULL, 'cash', 'pending', '', '2026-02-09 23:00:00', '2026-02-09 23:00:00', NULL, NULL);
INSERT INTO payments (id, booking_id, amount, method, status, refunded_amount, paid_at, created_at) VALUES ('pay-0524', 'bk-0524', 18, 'cash', 'pending', 0, NULL, '2026-02-09 23:00:00');
INSERT INTO bookings (id, booking_ref, user_id, studio_id, date, start_time, end_time, group_type, status, base_price, equipment_price, total_price, equipment, payment_method, payment_status, notes, created_at, updated_at, cancelled_at, cancel_reason) VALUES ('bk-0525', 'H3-20260207-C1GC', 'usr-008', 'la-scene', '2026-02-16', '15:00', '16:30', 'solo', 'confirmed', 18, 0, 18, NULL, 'card', 'paid', '', '2026-02-07 23:00:00', '2026-02-07 23:00:00', NULL, NULL);
INSERT INTO payments (id, booking_id, amount, method, status, refunded_amount, paid_at, created_at) VALUES ('pay-0525', 'bk-0525', 18, 'card', 'paid', 0, '2026-02-07 23:00:00', '2026-02-07 23:00:00');
INSERT INTO bookings (id, booking_ref, user_id, studio_id, date, start_time, end_time, group_type, status, base_price, equipment_price, total_price, equipment, payment_method, payment_status, notes, created_at, updated_at, cancelled_at, cancel_reason) VALUES ('bk-0526', 'H3-20260203-ZSES', 'usr-031', 'le-podium', '2026-02-16', '14:00', '15:00', 'solo', 'confirmed', 12, 3, 15, '[{"id":"mic","quantity":1}]', 'cash', 'pending', '', '2026-02-03 23:00:00', '2026-02-03 23:00:00', NULL, NULL);
INSERT INTO payments (id, booking_id, amount, method, status, refunded_amount, paid_at, created_at) VALUES ('pay-0526', 'bk-0526', 15, 'cash', 'pending', 0, NULL, '2026-02-03 23:00:00');
INSERT INTO bookings (id, booking_ref, user_id, studio_id, date, start_time, end_time, group_type, status, base_price, equipment_price, total_price, equipment, payment_method, payment_status, notes, created_at, updated_at, cancelled_at, cancel_reason) VALUES ('bk-0527', 'H3-20260214-WAMO', 'usr-029', 'la-scene', '2026-02-16', '20:30', '21:30', 'solo', 'confirmed', 12, 3, 15, '[{"id":"piano","quantity":1}]', 'card', 'paid', '', '2026-02-14 23:00:00', '2026-02-14 23:00:00', NULL, NULL);
INSERT INTO payments (id, booking_id, amount, method, status, refunded_amount, paid_at, created_at) VALUES ('pay-0527', 'bk-0527', 15, 'card', 'paid', 0, '2026-02-14 23:00:00', '2026-02-14 23:00:00');
INSERT INTO bookings (id, booking_ref, user_id, studio_id, date, start_time, end_time, group_type, status, base_price, equipment_price, total_price, equipment, payment_method, payment_status, notes, created_at, updated_at, cancelled_at, cancel_reason) VALUES ('bk-0528', 'H3-20260204-QBE6', 'usr-043', 'le-podium', '2026-02-16', '15:30', '16:30', 'solo', 'confirmed', 12, 0, 12, NULL, 'card', 'paid', '', '2026-02-04 23:00:00', '2026-02-04 23:00:00', NULL, NULL);
INSERT INTO payments (id, booking_id, amount, method, status, refunded_amount, paid_at, created_at) VALUES ('pay-0528', 'bk-0528', 12, 'card', 'paid', 0, '2026-02-04 23:00:00', '2026-02-04 23:00:00');
INSERT INTO bookings (id, booking_ref, user_id, studio_id, date, start_time, end_time, group_type, status, base_price, equipment_price, total_price, equipment, payment_method, payment_status, notes, created_at, updated_at, cancelled_at, cancel_reason) VALUES ('bk-0529', 'H3-20260203-DUBB', 'usr-024', 'le-podium', '2026-02-16', '17:00', '18:00', 'duo', 'confirmed', 24, 0, 24, NULL, 'card', 'paid', '', '2026-02-03 23:00:00', '2026-02-03 23:00:00', NULL, NULL);
INSERT INTO payments (id, booking_id, amount, method, status, refunded_amount, paid_at, created_at) VALUES ('pay-0529', 'bk-0529', 24, 'card', 'paid', 0, '2026-02-03 23:00:00', '2026-02-03 23:00:00');
INSERT INTO bookings (id, booking_ref, user_id, studio_id, date, start_time, end_time, group_type, status, base_price, equipment_price, total_price, equipment, payment_method, payment_status, notes, created_at, updated_at, cancelled_at, cancel_reason) VALUES ('bk-0530', 'H3-20260205-36CP', 'usr-028', 'la-scene', '2026-02-16', '17:30', '18:30', 'duo', 'confirmed', 24, 0, 24, NULL, 'cash', 'pending', '', '2026-02-05 23:00:00', '2026-02-05 23:00:00', NULL, NULL);
INSERT INTO payments (id, booking_id, amount, method, status, refunded_amount, paid_at, created_at) VALUES ('pay-0530', 'bk-0530', 24, 'cash', 'pending', 0, NULL, '2026-02-05 23:00:00');
INSERT INTO bookings (id, booking_ref, user_id, studio_id, date, start_time, end_time, group_type, status, base_price, equipment_price, total_price, equipment, payment_method, payment_status, notes, created_at, updated_at, cancelled_at, cancel_reason) VALUES ('bk-0531', 'H3-20260212-QODO', 'usr-043', 'le-podium', '2026-02-16', '18:00', '19:00', 'duo', 'confirmed', 24, 0, 24, NULL, 'cash', 'pending', '', '2026-02-12 23:00:00', '2026-02-12 23:00:00', NULL, NULL);
INSERT INTO payments (id, booking_id, amount, method, status, refunded_amount, paid_at, created_at) VALUES ('pay-0531', 'bk-0531', 24, 'cash', 'pending', 0, NULL, '2026-02-12 23:00:00');
INSERT INTO bookings (id, booking_ref, user_id, studio_id, date, start_time, end_time, group_type, status, base_price, equipment_price, total_price, equipment, payment_method, payment_status, notes, created_at, updated_at, cancelled_at, cancel_reason) VALUES ('bk-0532', 'H3-20260204-S182', 'usr-050', 'le-podium', '2026-02-17', '19:00', '20:30', 'duo', 'confirmed', 36, 0, 36, NULL, 'card', 'paid', '', '2026-02-04 23:00:00', '2026-02-04 23:00:00', NULL, NULL);
INSERT INTO payments (id, booking_id, amount, method, status, refunded_amount, paid_at, created_at) VALUES ('pay-0532', 'bk-0532', 36, 'card', 'paid', 0, '2026-02-04 23:00:00', '2026-02-04 23:00:00');
INSERT INTO bookings (id, booking_ref, user_id, studio_id, date, start_time, end_time, group_type, status, base_price, equipment_price, total_price, equipment, payment_method, payment_status, notes, created_at, updated_at, cancelled_at, cancel_reason) VALUES ('bk-0533', 'H3-20260203-37X5', 'usr-015', 'le-podium', '2026-02-17', '12:30', '13:30', 'duo', 'confirmed', 24, 6, 30, '[{"id":"bass","quantity":2},{"id":"cymbal","quantity":2}]', 'card', 'paid', '', '2026-02-03 23:00:00', '2026-02-03 23:00:00', NULL, NULL);
INSERT INTO payments (id, booking_id, amount, method, status, refunded_amount, paid_at, created_at) VALUES ('pay-0533', 'bk-0533', 30, 'card', 'paid', 0, '2026-02-03 23:00:00', '2026-02-03 23:00:00');
INSERT INTO bookings (id, booking_ref, user_id, studio_id, date, start_time, end_time, group_type, status, base_price, equipment_price, total_price, equipment, payment_method, payment_status, notes, created_at, updated_at, cancelled_at, cancel_reason) VALUES ('bk-0534', 'H3-20260209-X1OI', 'usr-008', 'la-scene', '2026-02-17', '18:00', '19:00', 'solo', 'confirmed', 12, 0, 12, NULL, 'card', 'paid', '', '2026-02-09 23:00:00', '2026-02-09 23:00:00', NULL, NULL);
INSERT INTO payments (id, booking_id, amount, method, status, refunded_amount, paid_at, created_at) VALUES ('pay-0534', 'bk-0534', 12, 'card', 'paid', 0, '2026-02-09 23:00:00', '2026-02-09 23:00:00');
INSERT INTO bookings (id, booking_ref, user_id, studio_id, date, start_time, end_time, group_type, status, base_price, equipment_price, total_price, equipment, payment_method, payment_status, notes, created_at, updated_at, cancelled_at, cancel_reason) VALUES ('bk-0535', 'H3-20260205-RE6R', 'usr-007', 'la-scene', '2026-02-17', '22:00', '23:30', 'group', 'confirmed', 66, 0, 66, NULL, 'cash', 'pending', '', '2026-02-05 23:00:00', '2026-02-05 23:00:00', NULL, NULL);
INSERT INTO payments (id, booking_id, amount, method, status, refunded_amount, paid_at, created_at) VALUES ('pay-0535', 'bk-0535', 66, 'cash', 'pending', 0, NULL, '2026-02-05 23:00:00');
INSERT INTO bookings (id, booking_ref, user_id, studio_id, date, start_time, end_time, group_type, status, base_price, equipment_price, total_price, equipment, payment_method, payment_status, notes, created_at, updated_at, cancelled_at, cancel_reason) VALUES ('bk-0536', 'H3-20260213-M5V4', 'usr-050', 'la-scene', '2026-02-17', '14:30', '15:30', 'solo', 'confirmed', 12, 9, 21, '[{"id":"bass","quantity":1},{"id":"piano","quantity":2}]', 'card', 'paid', '', '2026-02-13 23:00:00', '2026-02-13 23:00:00', NULL, NULL);
INSERT INTO payments (id, booking_id, amount, method, status, refunded_amount, paid_at, created_at) VALUES ('pay-0536', 'bk-0536', 21, 'card', 'paid', 0, '2026-02-13 23:00:00', '2026-02-13 23:00:00');
INSERT INTO bookings (id, booking_ref, user_id, studio_id, date, start_time, end_time, group_type, status, base_price, equipment_price, total_price, equipment, payment_method, payment_status, notes, created_at, updated_at, cancelled_at, cancel_reason) VALUES ('bk-0537', 'H3-20260204-X1HV', 'usr-010', 'la-scene', '2026-02-17', '19:30', '20:30', 'group', 'confirmed', 44, 0, 44, NULL, 'cash', 'pending', '', '2026-02-04 23:00:00', '2026-02-04 23:00:00', NULL, NULL);
INSERT INTO payments (id, booking_id, amount, method, status, refunded_amount, paid_at, created_at) VALUES ('pay-0537', 'bk-0537', 44, 'cash', 'pending', 0, NULL, '2026-02-04 23:00:00');
INSERT INTO bookings (id, booking_ref, user_id, studio_id, date, start_time, end_time, group_type, status, base_price, equipment_price, total_price, equipment, payment_method, payment_status, notes, created_at, updated_at, cancelled_at, cancel_reason) VALUES ('bk-0538', 'H3-20260207-6IOW', 'usr-043', 'la-scene', '2026-02-17', '11:30', '12:30', 'solo', 'confirmed', 12, 9, 21, '[{"id":"bass","quantity":1},{"id":"piano","quantity":2}]', 'card', 'paid', '', '2026-02-07 23:00:00', '2026-02-07 23:00:00', NULL, NULL);
INSERT INTO payments (id, booking_id, amount, method, status, refunded_amount, paid_at, created_at) VALUES ('pay-0538', 'bk-0538', 21, 'card', 'paid', 0, '2026-02-07 23:00:00', '2026-02-07 23:00:00');
INSERT INTO bookings (id, booking_ref, user_id, studio_id, date, start_time, end_time, group_type, status, base_price, equipment_price, total_price, equipment, payment_method, payment_status, notes, created_at, updated_at, cancelled_at, cancel_reason) VALUES ('bk-0539', 'H3-20260216-KMFR', 'usr-042', 'la-scene', '2026-02-17', '15:30', '16:30', 'group', 'confirmed', 36, 0, 36, NULL, 'card', 'paid', '', '2026-02-16 23:00:00', '2026-02-16 23:00:00', NULL, NULL);
INSERT INTO payments (id, booking_id, amount, method, status, refunded_amount, paid_at, created_at) VALUES ('pay-0539', 'bk-0539', 36, 'card', 'paid', 0, '2026-02-16 23:00:00', '2026-02-16 23:00:00');
INSERT INTO bookings (id, booking_ref, user_id, studio_id, date, start_time, end_time, group_type, status, base_price, equipment_price, total_price, equipment, payment_method, payment_status, notes, created_at, updated_at, cancelled_at, cancel_reason) VALUES ('bk-0540', 'H3-20260206-U7I6', 'usr-001', 'la-scene', '2026-02-17', '20:30', '21:30', 'group', 'confirmed', 44, 3, 47, '[{"id":"mic","quantity":1}]', 'card', 'paid', '', '2026-02-06 23:00:00', '2026-02-06 23:00:00', NULL, NULL);
INSERT INTO payments (id, booking_id, amount, method, status, refunded_amount, paid_at, created_at) VALUES ('pay-0540', 'bk-0540', 47, 'card', 'paid', 0, '2026-02-06 23:00:00', '2026-02-06 23:00:00');
INSERT INTO bookings (id, booking_ref, user_id, studio_id, date, start_time, end_time, group_type, status, base_price, equipment_price, total_price, equipment, payment_method, payment_status, notes, created_at, updated_at, cancelled_at, cancel_reason) VALUES ('bk-0541', 'H3-20260203-8I64', 'usr-015', 'la-scene', '2026-02-17', '09:00', '10:30', 'duo', 'confirmed', 36, 3, 39, '[{"id":"mic","quantity":1}]', 'card', 'paid', '', '2026-02-03 23:00:00', '2026-02-03 23:00:00', NULL, NULL);
INSERT INTO payments (id, booking_id, amount, method, status, refunded_amount, paid_at, created_at) VALUES ('pay-0541', 'bk-0541', 39, 'card', 'paid', 0, '2026-02-03 23:00:00', '2026-02-03 23:00:00');
INSERT INTO bookings (id, booking_ref, user_id, studio_id, date, start_time, end_time, group_type, status, base_price, equipment_price, total_price, equipment, payment_method, payment_status, notes, created_at, updated_at, cancelled_at, cancel_reason) VALUES ('bk-0542', 'H3-20260208-LP8Z', 'usr-003', 'le-podium', '2026-02-17', '21:00', '22:00', 'solo', 'confirmed', 12, 0, 12, NULL, 'card', 'paid', '', '2026-02-08 23:00:00', '2026-02-08 23:00:00', NULL, NULL);
INSERT INTO payments (id, booking_id, amount, method, status, refunded_amount, paid_at, created_at) VALUES ('pay-0542', 'bk-0542', 12, 'card', 'paid', 0, '2026-02-08 23:00:00', '2026-02-08 23:00:00');
INSERT INTO bookings (id, booking_ref, user_id, studio_id, date, start_time, end_time, group_type, status, base_price, equipment_price, total_price, equipment, payment_method, payment_status, notes, created_at, updated_at, cancelled_at, cancel_reason) VALUES ('bk-0543', 'H3-20260204-F32J', 'usr-036', 'la-scene', '2026-02-18', '09:30', '10:30', 'duo', 'confirmed', 24, 0, 24, NULL, 'cash', 'pending', '', '2026-02-04 23:00:00', '2026-02-04 23:00:00', NULL, NULL);
INSERT INTO payments (id, booking_id, amount, method, status, refunded_amount, paid_at, created_at) VALUES ('pay-0543', 'bk-0543', 24, 'cash', 'pending', 0, NULL, '2026-02-04 23:00:00');
INSERT INTO bookings (id, booking_ref, user_id, studio_id, date, start_time, end_time, group_type, status, base_price, equipment_price, total_price, equipment, payment_method, payment_status, notes, created_at, updated_at, cancelled_at, cancel_reason) VALUES ('bk-0544', 'H3-20260211-LXRW', 'usr-022', 'la-scene', '2026-02-18', '21:00', '22:30', 'duo', 'confirmed', 36, 0, 36, NULL, 'card', 'paid', '', '2026-02-11 23:00:00', '2026-02-11 23:00:00', NULL, NULL);
INSERT INTO payments (id, booking_id, amount, method, status, refunded_amount, paid_at, created_at) VALUES ('pay-0544', 'bk-0544', 36, 'card', 'paid', 0, '2026-02-11 23:00:00', '2026-02-11 23:00:00');
INSERT INTO bookings (id, booking_ref, user_id, studio_id, date, start_time, end_time, group_type, status, base_price, equipment_price, total_price, equipment, payment_method, payment_status, notes, created_at, updated_at, cancelled_at, cancel_reason) VALUES ('bk-0545', 'H3-20260215-S3OF', 'usr-003', 'le-podium', '2026-02-18', '12:00', '13:00', 'solo', 'confirmed', 12, 0, 12, NULL, 'card', 'paid', '', '2026-02-15 23:00:00', '2026-02-15 23:00:00', NULL, NULL);
INSERT INTO payments (id, booking_id, amount, method, status, refunded_amount, paid_at, created_at) VALUES ('pay-0545', 'bk-0545', 12, 'card', 'paid', 0, '2026-02-15 23:00:00', '2026-02-15 23:00:00');
INSERT INTO bookings (id, booking_ref, user_id, studio_id, date, start_time, end_time, group_type, status, base_price, equipment_price, total_price, equipment, payment_method, payment_status, notes, created_at, updated_at, cancelled_at, cancel_reason) VALUES ('bk-0546', 'H3-20260206-331K', 'usr-029', 'le-podium', '2026-02-18', '16:30', '17:30', 'solo', 'confirmed', 12, 0, 12, NULL, 'card', 'paid', '', '2026-02-06 23:00:00', '2026-02-06 23:00:00', NULL, NULL);
INSERT INTO payments (id, booking_id, amount, method, status, refunded_amount, paid_at, created_at) VALUES ('pay-0546', 'bk-0546', 12, 'card', 'paid', 0, '2026-02-06 23:00:00', '2026-02-06 23:00:00');
INSERT INTO bookings (id, booking_ref, user_id, studio_id, date, start_time, end_time, group_type, status, base_price, equipment_price, total_price, equipment, payment_method, payment_status, notes, created_at, updated_at, cancelled_at, cancel_reason) VALUES ('bk-0547', 'H3-20260208-Z5EY', 'usr-034', 'le-podium', '2026-02-18', '17:30', '18:30', 'group', 'confirmed', 33, 6, 39, '[{"id":"bass","quantity":1},{"id":"guitar","quantity":1}]', 'cash', 'pending', '', '2026-02-08 23:00:00', '2026-02-08 23:00:00', NULL, NULL);
INSERT INTO payments (id, booking_id, amount, method, status, refunded_amount, paid_at, created_at) VALUES ('pay-0547', 'bk-0547', 39, 'cash', 'pending', 0, NULL, '2026-02-08 23:00:00');
INSERT INTO bookings (id, booking_ref, user_id, studio_id, date, start_time, end_time, group_type, status, base_price, equipment_price, total_price, equipment, payment_method, payment_status, notes, created_at, updated_at, cancelled_at, cancel_reason) VALUES ('bk-0548', 'H3-20260216-PBS7', 'usr-036', 'la-scene', '2026-02-18', '18:30', '20:00', 'duo', 'confirmed', 36, 0, 36, NULL, 'cash', 'pending', '', '2026-02-16 23:00:00', '2026-02-16 23:00:00', NULL, NULL);
INSERT INTO payments (id, booking_id, amount, method, status, refunded_amount, paid_at, created_at) VALUES ('pay-0548', 'bk-0548', 36, 'cash', 'pending', 0, NULL, '2026-02-16 23:00:00');
INSERT INTO bookings (id, booking_ref, user_id, studio_id, date, start_time, end_time, group_type, status, base_price, equipment_price, total_price, equipment, payment_method, payment_status, notes, created_at, updated_at, cancelled_at, cancel_reason) VALUES ('bk-0549', 'H3-20260205-MAGY', 'usr-026', 'la-scene', '2026-02-18', '10:30', '11:30', 'solo', 'confirmed', 12, 0, 12, NULL, 'card', 'paid', '', '2026-02-05 23:00:00', '2026-02-05 23:00:00', NULL, NULL);
INSERT INTO payments (id, booking_id, amount, method, status, refunded_amount, paid_at, created_at) VALUES ('pay-0549', 'bk-0549', 12, 'card', 'paid', 0, '2026-02-05 23:00:00', '2026-02-05 23:00:00');
INSERT INTO bookings (id, booking_ref, user_id, studio_id, date, start_time, end_time, group_type, status, base_price, equipment_price, total_price, equipment, payment_method, payment_status, notes, created_at, updated_at, cancelled_at, cancel_reason) VALUES ('bk-0550', 'H3-20260216-T846', 'usr-036', 'la-scene', '2026-02-18', '13:00', '14:00', 'duo', 'confirmed', 24, 0, 24, NULL, 'card', 'paid', '', '2026-02-16 23:00:00', '2026-02-16 23:00:00', NULL, NULL);
INSERT INTO payments (id, booking_id, amount, method, status, refunded_amount, paid_at, created_at) VALUES ('pay-0550', 'bk-0550', 24, 'card', 'paid', 0, '2026-02-16 23:00:00', '2026-02-16 23:00:00');
INSERT INTO bookings (id, booking_ref, user_id, studio_id, date, start_time, end_time, group_type, status, base_price, equipment_price, total_price, equipment, payment_method, payment_status, notes, created_at, updated_at, cancelled_at, cancel_reason) VALUES ('bk-0551', 'H3-20260214-XM65', 'usr-043', 'le-podium', '2026-02-18', '10:30', '11:30', 'duo', 'confirmed', 24, 0, 24, NULL, 'cash', 'pending', '', '2026-02-14 23:00:00', '2026-02-14 23:00:00', NULL, NULL);
INSERT INTO payments (id, booking_id, amount, method, status, refunded_amount, paid_at, created_at) VALUES ('pay-0551', 'bk-0551', 24, 'cash', 'pending', 0, NULL, '2026-02-14 23:00:00');
INSERT INTO bookings (id, booking_ref, user_id, studio_id, date, start_time, end_time, group_type, status, base_price, equipment_price, total_price, equipment, payment_method, payment_status, notes, created_at, updated_at, cancelled_at, cancel_reason) VALUES ('bk-0552', 'H3-20260206-WFUR', 'usr-035', 'le-podium', '2026-02-18', '22:30', '23:30', 'duo', 'confirmed', 24, 0, 24, NULL, 'cash', 'pending', '', '2026-02-06 23:00:00', '2026-02-06 23:00:00', NULL, NULL);
INSERT INTO payments (id, booking_id, amount, method, status, refunded_amount, paid_at, created_at) VALUES ('pay-0552', 'bk-0552', 24, 'cash', 'pending', 0, NULL, '2026-02-06 23:00:00');
INSERT INTO bookings (id, booking_ref, user_id, studio_id, date, start_time, end_time, group_type, status, base_price, equipment_price, total_price, equipment, payment_method, payment_status, notes, created_at, updated_at, cancelled_at, cancel_reason) VALUES ('bk-0553', 'H3-20260216-178R', 'usr-013', 'la-scene', '2026-02-18', '15:00', '16:00', 'solo', 'confirmed', 12, 9, 21, '[{"id":"bass","quantity":2},{"id":"guitar","quantity":2}]', 'cash', 'pending', '', '2026-02-16 23:00:00', '2026-02-16 23:00:00', NULL, NULL);
INSERT INTO payments (id, booking_id, amount, method, status, refunded_amount, paid_at, created_at) VALUES ('pay-0553', 'bk-0553', 21, 'cash', 'pending', 0, NULL, '2026-02-16 23:00:00');
INSERT INTO bookings (id, booking_ref, user_id, studio_id, date, start_time, end_time, group_type, status, base_price, equipment_price, total_price, equipment, payment_method, payment_status, notes, created_at, updated_at, cancelled_at, cancel_reason) VALUES ('bk-0554', 'H3-20260209-DI9J', 'usr-049', 'la-scene', '2026-02-19', '12:30', '13:30', 'duo', 'confirmed', 24, 0, 24, NULL, 'cash', 'pending', '', '2026-02-09 23:00:00', '2026-02-09 23:00:00', NULL, NULL);
INSERT INTO payments (id, booking_id, amount, method, status, refunded_amount, paid_at, created_at) VALUES ('pay-0554', 'bk-0554', 24, 'cash', 'pending', 0, NULL, '2026-02-09 23:00:00');
INSERT INTO bookings (id, booking_ref, user_id, studio_id, date, start_time, end_time, group_type, status, base_price, equipment_price, total_price, equipment, payment_method, payment_status, notes, created_at, updated_at, cancelled_at, cancel_reason) VALUES ('bk-0555', 'H3-20260208-11JW', 'usr-032', 'le-podium', '2026-02-19', '10:30', '11:30', 'duo', 'confirmed', 24, 3, 27, '[{"id":"bass","quantity":2}]', 'card', 'paid', '', '2026-02-08 23:00:00', '2026-02-08 23:00:00', NULL, NULL);
INSERT INTO payments (id, booking_id, amount, method, status, refunded_amount, paid_at, created_at) VALUES ('pay-0555', 'bk-0555', 27, 'card', 'paid', 0, '2026-02-08 23:00:00', '2026-02-08 23:00:00');
INSERT INTO bookings (id, booking_ref, user_id, studio_id, date, start_time, end_time, group_type, status, base_price, equipment_price, total_price, equipment, payment_method, payment_status, notes, created_at, updated_at, cancelled_at, cancel_reason) VALUES ('bk-0556', 'H3-20260214-G6UK', 'usr-021', 'le-podium', '2026-02-19', '21:30', '23:00', 'group', 'confirmed', 54, 8, 62, '[{"id":"cymbal","quantity":2},{"id":"mic","quantity":2}]', 'card', 'paid', '', '2026-02-14 23:00:00', '2026-02-14 23:00:00', NULL, NULL);
INSERT INTO payments (id, booking_id, amount, method, status, refunded_amount, paid_at, created_at) VALUES ('pay-0556', 'bk-0556', 62, 'card', 'paid', 0, '2026-02-14 23:00:00', '2026-02-14 23:00:00');
INSERT INTO bookings (id, booking_ref, user_id, studio_id, date, start_time, end_time, group_type, status, base_price, equipment_price, total_price, equipment, payment_method, payment_status, notes, created_at, updated_at, cancelled_at, cancel_reason) VALUES ('bk-0557', 'H3-20260217-OE6F', 'usr-018', 'la-scene', '2026-02-19', '16:30', '17:30', 'solo', 'confirmed', 12, 0, 12, NULL, 'card', 'paid', '', '2026-02-17 23:00:00', '2026-02-17 23:00:00', NULL, NULL);
INSERT INTO payments (id, booking_id, amount, method, status, refunded_amount, paid_at, created_at) VALUES ('pay-0557', 'bk-0557', 12, 'card', 'paid', 0, '2026-02-17 23:00:00', '2026-02-17 23:00:00');
INSERT INTO bookings (id, booking_ref, user_id, studio_id, date, start_time, end_time, group_type, status, base_price, equipment_price, total_price, equipment, payment_method, payment_status, notes, created_at, updated_at, cancelled_at, cancel_reason) VALUES ('bk-0558', 'H3-20260214-N08K', 'usr-049', 'la-scene', '2026-02-19', '14:30', '15:30', 'solo', 'confirmed', 12, 0, 12, NULL, 'card', 'paid', '', '2026-02-14 23:00:00', '2026-02-14 23:00:00', NULL, NULL);
INSERT INTO payments (id, booking_id, amount, method, status, refunded_amount, paid_at, created_at) VALUES ('pay-0558', 'bk-0558', 12, 'card', 'paid', 0, '2026-02-14 23:00:00', '2026-02-14 23:00:00');
INSERT INTO bookings (id, booking_ref, user_id, studio_id, date, start_time, end_time, group_type, status, base_price, equipment_price, total_price, equipment, payment_method, payment_status, notes, created_at, updated_at, cancelled_at, cancel_reason) VALUES ('bk-0559', 'H3-20260214-B6GO', 'usr-011', 'le-podium', '2026-02-19', '18:00', '19:00', 'group', 'confirmed', 36, 0, 36, NULL, 'cash', 'pending', '', '2026-02-14 23:00:00', '2026-02-14 23:00:00', NULL, NULL);
INSERT INTO payments (id, booking_id, amount, method, status, refunded_amount, paid_at, created_at) VALUES ('pay-0559', 'bk-0559', 36, 'cash', 'pending', 0, NULL, '2026-02-14 23:00:00');
INSERT INTO bookings (id, booking_ref, user_id, studio_id, date, start_time, end_time, group_type, status, base_price, equipment_price, total_price, equipment, payment_method, payment_status, notes, created_at, updated_at, cancelled_at, cancel_reason) VALUES ('bk-0560', 'H3-20260213-FEF8', 'usr-013', 'la-scene', '2026-02-19', '22:00', '23:00', 'group', 'confirmed', 44, 5, 49, '[{"id":"mic","quantity":2}]', 'card', 'paid', '', '2026-02-13 23:00:00', '2026-02-13 23:00:00', NULL, NULL);
INSERT INTO payments (id, booking_id, amount, method, status, refunded_amount, paid_at, created_at) VALUES ('pay-0560', 'bk-0560', 49, 'card', 'paid', 0, '2026-02-13 23:00:00', '2026-02-13 23:00:00');
INSERT INTO bookings (id, booking_ref, user_id, studio_id, date, start_time, end_time, group_type, status, base_price, equipment_price, total_price, equipment, payment_method, payment_status, notes, created_at, updated_at, cancelled_at, cancel_reason) VALUES ('bk-0561', 'H3-20260207-3G9A', 'usr-010', 'le-podium', '2026-02-19', '15:00', '16:30', 'group', 'confirmed', 45, 3, 48, '[{"id":"bass","quantity":2}]', 'card', 'paid', '', '2026-02-07 23:00:00', '2026-02-07 23:00:00', NULL, NULL);
INSERT INTO payments (id, booking_id, amount, method, status, refunded_amount, paid_at, created_at) VALUES ('pay-0561', 'bk-0561', 48, 'card', 'paid', 0, '2026-02-07 23:00:00', '2026-02-07 23:00:00');
INSERT INTO bookings (id, booking_ref, user_id, studio_id, date, start_time, end_time, group_type, status, base_price, equipment_price, total_price, equipment, payment_method, payment_status, notes, created_at, updated_at, cancelled_at, cancel_reason) VALUES ('bk-0562', 'H3-20260213-AX72', 'usr-028', 'le-podium', '2026-02-19', '12:00', '13:00', 'solo', 'confirmed', 12, 0, 12, NULL, 'card', 'paid', '', '2026-02-13 23:00:00', '2026-02-13 23:00:00', NULL, NULL);
INSERT INTO payments (id, booking_id, amount, method, status, refunded_amount, paid_at, created_at) VALUES ('pay-0562', 'bk-0562', 12, 'card', 'paid', 0, '2026-02-13 23:00:00', '2026-02-13 23:00:00');
INSERT INTO bookings (id, booking_ref, user_id, studio_id, date, start_time, end_time, group_type, status, base_price, equipment_price, total_price, equipment, payment_method, payment_status, notes, created_at, updated_at, cancelled_at, cancel_reason) VALUES ('bk-0563', 'H3-20260209-S1CD', 'usr-031', 'le-podium', '2026-02-19', '09:00', '10:00', 'solo', 'confirmed', 12, 0, 12, NULL, 'card', 'paid', '', '2026-02-09 23:00:00', '2026-02-09 23:00:00', NULL, NULL);
INSERT INTO payments (id, booking_id, amount, method, status, refunded_amount, paid_at, created_at) VALUES ('pay-0563', 'bk-0563', 12, 'card', 'paid', 0, '2026-02-09 23:00:00', '2026-02-09 23:00:00');
INSERT INTO bookings (id, booking_ref, user_id, studio_id, date, start_time, end_time, group_type, status, base_price, equipment_price, total_price, equipment, payment_method, payment_status, notes, created_at, updated_at, cancelled_at, cancel_reason) VALUES ('bk-0564', 'H3-20260212-4V5T', 'usr-029', 'la-scene', '2026-02-19', '15:30', '16:30', 'group', 'confirmed', 36, 9, 45, '[{"id":"mic","quantity":1},{"id":"guitar","quantity":2}]', 'card', 'paid', '', '2026-02-12 23:00:00', '2026-02-12 23:00:00', NULL, NULL);
INSERT INTO payments (id, booking_id, amount, method, status, refunded_amount, paid_at, created_at) VALUES ('pay-0564', 'bk-0564', 45, 'card', 'paid', 0, '2026-02-12 23:00:00', '2026-02-12 23:00:00');
INSERT INTO bookings (id, booking_ref, user_id, studio_id, date, start_time, end_time, group_type, status, base_price, equipment_price, total_price, equipment, payment_method, payment_status, notes, created_at, updated_at, cancelled_at, cancel_reason) VALUES ('bk-0565', 'H3-20260209-8YXS', 'usr-046', 'la-scene', '2026-02-19', '17:30', '18:30', 'solo', 'confirmed', 12, 0, 12, NULL, 'cash', 'pending', '', '2026-02-09 23:00:00', '2026-02-09 23:00:00', NULL, NULL);
INSERT INTO payments (id, booking_id, amount, method, status, refunded_amount, paid_at, created_at) VALUES ('pay-0565', 'bk-0565', 12, 'cash', 'pending', 0, NULL, '2026-02-09 23:00:00');
INSERT INTO bookings (id, booking_ref, user_id, studio_id, date, start_time, end_time, group_type, status, base_price, equipment_price, total_price, equipment, payment_method, payment_status, notes, created_at, updated_at, cancelled_at, cancel_reason) VALUES ('bk-0566', 'H3-20260210-YXYR', 'usr-023', 'la-scene', '2026-02-20', '13:30', '15:00', 'solo', 'confirmed', 18, 9, 27, '[{"id":"guitar","quantity":2},{"id":"piano","quantity":1}]', 'cash', 'pending', '', '2026-02-10 23:00:00', '2026-02-10 23:00:00', NULL, NULL);
INSERT INTO payments (id, booking_id, amount, method, status, refunded_amount, paid_at, created_at) VALUES ('pay-0566', 'bk-0566', 27, 'cash', 'pending', 0, NULL, '2026-02-10 23:00:00');
INSERT INTO bookings (id, booking_ref, user_id, studio_id, date, start_time, end_time, group_type, status, base_price, equipment_price, total_price, equipment, payment_method, payment_status, notes, created_at, updated_at, cancelled_at, cancel_reason) VALUES ('bk-0567', 'H3-20260216-DGW9', 'usr-048', 'la-scene', '2026-02-20', '12:30', '13:30', 'duo', 'confirmed', 24, 0, 24, NULL, 'cash', 'pending', '', '2026-02-16 23:00:00', '2026-02-16 23:00:00', NULL, NULL);
INSERT INTO payments (id, booking_id, amount, method, status, refunded_amount, paid_at, created_at) VALUES ('pay-0567', 'bk-0567', 24, 'cash', 'pending', 0, NULL, '2026-02-16 23:00:00');
INSERT INTO bookings (id, booking_ref, user_id, studio_id, date, start_time, end_time, group_type, status, base_price, equipment_price, total_price, equipment, payment_method, payment_status, notes, created_at, updated_at, cancelled_at, cancel_reason) VALUES ('bk-0568', 'H3-20260215-FLA1', 'usr-035', 'le-podium', '2026-02-20', '10:00', '11:30', 'solo', 'confirmed', 18, 0, 18, NULL, 'card', 'paid', '', '2026-02-15 23:00:00', '2026-02-15 23:00:00', NULL, NULL);
INSERT INTO payments (id, booking_id, amount, method, status, refunded_amount, paid_at, created_at) VALUES ('pay-0568', 'bk-0568', 18, 'card', 'paid', 0, '2026-02-15 23:00:00', '2026-02-15 23:00:00');
INSERT INTO bookings (id, booking_ref, user_id, studio_id, date, start_time, end_time, group_type, status, base_price, equipment_price, total_price, equipment, payment_method, payment_status, notes, created_at, updated_at, cancelled_at, cancel_reason) VALUES ('bk-0569', 'H3-20260210-LU5R', 'usr-001', 'le-podium', '2026-02-20', '17:00', '18:00', 'solo', 'confirmed', 12, 8, 20, '[{"id":"guitar","quantity":1},{"id":"mic","quantity":2}]', 'card', 'paid', '', '2026-02-10 23:00:00', '2026-02-10 23:00:00', NULL, NULL);
INSERT INTO payments (id, booking_id, amount, method, status, refunded_amount, paid_at, created_at) VALUES ('pay-0569', 'bk-0569', 20, 'card', 'paid', 0, '2026-02-10 23:00:00', '2026-02-10 23:00:00');
INSERT INTO bookings (id, booking_ref, user_id, studio_id, date, start_time, end_time, group_type, status, base_price, equipment_price, total_price, equipment, payment_method, payment_status, notes, created_at, updated_at, cancelled_at, cancel_reason) VALUES ('bk-0570', 'H3-20260211-GA81', 'usr-017', 'la-scene', '2026-02-20', '11:00', '12:30', 'solo', 'confirmed', 18, 11, 29, '[{"id":"guitar","quantity":2},{"id":"mic","quantity":2}]', 'card', 'paid', '', '2026-02-11 23:00:00', '2026-02-11 23:00:00', NULL, NULL);
INSERT INTO payments (id, booking_id, amount, method, status, refunded_amount, paid_at, created_at) VALUES ('pay-0570', 'bk-0570', 29, 'card', 'paid', 0, '2026-02-11 23:00:00', '2026-02-11 23:00:00');
INSERT INTO bookings (id, booking_ref, user_id, studio_id, date, start_time, end_time, group_type, status, base_price, equipment_price, total_price, equipment, payment_method, payment_status, notes, created_at, updated_at, cancelled_at, cancel_reason) VALUES ('bk-0571', 'H3-20260208-EHX0', 'usr-029', 'la-scene', '2026-02-20', '19:30', '20:30', 'solo', 'confirmed', 12, 0, 12, NULL, 'cash', 'pending', '', '2026-02-08 23:00:00', '2026-02-08 23:00:00', NULL, NULL);
INSERT INTO payments (id, booking_id, amount, method, status, refunded_amount, paid_at, created_at) VALUES ('pay-0571', 'bk-0571', 12, 'cash', 'pending', 0, NULL, '2026-02-08 23:00:00');
INSERT INTO bookings (id, booking_ref, user_id, studio_id, date, start_time, end_time, group_type, status, base_price, equipment_price, total_price, equipment, payment_method, payment_status, notes, created_at, updated_at, cancelled_at, cancel_reason) VALUES ('bk-0572', 'H3-20260214-YOFX', 'usr-007', 'le-podium', '2026-02-20', '12:30', '13:30', 'duo', 'confirmed', 24, 0, 24, NULL, 'cash', 'pending', '', '2026-02-14 23:00:00', '2026-02-14 23:00:00', NULL, NULL);
INSERT INTO payments (id, booking_id, amount, method, status, refunded_amount, paid_at, created_at) VALUES ('pay-0572', 'bk-0572', 24, 'cash', 'pending', 0, NULL, '2026-02-14 23:00:00');
INSERT INTO bookings (id, booking_ref, user_id, studio_id, date, start_time, end_time, group_type, status, base_price, equipment_price, total_price, equipment, payment_method, payment_status, notes, created_at, updated_at, cancelled_at, cancel_reason) VALUES ('bk-0573', 'H3-20260218-SPL7', 'usr-040', 'le-podium', '2026-02-20', '16:00', '17:00', 'duo', 'confirmed', 24, 0, 24, NULL, 'card', 'paid', '', '2026-02-18 23:00:00', '2026-02-18 23:00:00', NULL, NULL);
INSERT INTO payments (id, booking_id, amount, method, status, refunded_amount, paid_at, created_at) VALUES ('pay-0573', 'bk-0573', 24, 'card', 'paid', 0, '2026-02-18 23:00:00', '2026-02-18 23:00:00');
INSERT INTO bookings (id, booking_ref, user_id, studio_id, date, start_time, end_time, group_type, status, base_price, equipment_price, total_price, equipment, payment_method, payment_status, notes, created_at, updated_at, cancelled_at, cancel_reason) VALUES ('bk-0574', 'H3-20260217-O8UF', 'usr-019', 'le-podium', '2026-02-20', '20:30', '22:00', 'solo', 'confirmed', 18, 0, 18, NULL, 'card', 'paid', '', '2026-02-17 23:00:00', '2026-02-17 23:00:00', NULL, NULL);
INSERT INTO payments (id, booking_id, amount, method, status, refunded_amount, paid_at, created_at) VALUES ('pay-0574', 'bk-0574', 18, 'card', 'paid', 0, '2026-02-17 23:00:00', '2026-02-17 23:00:00');
INSERT INTO bookings (id, booking_ref, user_id, studio_id, date, start_time, end_time, group_type, status, base_price, equipment_price, total_price, equipment, payment_method, payment_status, notes, created_at, updated_at, cancelled_at, cancel_reason) VALUES ('bk-0575', 'H3-20260216-KZ68', 'usr-019', 'la-scene', '2026-02-20', '17:30', '18:30', 'group', 'confirmed', 44, 0, 44, NULL, 'cash', 'pending', '', '2026-02-16 23:00:00', '2026-02-16 23:00:00', NULL, NULL);
INSERT INTO payments (id, booking_id, amount, method, status, refunded_amount, paid_at, created_at) VALUES ('pay-0575', 'bk-0575', 44, 'cash', 'pending', 0, NULL, '2026-02-16 23:00:00');
INSERT INTO bookings (id, booking_ref, user_id, studio_id, date, start_time, end_time, group_type, status, base_price, equipment_price, total_price, equipment, payment_method, payment_status, notes, created_at, updated_at, cancelled_at, cancel_reason) VALUES ('bk-0576', 'H3-20260218-DA4B', 'usr-026', 'la-scene', '2026-02-20', '09:00', '10:00', 'solo', 'confirmed', 12, 0, 12, NULL, 'card', 'paid', '', '2026-02-18 23:00:00', '2026-02-18 23:00:00', NULL, NULL);
INSERT INTO payments (id, booking_id, amount, method, status, refunded_amount, paid_at, created_at) VALUES ('pay-0576', 'bk-0576', 12, 'card', 'paid', 0, '2026-02-18 23:00:00', '2026-02-18 23:00:00');
INSERT INTO bookings (id, booking_ref, user_id, studio_id, date, start_time, end_time, group_type, status, base_price, equipment_price, total_price, equipment, payment_method, payment_status, notes, created_at, updated_at, cancelled_at, cancel_reason) VALUES ('bk-0577', 'H3-20260215-4FB3', 'usr-015', 'le-podium', '2026-02-20', '11:30', '12:30', 'group', 'confirmed', 36, 0, 36, NULL, 'cash', 'pending', '', '2026-02-15 23:00:00', '2026-02-15 23:00:00', NULL, NULL);
INSERT INTO payments (id, booking_id, amount, method, status, refunded_amount, paid_at, created_at) VALUES ('pay-0577', 'bk-0577', 36, 'cash', 'pending', 0, NULL, '2026-02-15 23:00:00');
INSERT INTO bookings (id, booking_ref, user_id, studio_id, date, start_time, end_time, group_type, status, base_price, equipment_price, total_price, equipment, payment_method, payment_status, notes, created_at, updated_at, cancelled_at, cancel_reason) VALUES ('bk-0578', 'H3-20260218-UJ6U', 'usr-026', 'la-scene', '2026-02-20', '10:00', '11:00', 'group', 'confirmed', 44, 0, 44, NULL, 'card', 'paid', '', '2026-02-18 23:00:00', '2026-02-18 23:00:00', NULL, NULL);
INSERT INTO payments (id, booking_id, amount, method, status, refunded_amount, paid_at, created_at) VALUES ('pay-0578', 'bk-0578', 44, 'card', 'paid', 0, '2026-02-18 23:00:00', '2026-02-18 23:00:00');
INSERT INTO bookings (id, booking_ref, user_id, studio_id, date, start_time, end_time, group_type, status, base_price, equipment_price, total_price, equipment, payment_method, payment_status, notes, created_at, updated_at, cancelled_at, cancel_reason) VALUES ('bk-0579', 'H3-20260211-WYOT', 'usr-041', 'le-podium', '2026-02-20', '18:30', '19:30', 'group', 'confirmed', 36, 0, 36, NULL, 'cash', 'pending', '', '2026-02-11 23:00:00', '2026-02-11 23:00:00', NULL, NULL);
INSERT INTO payments (id, booking_id, amount, method, status, refunded_amount, paid_at, created_at) VALUES ('pay-0579', 'bk-0579', 36, 'cash', 'pending', 0, NULL, '2026-02-11 23:00:00');
INSERT INTO bookings (id, booking_ref, user_id, studio_id, date, start_time, end_time, group_type, status, base_price, equipment_price, total_price, equipment, payment_method, payment_status, notes, created_at, updated_at, cancelled_at, cancel_reason) VALUES ('bk-0580', 'H3-20260211-JHZR', 'usr-016', 'le-podium', '2026-02-21', '19:00', '20:00', 'solo', 'confirmed', 12, 0, 12, NULL, 'cash', 'pending', '', '2026-02-11 23:00:00', '2026-02-11 23:00:00', NULL, NULL);
INSERT INTO payments (id, booking_id, amount, method, status, refunded_amount, paid_at, created_at) VALUES ('pay-0580', 'bk-0580', 12, 'cash', 'pending', 0, NULL, '2026-02-11 23:00:00');
INSERT INTO bookings (id, booking_ref, user_id, studio_id, date, start_time, end_time, group_type, status, base_price, equipment_price, total_price, equipment, payment_method, payment_status, notes, created_at, updated_at, cancelled_at, cancel_reason) VALUES ('bk-0581', 'H3-20260211-2MB4', 'usr-009', 'la-scene', '2026-02-21', '09:30', '11:00', 'duo', 'confirmed', 36, 0, 36, NULL, 'card', 'paid', '', '2026-02-11 23:00:00', '2026-02-11 23:00:00', NULL, NULL);
INSERT INTO payments (id, booking_id, amount, method, status, refunded_amount, paid_at, created_at) VALUES ('pay-0581', 'bk-0581', 36, 'card', 'paid', 0, '2026-02-11 23:00:00', '2026-02-11 23:00:00');
INSERT INTO bookings (id, booking_ref, user_id, studio_id, date, start_time, end_time, group_type, status, base_price, equipment_price, total_price, equipment, payment_method, payment_status, notes, created_at, updated_at, cancelled_at, cancel_reason) VALUES ('bk-0582', 'H3-20260211-SJS6', 'usr-043', 'la-scene', '2026-02-21', '14:30', '15:30', 'duo', 'confirmed', 24, 3, 27, '[{"id":"guitar","quantity":1}]', 'card', 'paid', '', '2026-02-11 23:00:00', '2026-02-11 23:00:00', NULL, NULL);
INSERT INTO payments (id, booking_id, amount, method, status, refunded_amount, paid_at, created_at) VALUES ('pay-0582', 'bk-0582', 27, 'card', 'paid', 0, '2026-02-11 23:00:00', '2026-02-11 23:00:00');
INSERT INTO bookings (id, booking_ref, user_id, studio_id, date, start_time, end_time, group_type, status, base_price, equipment_price, total_price, equipment, payment_method, payment_status, notes, created_at, updated_at, cancelled_at, cancel_reason) VALUES ('bk-0583', 'H3-20260213-C7VJ', 'usr-027', 'la-scene', '2026-02-21', '12:00', '13:00', 'solo', 'confirmed', 12, 0, 12, NULL, 'card', 'paid', '', '2026-02-13 23:00:00', '2026-02-13 23:00:00', NULL, NULL);
INSERT INTO payments (id, booking_id, amount, method, status, refunded_amount, paid_at, created_at) VALUES ('pay-0583', 'bk-0583', 12, 'card', 'paid', 0, '2026-02-13 23:00:00', '2026-02-13 23:00:00');
INSERT INTO bookings (id, booking_ref, user_id, studio_id, date, start_time, end_time, group_type, status, base_price, equipment_price, total_price, equipment, payment_method, payment_status, notes, created_at, updated_at, cancelled_at, cancel_reason) VALUES ('bk-0584', 'H3-20260208-7EMT', 'usr-035', 'le-podium', '2026-02-21', '09:30', '10:30', 'group', 'confirmed', 36, 0, 36, NULL, 'card', 'paid', '', '2026-02-08 23:00:00', '2026-02-08 23:00:00', NULL, NULL);
INSERT INTO payments (id, booking_id, amount, method, status, refunded_amount, paid_at, created_at) VALUES ('pay-0584', 'bk-0584', 36, 'card', 'paid', 0, '2026-02-08 23:00:00', '2026-02-08 23:00:00');
INSERT INTO bookings (id, booking_ref, user_id, studio_id, date, start_time, end_time, group_type, status, base_price, equipment_price, total_price, equipment, payment_method, payment_status, notes, created_at, updated_at, cancelled_at, cancel_reason) VALUES ('bk-0585', 'H3-20260220-QEEM', 'usr-017', 'la-scene', '2026-02-21', '11:00', '12:00', 'group', 'confirmed', 44, 0, 44, NULL, 'cash', 'pending', '', '2026-02-20 23:00:00', '2026-02-20 23:00:00', NULL, NULL);
INSERT INTO payments (id, booking_id, amount, method, status, refunded_amount, paid_at, created_at) VALUES ('pay-0585', 'bk-0585', 44, 'cash', 'pending', 0, NULL, '2026-02-20 23:00:00');
INSERT INTO bookings (id, booking_ref, user_id, studio_id, date, start_time, end_time, group_type, status, base_price, equipment_price, total_price, equipment, payment_method, payment_status, notes, created_at, updated_at, cancelled_at, cancel_reason) VALUES ('bk-0586', 'H3-20260217-LDZB', 'usr-021', 'le-podium', '2026-02-21', '21:00', '22:00', 'solo', 'confirmed', 12, 0, 12, NULL, 'cash', 'pending', '', '2026-02-17 23:00:00', '2026-02-17 23:00:00', NULL, NULL);
INSERT INTO payments (id, booking_id, amount, method, status, refunded_amount, paid_at, created_at) VALUES ('pay-0586', 'bk-0586', 12, 'cash', 'pending', 0, NULL, '2026-02-17 23:00:00');
INSERT INTO bookings (id, booking_ref, user_id, studio_id, date, start_time, end_time, group_type, status, base_price, equipment_price, total_price, equipment, payment_method, payment_status, notes, created_at, updated_at, cancelled_at, cancel_reason) VALUES ('bk-0587', 'H3-20260217-TEU4', 'usr-004', 'le-podium', '2026-02-21', '15:00', '16:00', 'duo', 'confirmed', 24, 0, 24, NULL, 'cash', 'pending', '', '2026-02-17 23:00:00', '2026-02-17 23:00:00', NULL, NULL);
INSERT INTO payments (id, booking_id, amount, method, status, refunded_amount, paid_at, created_at) VALUES ('pay-0587', 'bk-0587', 24, 'cash', 'pending', 0, NULL, '2026-02-17 23:00:00');
INSERT INTO bookings (id, booking_ref, user_id, studio_id, date, start_time, end_time, group_type, status, base_price, equipment_price, total_price, equipment, payment_method, payment_status, notes, created_at, updated_at, cancelled_at, cancel_reason) VALUES ('bk-0588', 'H3-20260218-Q69W', 'usr-024', 'la-scene', '2026-02-21', '22:30', '23:30', 'group', 'confirmed', 44, 9, 53, '[{"id":"guitar","quantity":1},{"id":"piano","quantity":2}]', 'card', 'paid', '', '2026-02-18 23:00:00', '2026-02-18 23:00:00', NULL, NULL);
INSERT INTO payments (id, booking_id, amount, method, status, refunded_amount, paid_at, created_at) VALUES ('pay-0588', 'bk-0588', 53, 'card', 'paid', 0, '2026-02-18 23:00:00', '2026-02-18 23:00:00');
INSERT INTO bookings (id, booking_ref, user_id, studio_id, date, start_time, end_time, group_type, status, base_price, equipment_price, total_price, equipment, payment_method, payment_status, notes, created_at, updated_at, cancelled_at, cancel_reason) VALUES ('bk-0589', 'H3-20260217-0I7I', 'usr-047', 'le-podium', '2026-02-21', '20:00', '21:00', 'duo', 'confirmed', 24, 0, 24, NULL, 'card', 'paid', '', '2026-02-17 23:00:00', '2026-02-17 23:00:00', NULL, NULL);
INSERT INTO payments (id, booking_id, amount, method, status, refunded_amount, paid_at, created_at) VALUES ('pay-0589', 'bk-0589', 24, 'card', 'paid', 0, '2026-02-17 23:00:00', '2026-02-17 23:00:00');
INSERT INTO bookings (id, booking_ref, user_id, studio_id, date, start_time, end_time, group_type, status, base_price, equipment_price, total_price, equipment, payment_method, payment_status, notes, created_at, updated_at, cancelled_at, cancel_reason) VALUES ('bk-0590', 'H3-20260207-UP0T', 'usr-009', 'la-scene', '2026-02-21', '13:00', '14:00', 'solo', 'confirmed', 12, 3, 15, '[{"id":"guitar","quantity":1}]', 'card', 'paid', '', '2026-02-07 23:00:00', '2026-02-07 23:00:00', NULL, NULL);
INSERT INTO payments (id, booking_id, amount, method, status, refunded_amount, paid_at, created_at) VALUES ('pay-0590', 'bk-0590', 15, 'card', 'paid', 0, '2026-02-07 23:00:00', '2026-02-07 23:00:00');
INSERT INTO bookings (id, booking_ref, user_id, studio_id, date, start_time, end_time, group_type, status, base_price, equipment_price, total_price, equipment, payment_method, payment_status, notes, created_at, updated_at, cancelled_at, cancel_reason) VALUES ('bk-0591', 'H3-20260214-PA8P', 'usr-028', 'le-podium', '2026-02-21', '11:00', '12:00', 'duo', 'confirmed', 24, 0, 24, NULL, 'card', 'paid', '', '2026-02-14 23:00:00', '2026-02-14 23:00:00', NULL, NULL);
INSERT INTO payments (id, booking_id, amount, method, status, refunded_amount, paid_at, created_at) VALUES ('pay-0591', 'bk-0591', 24, 'card', 'paid', 0, '2026-02-14 23:00:00', '2026-02-14 23:00:00');
INSERT INTO bookings (id, booking_ref, user_id, studio_id, date, start_time, end_time, group_type, status, base_price, equipment_price, total_price, equipment, payment_method, payment_status, notes, created_at, updated_at, cancelled_at, cancel_reason) VALUES ('bk-0592', 'H3-20260214-KSRU', 'usr-032', 'la-scene', '2026-02-22', '18:30', '19:30', 'group', 'confirmed', 44, 0, 44, NULL, 'card', 'paid', '', '2026-02-14 23:00:00', '2026-02-14 23:00:00', NULL, NULL);
INSERT INTO payments (id, booking_id, amount, method, status, refunded_amount, paid_at, created_at) VALUES ('pay-0592', 'bk-0592', 44, 'card', 'paid', 0, '2026-02-14 23:00:00', '2026-02-14 23:00:00');
INSERT INTO bookings (id, booking_ref, user_id, studio_id, date, start_time, end_time, group_type, status, base_price, equipment_price, total_price, equipment, payment_method, payment_status, notes, created_at, updated_at, cancelled_at, cancel_reason) VALUES ('bk-0593', 'H3-20260218-O2Y2', 'usr-041', 'la-scene', '2026-02-22', '20:30', '22:00', 'solo', 'confirmed', 18, 3, 21, '[{"id":"cymbal","quantity":2}]', 'card', 'paid', '', '2026-02-18 23:00:00', '2026-02-18 23:00:00', NULL, NULL);
INSERT INTO payments (id, booking_id, amount, method, status, refunded_amount, paid_at, created_at) VALUES ('pay-0593', 'bk-0593', 21, 'card', 'paid', 0, '2026-02-18 23:00:00', '2026-02-18 23:00:00');
INSERT INTO bookings (id, booking_ref, user_id, studio_id, date, start_time, end_time, group_type, status, base_price, equipment_price, total_price, equipment, payment_method, payment_status, notes, created_at, updated_at, cancelled_at, cancel_reason) VALUES ('bk-0594', 'H3-20260216-SVB1', 'usr-018', 'le-podium', '2026-02-22', '19:00', '20:00', 'duo', 'confirmed', 24, 0, 24, NULL, 'cash', 'pending', '', '2026-02-16 23:00:00', '2026-02-16 23:00:00', NULL, NULL);
INSERT INTO payments (id, booking_id, amount, method, status, refunded_amount, paid_at, created_at) VALUES ('pay-0594', 'bk-0594', 24, 'cash', 'pending', 0, NULL, '2026-02-16 23:00:00');
INSERT INTO bookings (id, booking_ref, user_id, studio_id, date, start_time, end_time, group_type, status, base_price, equipment_price, total_price, equipment, payment_method, payment_status, notes, created_at, updated_at, cancelled_at, cancel_reason) VALUES ('bk-0595', 'H3-20260218-2WWQ', 'usr-033', 'le-podium', '2026-02-22', '16:00', '17:00', 'solo', 'confirmed', 12, 6, 18, '[{"id":"mic","quantity":1},{"id":"cymbal","quantity":1}]', 'card', 'paid', '', '2026-02-18 23:00:00', '2026-02-18 23:00:00', NULL, NULL);
INSERT INTO payments (id, booking_id, amount, method, status, refunded_amount, paid_at, created_at) VALUES ('pay-0595', 'bk-0595', 18, 'card', 'paid', 0, '2026-02-18 23:00:00', '2026-02-18 23:00:00');
INSERT INTO bookings (id, booking_ref, user_id, studio_id, date, start_time, end_time, group_type, status, base_price, equipment_price, total_price, equipment, payment_method, payment_status, notes, created_at, updated_at, cancelled_at, cancel_reason) VALUES ('bk-0596', 'H3-20260214-J9AX', 'usr-048', 'le-podium', '2026-02-22', '13:00', '14:00', 'solo', 'confirmed', 12, 3, 15, '[{"id":"guitar","quantity":1}]', 'cash', 'pending', '', '2026-02-14 23:00:00', '2026-02-14 23:00:00', NULL, NULL);
INSERT INTO payments (id, booking_id, amount, method, status, refunded_amount, paid_at, created_at) VALUES ('pay-0596', 'bk-0596', 15, 'cash', 'pending', 0, NULL, '2026-02-14 23:00:00');
INSERT INTO bookings (id, booking_ref, user_id, studio_id, date, start_time, end_time, group_type, status, base_price, equipment_price, total_price, equipment, payment_method, payment_status, notes, created_at, updated_at, cancelled_at, cancel_reason) VALUES ('bk-0597', 'H3-20260215-BN0J', 'usr-031', 'le-podium', '2026-02-22', '11:30', '13:00', 'duo', 'confirmed', 36, 0, 36, NULL, 'card', 'paid', '', '2026-02-15 23:00:00', '2026-02-15 23:00:00', NULL, NULL);
INSERT INTO payments (id, booking_id, amount, method, status, refunded_amount, paid_at, created_at) VALUES ('pay-0597', 'bk-0597', 36, 'card', 'paid', 0, '2026-02-15 23:00:00', '2026-02-15 23:00:00');
INSERT INTO bookings (id, booking_ref, user_id, studio_id, date, start_time, end_time, group_type, status, base_price, equipment_price, total_price, equipment, payment_method, payment_status, notes, created_at, updated_at, cancelled_at, cancel_reason) VALUES ('bk-0598', 'H3-20260217-G24E', 'usr-044', 'la-scene', '2026-02-22', '15:00', '16:00', 'group', 'confirmed', 36, 0, 36, NULL, 'card', 'paid', '', '2026-02-17 23:00:00', '2026-02-17 23:00:00', NULL, NULL);
INSERT INTO payments (id, booking_id, amount, method, status, refunded_amount, paid_at, created_at) VALUES ('pay-0598', 'bk-0598', 36, 'card', 'paid', 0, '2026-02-17 23:00:00', '2026-02-17 23:00:00');
INSERT INTO bookings (id, booking_ref, user_id, studio_id, date, start_time, end_time, group_type, status, base_price, equipment_price, total_price, equipment, payment_method, payment_status, notes, created_at, updated_at, cancelled_at, cancel_reason) VALUES ('bk-0599', 'H3-20260214-UANA', 'usr-019', 'la-scene', '2026-02-22', '13:30', '14:30', 'group', 'confirmed', 36, 8, 44, '[{"id":"mic","quantity":2},{"id":"cymbal","quantity":2}]', 'cash', 'pending', '', '2026-02-14 23:00:00', '2026-02-14 23:00:00', NULL, NULL);
INSERT INTO payments (id, booking_id, amount, method, status, refunded_amount, paid_at, created_at) VALUES ('pay-0599', 'bk-0599', 44, 'cash', 'pending', 0, NULL, '2026-02-14 23:00:00');
INSERT INTO bookings (id, booking_ref, user_id, studio_id, date, start_time, end_time, group_type, status, base_price, equipment_price, total_price, equipment, payment_method, payment_status, notes, created_at, updated_at, cancelled_at, cancel_reason) VALUES ('bk-0600', 'H3-20260210-GLAO', 'usr-014', 'la-scene', '2026-02-22', '11:30', '12:30', 'duo', 'confirmed', 24, 0, 24, NULL, 'card', 'paid', '', '2026-02-10 23:00:00', '2026-02-10 23:00:00', NULL, NULL);
INSERT INTO payments (id, booking_id, amount, method, status, refunded_amount, paid_at, created_at) VALUES ('pay-0600', 'bk-0600', 24, 'card', 'paid', 0, '2026-02-10 23:00:00', '2026-02-10 23:00:00');
INSERT INTO bookings (id, booking_ref, user_id, studio_id, date, start_time, end_time, group_type, status, base_price, equipment_price, total_price, equipment, payment_method, payment_status, notes, created_at, updated_at, cancelled_at, cancel_reason) VALUES ('bk-0601', 'H3-20260219-V8YD', 'usr-011', 'la-scene', '2026-02-22', '16:00', '17:30', 'group', 'confirmed', 54, 0, 54, NULL, 'card', 'paid', '', '2026-02-19 23:00:00', '2026-02-19 23:00:00', NULL, NULL);
INSERT INTO payments (id, booking_id, amount, method, status, refunded_amount, paid_at, created_at) VALUES ('pay-0601', 'bk-0601', 54, 'card', 'paid', 0, '2026-02-19 23:00:00', '2026-02-19 23:00:00');
INSERT INTO bookings (id, booking_ref, user_id, studio_id, date, start_time, end_time, group_type, status, base_price, equipment_price, total_price, equipment, payment_method, payment_status, notes, created_at, updated_at, cancelled_at, cancel_reason) VALUES ('bk-0602', 'H3-20260212-1HN5', 'usr-035', 'la-scene', '2026-02-22', '09:00', '10:00', 'group', 'confirmed', 36, 0, 36, NULL, 'card', 'paid', '', '2026-02-12 23:00:00', '2026-02-12 23:00:00', NULL, NULL);
INSERT INTO payments (id, booking_id, amount, method, status, refunded_amount, paid_at, created_at) VALUES ('pay-0602', 'bk-0602', 36, 'card', 'paid', 0, '2026-02-12 23:00:00', '2026-02-12 23:00:00');
INSERT INTO bookings (id, booking_ref, user_id, studio_id, date, start_time, end_time, group_type, status, base_price, equipment_price, total_price, equipment, payment_method, payment_status, notes, created_at, updated_at, cancelled_at, cancel_reason) VALUES ('bk-0603', 'H3-20260220-15TU', 'usr-043', 'la-scene', '2026-02-22', '10:00', '11:00', 'solo', 'confirmed', 12, 3, 15, '[{"id":"piano","quantity":1}]', 'card', 'paid', '', '2026-02-20 23:00:00', '2026-02-20 23:00:00', NULL, NULL);
INSERT INTO payments (id, booking_id, amount, method, status, refunded_amount, paid_at, created_at) VALUES ('pay-0603', 'bk-0603', 15, 'card', 'paid', 0, '2026-02-20 23:00:00', '2026-02-20 23:00:00');
INSERT INTO bookings (id, booking_ref, user_id, studio_id, date, start_time, end_time, group_type, status, base_price, equipment_price, total_price, equipment, payment_method, payment_status, notes, created_at, updated_at, cancelled_at, cancel_reason) VALUES ('bk-0604', 'H3-20260213-CTM6', 'usr-047', 'le-podium', '2026-02-22', '17:00', '18:30', 'group', 'confirmed', 48, 0, 48, NULL, 'cash', 'pending', '', '2026-02-13 23:00:00', '2026-02-13 23:00:00', NULL, NULL);
INSERT INTO payments (id, booking_id, amount, method, status, refunded_amount, paid_at, created_at) VALUES ('pay-0604', 'bk-0604', 48, 'cash', 'pending', 0, NULL, '2026-02-13 23:00:00');
INSERT INTO bookings (id, booking_ref, user_id, studio_id, date, start_time, end_time, group_type, status, base_price, equipment_price, total_price, equipment, payment_method, payment_status, notes, created_at, updated_at, cancelled_at, cancel_reason) VALUES ('bk-0605', 'H3-20260216-8GX9', 'usr-001', 'le-podium', '2026-02-23', '13:00', '14:30', 'duo', 'confirmed', 36, 11, 47, '[{"id":"mic","quantity":2},{"id":"piano","quantity":2}]', 'cash', 'pending', '', '2026-02-16 23:00:00', '2026-02-16 23:00:00', NULL, NULL);
INSERT INTO payments (id, booking_id, amount, method, status, refunded_amount, paid_at, created_at) VALUES ('pay-0605', 'bk-0605', 47, 'cash', 'pending', 0, NULL, '2026-02-16 23:00:00');
INSERT INTO bookings (id, booking_ref, user_id, studio_id, date, start_time, end_time, group_type, status, base_price, equipment_price, total_price, equipment, payment_method, payment_status, notes, created_at, updated_at, cancelled_at, cancel_reason) VALUES ('bk-0606', 'H3-20260214-HKOE', 'usr-023', 'le-podium', '2026-02-23', '22:00', '23:30', 'solo', 'confirmed', 18, 0, 18, NULL, 'cash', 'pending', '', '2026-02-14 23:00:00', '2026-02-14 23:00:00', NULL, NULL);
INSERT INTO payments (id, booking_id, amount, method, status, refunded_amount, paid_at, created_at) VALUES ('pay-0606', 'bk-0606', 18, 'cash', 'pending', 0, NULL, '2026-02-14 23:00:00');
INSERT INTO bookings (id, booking_ref, user_id, studio_id, date, start_time, end_time, group_type, status, base_price, equipment_price, total_price, equipment, payment_method, payment_status, notes, created_at, updated_at, cancelled_at, cancel_reason) VALUES ('bk-0607', 'H3-20260215-1GJ7', 'usr-039', 'le-podium', '2026-02-23', '21:00', '22:00', 'group', 'confirmed', 36, 0, 36, NULL, 'card', 'paid', '', '2026-02-15 23:00:00', '2026-02-15 23:00:00', NULL, NULL);
INSERT INTO payments (id, booking_id, amount, method, status, refunded_amount, paid_at, created_at) VALUES ('pay-0607', 'bk-0607', 36, 'card', 'paid', 0, '2026-02-15 23:00:00', '2026-02-15 23:00:00');
INSERT INTO bookings (id, booking_ref, user_id, studio_id, date, start_time, end_time, group_type, status, base_price, equipment_price, total_price, equipment, payment_method, payment_status, notes, created_at, updated_at, cancelled_at, cancel_reason) VALUES ('bk-0608', 'H3-20260219-SLBD', 'usr-008', 'la-scene', '2026-02-23', '20:00', '21:30', 'duo', 'confirmed', 36, 6, 42, '[{"id":"guitar","quantity":1},{"id":"cymbal","quantity":1}]', 'card', 'paid', '', '2026-02-19 23:00:00', '2026-02-19 23:00:00', NULL, NULL);
INSERT INTO payments (id, booking_id, amount, method, status, refunded_amount, paid_at, created_at) VALUES ('pay-0608', 'bk-0608', 42, 'card', 'paid', 0, '2026-02-19 23:00:00', '2026-02-19 23:00:00');
INSERT INTO bookings (id, booking_ref, user_id, studio_id, date, start_time, end_time, group_type, status, base_price, equipment_price, total_price, equipment, payment_method, payment_status, notes, created_at, updated_at, cancelled_at, cancel_reason) VALUES ('bk-0609', 'H3-20260220-B829', 'usr-010', 'la-scene', '2026-02-23', '13:30', '15:00', 'duo', 'confirmed', 36, 0, 36, NULL, 'cash', 'pending', '', '2026-02-20 23:00:00', '2026-02-20 23:00:00', NULL, NULL);
INSERT INTO payments (id, booking_id, amount, method, status, refunded_amount, paid_at, created_at) VALUES ('pay-0609', 'bk-0609', 36, 'cash', 'pending', 0, NULL, '2026-02-20 23:00:00');
INSERT INTO bookings (id, booking_ref, user_id, studio_id, date, start_time, end_time, group_type, status, base_price, equipment_price, total_price, equipment, payment_method, payment_status, notes, created_at, updated_at, cancelled_at, cancel_reason) VALUES ('bk-0610', 'H3-20260221-2M73', 'usr-034', 'le-podium', '2026-02-23', '18:30', '19:30', 'solo', 'confirmed', 12, 0, 12, NULL, 'card', 'paid', '', '2026-02-21 23:00:00', '2026-02-21 23:00:00', NULL, NULL);
INSERT INTO payments (id, booking_id, amount, method, status, refunded_amount, paid_at, created_at) VALUES ('pay-0610', 'bk-0610', 12, 'card', 'paid', 0, '2026-02-21 23:00:00', '2026-02-21 23:00:00');
INSERT INTO bookings (id, booking_ref, user_id, studio_id, date, start_time, end_time, group_type, status, base_price, equipment_price, total_price, equipment, payment_method, payment_status, notes, created_at, updated_at, cancelled_at, cancel_reason) VALUES ('bk-0611', 'H3-20260213-LS25', 'usr-004', 'le-podium', '2026-02-23', '09:00', '10:00', 'solo', 'confirmed', 12, 5, 17, '[{"id":"mic","quantity":2}]', 'cash', 'pending', '', '2026-02-13 23:00:00', '2026-02-13 23:00:00', NULL, NULL);
INSERT INTO payments (id, booking_id, amount, method, status, refunded_amount, paid_at, created_at) VALUES ('pay-0611', 'bk-0611', 17, 'cash', 'pending', 0, NULL, '2026-02-13 23:00:00');
INSERT INTO bookings (id, booking_ref, user_id, studio_id, date, start_time, end_time, group_type, status, base_price, equipment_price, total_price, equipment, payment_method, payment_status, notes, created_at, updated_at, cancelled_at, cancel_reason) VALUES ('bk-0612', 'H3-20260216-AYPD', 'usr-022', 'le-podium', '2026-02-23', '17:30', '18:30', 'solo', 'confirmed', 12, 0, 12, NULL, 'card', 'paid', '', '2026-02-16 23:00:00', '2026-02-16 23:00:00', NULL, NULL);
INSERT INTO payments (id, booking_id, amount, method, status, refunded_amount, paid_at, created_at) VALUES ('pay-0612', 'bk-0612', 12, 'card', 'paid', 0, '2026-02-16 23:00:00', '2026-02-16 23:00:00');
INSERT INTO bookings (id, booking_ref, user_id, studio_id, date, start_time, end_time, group_type, status, base_price, equipment_price, total_price, equipment, payment_method, payment_status, notes, created_at, updated_at, cancelled_at, cancel_reason) VALUES ('bk-0613', 'H3-20260214-GVN0', 'usr-046', 'la-scene', '2026-02-23', '16:30', '17:30', 'solo', 'confirmed', 12, 6, 18, '[{"id":"cymbal","quantity":1},{"id":"piano","quantity":1}]', 'card', 'paid', '', '2026-02-14 23:00:00', '2026-02-14 23:00:00', NULL, NULL);
INSERT INTO payments (id, booking_id, amount, method, status, refunded_amount, paid_at, created_at) VALUES ('pay-0613', 'bk-0613', 18, 'card', 'paid', 0, '2026-02-14 23:00:00', '2026-02-14 23:00:00');
INSERT INTO bookings (id, booking_ref, user_id, studio_id, date, start_time, end_time, group_type, status, base_price, equipment_price, total_price, equipment, payment_method, payment_status, notes, created_at, updated_at, cancelled_at, cancel_reason) VALUES ('bk-0614', 'H3-20260215-D2ZE', 'usr-021', 'le-podium', '2026-02-24', '19:00', '20:30', 'group', 'confirmed', 54, 3, 57, '[{"id":"mic","quantity":1}]', 'cash', 'pending', '', '2026-02-15 23:00:00', '2026-02-15 23:00:00', NULL, NULL);
INSERT INTO payments (id, booking_id, amount, method, status, refunded_amount, paid_at, created_at) VALUES ('pay-0614', 'bk-0614', 57, 'cash', 'pending', 0, NULL, '2026-02-15 23:00:00');
INSERT INTO bookings (id, booking_ref, user_id, studio_id, date, start_time, end_time, group_type, status, base_price, equipment_price, total_price, equipment, payment_method, payment_status, notes, created_at, updated_at, cancelled_at, cancel_reason) VALUES ('bk-0615', 'H3-20260219-DM44', 'usr-024', 'le-podium', '2026-02-24', '21:30', '23:00', 'group', 'confirmed', 54, 0, 54, NULL, 'cash', 'pending', '', '2026-02-19 23:00:00', '2026-02-19 23:00:00', NULL, NULL);
INSERT INTO payments (id, booking_id, amount, method, status, refunded_amount, paid_at, created_at) VALUES ('pay-0615', 'bk-0615', 54, 'cash', 'pending', 0, NULL, '2026-02-19 23:00:00');
INSERT INTO bookings (id, booking_ref, user_id, studio_id, date, start_time, end_time, group_type, status, base_price, equipment_price, total_price, equipment, payment_method, payment_status, notes, created_at, updated_at, cancelled_at, cancel_reason) VALUES ('bk-0616', 'H3-20260214-J1WO', 'usr-041', 'la-scene', '2026-02-24', '16:00', '17:00', 'group', 'confirmed', 36, 0, 36, NULL, 'card', 'paid', '', '2026-02-14 23:00:00', '2026-02-14 23:00:00', NULL, NULL);
INSERT INTO payments (id, booking_id, amount, method, status, refunded_amount, paid_at, created_at) VALUES ('pay-0616', 'bk-0616', 36, 'card', 'paid', 0, '2026-02-14 23:00:00', '2026-02-14 23:00:00');
INSERT INTO bookings (id, booking_ref, user_id, studio_id, date, start_time, end_time, group_type, status, base_price, equipment_price, total_price, equipment, payment_method, payment_status, notes, created_at, updated_at, cancelled_at, cancel_reason) VALUES ('bk-0617', 'H3-20260215-IPUB', 'usr-024', 'le-podium', '2026-02-24', '10:00', '11:30', 'duo', 'confirmed', 36, 9, 45, '[{"id":"guitar","quantity":1},{"id":"piano","quantity":2}]', 'card', 'paid', '', '2026-02-15 23:00:00', '2026-02-15 23:00:00', NULL, NULL);
INSERT INTO payments (id, booking_id, amount, method, status, refunded_amount, paid_at, created_at) VALUES ('pay-0617', 'bk-0617', 45, 'card', 'paid', 0, '2026-02-15 23:00:00', '2026-02-15 23:00:00');
INSERT INTO bookings (id, booking_ref, user_id, studio_id, date, start_time, end_time, group_type, status, base_price, equipment_price, total_price, equipment, payment_method, payment_status, notes, created_at, updated_at, cancelled_at, cancel_reason) VALUES ('bk-0618', 'H3-20260213-H71E', 'usr-018', 'le-podium', '2026-02-24', '15:00', '16:00', 'duo', 'confirmed', 24, 0, 24, NULL, 'card', 'paid', '', '2026-02-13 23:00:00', '2026-02-13 23:00:00', NULL, NULL);
INSERT INTO payments (id, booking_id, amount, method, status, refunded_amount, paid_at, created_at) VALUES ('pay-0618', 'bk-0618', 24, 'card', 'paid', 0, '2026-02-13 23:00:00', '2026-02-13 23:00:00');
INSERT INTO bookings (id, booking_ref, user_id, studio_id, date, start_time, end_time, group_type, status, base_price, equipment_price, total_price, equipment, payment_method, payment_status, notes, created_at, updated_at, cancelled_at, cancel_reason) VALUES ('bk-0619', 'H3-20260213-D9XM', 'usr-006', 'le-podium', '2026-02-24', '12:00', '13:30', 'solo', 'confirmed', 18, 0, 18, NULL, 'card', 'paid', '', '2026-02-13 23:00:00', '2026-02-13 23:00:00', NULL, NULL);
INSERT INTO payments (id, booking_id, amount, method, status, refunded_amount, paid_at, created_at) VALUES ('pay-0619', 'bk-0619', 18, 'card', 'paid', 0, '2026-02-13 23:00:00', '2026-02-13 23:00:00');
INSERT INTO bookings (id, booking_ref, user_id, studio_id, date, start_time, end_time, group_type, status, base_price, equipment_price, total_price, equipment, payment_method, payment_status, notes, created_at, updated_at, cancelled_at, cancel_reason) VALUES ('bk-0620', 'H3-20260219-D8G9', 'usr-021', 'la-scene', '2026-02-24', '13:30', '14:30', 'duo', 'confirmed', 24, 0, 24, NULL, 'card', 'paid', '', '2026-02-19 23:00:00', '2026-02-19 23:00:00', NULL, NULL);
INSERT INTO payments (id, booking_id, amount, method, status, refunded_amount, paid_at, created_at) VALUES ('pay-0620', 'bk-0620', 24, 'card', 'paid', 0, '2026-02-19 23:00:00', '2026-02-19 23:00:00');
INSERT INTO bookings (id, booking_ref, user_id, studio_id, date, start_time, end_time, group_type, status, base_price, equipment_price, total_price, equipment, payment_method, payment_status, notes, created_at, updated_at, cancelled_at, cancel_reason) VALUES ('bk-0621', 'H3-20260211-FYZ5', 'usr-038', 'la-scene', '2026-02-24', '09:00', '10:00', 'group', 'confirmed', 36, 0, 36, NULL, 'card', 'paid', '', '2026-02-11 23:00:00', '2026-02-11 23:00:00', NULL, NULL);
INSERT INTO payments (id, booking_id, amount, method, status, refunded_amount, paid_at, created_at) VALUES ('pay-0621', 'bk-0621', 36, 'card', 'paid', 0, '2026-02-11 23:00:00', '2026-02-11 23:00:00');
INSERT INTO bookings (id, booking_ref, user_id, studio_id, date, start_time, end_time, group_type, status, base_price, equipment_price, total_price, equipment, payment_method, payment_status, notes, created_at, updated_at, cancelled_at, cancel_reason) VALUES ('bk-0622', 'H3-20260221-FQBD', 'usr-011', 'la-scene', '2026-02-24', '20:00', '21:30', 'solo', 'confirmed', 18, 0, 18, NULL, 'card', 'paid', '', '2026-02-21 23:00:00', '2026-02-21 23:00:00', NULL, NULL);
INSERT INTO payments (id, booking_id, amount, method, status, refunded_amount, paid_at, created_at) VALUES ('pay-0622', 'bk-0622', 18, 'card', 'paid', 0, '2026-02-21 23:00:00', '2026-02-21 23:00:00');
INSERT INTO bookings (id, booking_ref, user_id, studio_id, date, start_time, end_time, group_type, status, base_price, equipment_price, total_price, equipment, payment_method, payment_status, notes, created_at, updated_at, cancelled_at, cancel_reason) VALUES ('bk-0623', 'H3-20260210-XT01', 'usr-012', 'le-podium', '2026-02-24', '17:00', '18:30', 'solo', 'confirmed', 18, 0, 18, NULL, 'card', 'paid', '', '2026-02-10 23:00:00', '2026-02-10 23:00:00', NULL, NULL);
INSERT INTO payments (id, booking_id, amount, method, status, refunded_amount, paid_at, created_at) VALUES ('pay-0623', 'bk-0623', 18, 'card', 'paid', 0, '2026-02-10 23:00:00', '2026-02-10 23:00:00');
INSERT INTO bookings (id, booking_ref, user_id, studio_id, date, start_time, end_time, group_type, status, base_price, equipment_price, total_price, equipment, payment_method, payment_status, notes, created_at, updated_at, cancelled_at, cancel_reason) VALUES ('bk-0624', 'H3-20260223-BNBC', 'usr-030', 'le-podium', '2026-02-25', '15:30', '17:00', 'duo', 'confirmed', 36, 0, 36, NULL, 'cash', 'pending', '', '2026-02-23 23:00:00', '2026-02-23 23:00:00', NULL, NULL);
INSERT INTO payments (id, booking_id, amount, method, status, refunded_amount, paid_at, created_at) VALUES ('pay-0624', 'bk-0624', 36, 'cash', 'pending', 0, NULL, '2026-02-23 23:00:00');
INSERT INTO bookings (id, booking_ref, user_id, studio_id, date, start_time, end_time, group_type, status, base_price, equipment_price, total_price, equipment, payment_method, payment_status, notes, created_at, updated_at, cancelled_at, cancel_reason) VALUES ('bk-0625', 'H3-20260217-9XQ5', 'usr-021', 'le-podium', '2026-02-25', '17:30', '18:30', 'solo', 'confirmed', 12, 0, 12, NULL, 'card', 'paid', '', '2026-02-17 23:00:00', '2026-02-17 23:00:00', NULL, NULL);
INSERT INTO payments (id, booking_id, amount, method, status, refunded_amount, paid_at, created_at) VALUES ('pay-0625', 'bk-0625', 12, 'card', 'paid', 0, '2026-02-17 23:00:00', '2026-02-17 23:00:00');
INSERT INTO bookings (id, booking_ref, user_id, studio_id, date, start_time, end_time, group_type, status, base_price, equipment_price, total_price, equipment, payment_method, payment_status, notes, created_at, updated_at, cancelled_at, cancel_reason) VALUES ('bk-0626', 'H3-20260220-8QQY', 'usr-003', 'la-scene', '2026-02-25', '15:00', '16:30', 'group', 'confirmed', 54, 6, 60, '[{"id":"guitar","quantity":1},{"id":"cymbal","quantity":1}]', 'cash', 'pending', '', '2026-02-20 23:00:00', '2026-02-20 23:00:00', NULL, NULL);
INSERT INTO payments (id, booking_id, amount, method, status, refunded_amount, paid_at, created_at) VALUES ('pay-0626', 'bk-0626', 60, 'cash', 'pending', 0, NULL, '2026-02-20 23:00:00');
INSERT INTO bookings (id, booking_ref, user_id, studio_id, date, start_time, end_time, group_type, status, base_price, equipment_price, total_price, equipment, payment_method, payment_status, notes, created_at, updated_at, cancelled_at, cancel_reason) VALUES ('bk-0627', 'H3-20260220-UF8M', 'usr-048', 'le-podium', '2026-02-25', '09:00', '10:00', 'solo', 'confirmed', 12, 6, 18, '[{"id":"piano","quantity":2}]', 'cash', 'pending', '', '2026-02-20 23:00:00', '2026-02-20 23:00:00', NULL, NULL);
INSERT INTO payments (id, booking_id, amount, method, status, refunded_amount, paid_at, created_at) VALUES ('pay-0627', 'bk-0627', 18, 'cash', 'pending', 0, NULL, '2026-02-20 23:00:00');
INSERT INTO bookings (id, booking_ref, user_id, studio_id, date, start_time, end_time, group_type, status, base_price, equipment_price, total_price, equipment, payment_method, payment_status, notes, created_at, updated_at, cancelled_at, cancel_reason) VALUES ('bk-0628', 'H3-20260224-94CL', 'usr-011', 'le-podium', '2026-02-25', '20:30', '21:30', 'group', 'confirmed', 36, 0, 36, NULL, 'card', 'paid', '', '2026-02-24 23:00:00', '2026-02-24 23:00:00', NULL, NULL);
INSERT INTO payments (id, booking_id, amount, method, status, refunded_amount, paid_at, created_at) VALUES ('pay-0628', 'bk-0628', 36, 'card', 'paid', 0, '2026-02-24 23:00:00', '2026-02-24 23:00:00');
INSERT INTO bookings (id, booking_ref, user_id, studio_id, date, start_time, end_time, group_type, status, base_price, equipment_price, total_price, equipment, payment_method, payment_status, notes, created_at, updated_at, cancelled_at, cancel_reason) VALUES ('bk-0629', 'H3-20260218-0JRA', 'usr-006', 'le-podium', '2026-02-25', '22:00', '23:00', 'duo', 'confirmed', 24, 0, 24, NULL, 'cash', 'pending', '', '2026-02-18 23:00:00', '2026-02-18 23:00:00', NULL, NULL);
INSERT INTO payments (id, booking_id, amount, method, status, refunded_amount, paid_at, created_at) VALUES ('pay-0629', 'bk-0629', 24, 'cash', 'pending', 0, NULL, '2026-02-18 23:00:00');
INSERT INTO bookings (id, booking_ref, user_id, studio_id, date, start_time, end_time, group_type, status, base_price, equipment_price, total_price, equipment, payment_method, payment_status, notes, created_at, updated_at, cancelled_at, cancel_reason) VALUES ('bk-0630', 'H3-20260223-MQJ2', 'usr-028', 'la-scene', '2026-02-25', '17:00', '18:00', 'solo', 'confirmed', 12, 3, 15, '[{"id":"mic","quantity":1}]', 'card', 'paid', '', '2026-02-23 23:00:00', '2026-02-23 23:00:00', NULL, NULL);
INSERT INTO payments (id, booking_id, amount, method, status, refunded_amount, paid_at, created_at) VALUES ('pay-0630', 'bk-0630', 15, 'card', 'paid', 0, '2026-02-23 23:00:00', '2026-02-23 23:00:00');
INSERT INTO bookings (id, booking_ref, user_id, studio_id, date, start_time, end_time, group_type, status, base_price, equipment_price, total_price, equipment, payment_method, payment_status, notes, created_at, updated_at, cancelled_at, cancel_reason) VALUES ('bk-0631', 'H3-20260220-H821', 'usr-049', 'la-scene', '2026-02-25', '10:30', '11:30', 'solo', 'confirmed', 12, 9, 21, '[{"id":"piano","quantity":2},{"id":"bass","quantity":2}]', 'card', 'paid', '', '2026-02-20 23:00:00', '2026-02-20 23:00:00', NULL, NULL);
INSERT INTO payments (id, booking_id, amount, method, status, refunded_amount, paid_at, created_at) VALUES ('pay-0631', 'bk-0631', 21, 'card', 'paid', 0, '2026-02-20 23:00:00', '2026-02-20 23:00:00');
INSERT INTO bookings (id, booking_ref, user_id, studio_id, date, start_time, end_time, group_type, status, base_price, equipment_price, total_price, equipment, payment_method, payment_status, notes, created_at, updated_at, cancelled_at, cancel_reason) VALUES ('bk-0632', 'H3-20260214-8IKC', 'usr-030', 'la-scene', '2026-02-25', '19:30', '21:00', 'duo', 'confirmed', 36, 3, 39, '[{"id":"piano","quantity":1}]', 'card', 'paid', '', '2026-02-14 23:00:00', '2026-02-14 23:00:00', NULL, NULL);
INSERT INTO payments (id, booking_id, amount, method, status, refunded_amount, paid_at, created_at) VALUES ('pay-0632', 'bk-0632', 39, 'card', 'paid', 0, '2026-02-14 23:00:00', '2026-02-14 23:00:00');
INSERT INTO bookings (id, booking_ref, user_id, studio_id, date, start_time, end_time, group_type, status, base_price, equipment_price, total_price, equipment, payment_method, payment_status, notes, created_at, updated_at, cancelled_at, cancel_reason) VALUES ('bk-0633', 'H3-20260220-1MOJ', 'usr-003', 'la-scene', '2026-02-25', '14:00', '15:00', 'duo', 'confirmed', 24, 0, 24, NULL, 'cash', 'pending', '', '2026-02-20 23:00:00', '2026-02-20 23:00:00', NULL, NULL);
INSERT INTO payments (id, booking_id, amount, method, status, refunded_amount, paid_at, created_at) VALUES ('pay-0633', 'bk-0633', 24, 'cash', 'pending', 0, NULL, '2026-02-20 23:00:00');
INSERT INTO bookings (id, booking_ref, user_id, studio_id, date, start_time, end_time, group_type, status, base_price, equipment_price, total_price, equipment, payment_method, payment_status, notes, created_at, updated_at, cancelled_at, cancel_reason) VALUES ('bk-0634', 'H3-20260217-SJ94', 'usr-035', 'le-podium', '2026-02-25', '14:00', '15:00', 'duo', 'confirmed', 24, 0, 24, NULL, 'card', 'paid', '', '2026-02-17 23:00:00', '2026-02-17 23:00:00', NULL, NULL);
INSERT INTO payments (id, booking_id, amount, method, status, refunded_amount, paid_at, created_at) VALUES ('pay-0634', 'bk-0634', 24, 'card', 'paid', 0, '2026-02-17 23:00:00', '2026-02-17 23:00:00');
INSERT INTO bookings (id, booking_ref, user_id, studio_id, date, start_time, end_time, group_type, status, base_price, equipment_price, total_price, equipment, payment_method, payment_status, notes, created_at, updated_at, cancelled_at, cancel_reason) VALUES ('bk-0635', 'H3-20260212-2UNG', 'usr-012', 'le-podium', '2026-02-25', '10:00', '11:30', 'solo', 'confirmed', 18, 3, 21, '[{"id":"bass","quantity":1}]', 'card', 'paid', '', '2026-02-12 23:00:00', '2026-02-12 23:00:00', NULL, NULL);
INSERT INTO payments (id, booking_id, amount, method, status, refunded_amount, paid_at, created_at) VALUES ('pay-0635', 'bk-0635', 21, 'card', 'paid', 0, '2026-02-12 23:00:00', '2026-02-12 23:00:00');
INSERT INTO bookings (id, booking_ref, user_id, studio_id, date, start_time, end_time, group_type, status, base_price, equipment_price, total_price, equipment, payment_method, payment_status, notes, created_at, updated_at, cancelled_at, cancel_reason) VALUES ('bk-0636', 'H3-20260218-LN42', 'usr-015', 'le-podium', '2026-02-26', '18:00', '19:30', 'duo', 'confirmed', 36, 0, 36, NULL, 'card', 'paid', '', '2026-02-18 23:00:00', '2026-02-18 23:00:00', NULL, NULL);
INSERT INTO payments (id, booking_id, amount, method, status, refunded_amount, paid_at, created_at) VALUES ('pay-0636', 'bk-0636', 36, 'card', 'paid', 0, '2026-02-18 23:00:00', '2026-02-18 23:00:00');
INSERT INTO bookings (id, booking_ref, user_id, studio_id, date, start_time, end_time, group_type, status, base_price, equipment_price, total_price, equipment, payment_method, payment_status, notes, created_at, updated_at, cancelled_at, cancel_reason) VALUES ('bk-0637', 'H3-20260219-BNIL', 'usr-009', 'le-podium', '2026-02-26', '16:30', '17:30', 'solo', 'confirmed', 12, 0, 12, NULL, 'card', 'paid', '', '2026-02-19 23:00:00', '2026-02-19 23:00:00', NULL, NULL);
INSERT INTO payments (id, booking_id, amount, method, status, refunded_amount, paid_at, created_at) VALUES ('pay-0637', 'bk-0637', 12, 'card', 'paid', 0, '2026-02-19 23:00:00', '2026-02-19 23:00:00');
INSERT INTO bookings (id, booking_ref, user_id, studio_id, date, start_time, end_time, group_type, status, base_price, equipment_price, total_price, equipment, payment_method, payment_status, notes, created_at, updated_at, cancelled_at, cancel_reason) VALUES ('bk-0638', 'H3-20260223-MZAL', 'usr-004', 'le-podium', '2026-02-26', '15:00', '16:00', 'duo', 'confirmed', 24, 9, 33, '[{"id":"guitar","quantity":2},{"id":"bass","quantity":2}]', 'cash', 'pending', '', '2026-02-23 23:00:00', '2026-02-23 23:00:00', NULL, NULL);
INSERT INTO payments (id, booking_id, amount, method, status, refunded_amount, paid_at, created_at) VALUES ('pay-0638', 'bk-0638', 33, 'cash', 'pending', 0, NULL, '2026-02-23 23:00:00');
INSERT INTO bookings (id, booking_ref, user_id, studio_id, date, start_time, end_time, group_type, status, base_price, equipment_price, total_price, equipment, payment_method, payment_status, notes, created_at, updated_at, cancelled_at, cancel_reason) VALUES ('bk-0639', 'H3-20260225-RTHH', 'usr-001', 'le-podium', '2026-02-26', '19:30', '20:30', 'group', 'confirmed', 36, 0, 36, NULL, 'card', 'paid', '', '2026-02-25 23:00:00', '2026-02-25 23:00:00', NULL, NULL);
INSERT INTO payments (id, booking_id, amount, method, status, refunded_amount, paid_at, created_at) VALUES ('pay-0639', 'bk-0639', 36, 'card', 'paid', 0, '2026-02-25 23:00:00', '2026-02-25 23:00:00');
INSERT INTO bookings (id, booking_ref, user_id, studio_id, date, start_time, end_time, group_type, status, base_price, equipment_price, total_price, equipment, payment_method, payment_status, notes, created_at, updated_at, cancelled_at, cancel_reason) VALUES ('bk-0640', 'H3-20260216-XQXO', 'usr-021', 'la-scene', '2026-02-26', '14:30', '15:30', 'duo', 'confirmed', 24, 0, 24, NULL, 'card', 'paid', '', '2026-02-16 23:00:00', '2026-02-16 23:00:00', NULL, NULL);
INSERT INTO payments (id, booking_id, amount, method, status, refunded_amount, paid_at, created_at) VALUES ('pay-0640', 'bk-0640', 24, 'card', 'paid', 0, '2026-02-16 23:00:00', '2026-02-16 23:00:00');
INSERT INTO bookings (id, booking_ref, user_id, studio_id, date, start_time, end_time, group_type, status, base_price, equipment_price, total_price, equipment, payment_method, payment_status, notes, created_at, updated_at, cancelled_at, cancel_reason) VALUES ('bk-0641', 'H3-20260222-P30T', 'usr-005', 'le-podium', '2026-02-26', '09:00', '10:00', 'solo', 'confirmed', 12, 9, 21, '[{"id":"cymbal","quantity":2},{"id":"piano","quantity":2}]', 'card', 'paid', '', '2026-02-22 23:00:00', '2026-02-22 23:00:00', NULL, NULL);
INSERT INTO payments (id, booking_id, amount, method, status, refunded_amount, paid_at, created_at) VALUES ('pay-0641', 'bk-0641', 21, 'card', 'paid', 0, '2026-02-22 23:00:00', '2026-02-22 23:00:00');
INSERT INTO bookings (id, booking_ref, user_id, studio_id, date, start_time, end_time, group_type, status, base_price, equipment_price, total_price, equipment, payment_method, payment_status, notes, created_at, updated_at, cancelled_at, cancel_reason) VALUES ('bk-0642', 'H3-20260218-M1JM', 'usr-014', 'le-podium', '2026-02-26', '12:30', '13:30', 'solo', 'confirmed', 12, 0, 12, NULL, 'card', 'paid', '', '2026-02-18 23:00:00', '2026-02-18 23:00:00', NULL, NULL);
INSERT INTO payments (id, booking_id, amount, method, status, refunded_amount, paid_at, created_at) VALUES ('pay-0642', 'bk-0642', 12, 'card', 'paid', 0, '2026-02-18 23:00:00', '2026-02-18 23:00:00');
INSERT INTO bookings (id, booking_ref, user_id, studio_id, date, start_time, end_time, group_type, status, base_price, equipment_price, total_price, equipment, payment_method, payment_status, notes, created_at, updated_at, cancelled_at, cancel_reason) VALUES ('bk-0643', 'H3-20260224-F7L1', 'usr-022', 'la-scene', '2026-02-26', '18:30', '19:30', 'solo', 'confirmed', 12, 0, 12, NULL, 'card', 'paid', '', '2026-02-24 23:00:00', '2026-02-24 23:00:00', NULL, NULL);
INSERT INTO payments (id, booking_id, amount, method, status, refunded_amount, paid_at, created_at) VALUES ('pay-0643', 'bk-0643', 12, 'card', 'paid', 0, '2026-02-24 23:00:00', '2026-02-24 23:00:00');
INSERT INTO bookings (id, booking_ref, user_id, studio_id, date, start_time, end_time, group_type, status, base_price, equipment_price, total_price, equipment, payment_method, payment_status, notes, created_at, updated_at, cancelled_at, cancel_reason) VALUES ('bk-0644', 'H3-20260216-UC4J', 'usr-035', 'la-scene', '2026-02-26', '16:30', '18:00', 'group', 'confirmed', 54, 0, 54, NULL, 'card', 'paid', '', '2026-02-16 23:00:00', '2026-02-16 23:00:00', NULL, NULL);
INSERT INTO payments (id, booking_id, amount, method, status, refunded_amount, paid_at, created_at) VALUES ('pay-0644', 'bk-0644', 54, 'card', 'paid', 0, '2026-02-16 23:00:00', '2026-02-16 23:00:00');

-- Update user booking totals
UPDATE users SET total_bookings = 13, total_spent = 405 WHERE id = 'usr-001';
UPDATE users SET total_bookings = 11, total_spent = 282 WHERE id = 'usr-002';
UPDATE users SET total_bookings = 21, total_spent = 639 WHERE id = 'usr-003';
UPDATE users SET total_bookings = 14, total_spent = 499 WHERE id = 'usr-004';
UPDATE users SET total_bookings = 6, total_spent = 120 WHERE id = 'usr-005';
UPDATE users SET total_bookings = 13, total_spent = 477 WHERE id = 'usr-006';
UPDATE users SET total_bookings = 15, total_spent = 484 WHERE id = 'usr-007';
UPDATE users SET total_bookings = 15, total_spent = 482 WHERE id = 'usr-008';
UPDATE users SET total_bookings = 20, total_spent = 569 WHERE id = 'usr-009';
UPDATE users SET total_bookings = 12, total_spent = 410 WHERE id = 'usr-010';
UPDATE users SET total_bookings = 15, total_spent = 461 WHERE id = 'usr-011';
UPDATE users SET total_bookings = 10, total_spent = 299 WHERE id = 'usr-012';
UPDATE users SET total_bookings = 10, total_spent = 335 WHERE id = 'usr-013';
UPDATE users SET total_bookings = 17, total_spent = 430 WHERE id = 'usr-014';
UPDATE users SET total_bookings = 15, total_spent = 406 WHERE id = 'usr-015';
UPDATE users SET total_bookings = 13, total_spent = 323 WHERE id = 'usr-016';
UPDATE users SET total_bookings = 12, total_spent = 360 WHERE id = 'usr-017';
UPDATE users SET total_bookings = 11, total_spent = 382 WHERE id = 'usr-018';
UPDATE users SET total_bookings = 14, total_spent = 337 WHERE id = 'usr-019';
UPDATE users SET total_bookings = 10, total_spent = 246 WHERE id = 'usr-020';
UPDATE users SET total_bookings = 21, total_spent = 625 WHERE id = 'usr-021';
UPDATE users SET total_bookings = 11, total_spent = 303 WHERE id = 'usr-022';
UPDATE users SET total_bookings = 14, total_spent = 396 WHERE id = 'usr-023';
UPDATE users SET total_bookings = 7, total_spent = 227 WHERE id = 'usr-024';
UPDATE users SET total_bookings = 12, total_spent = 338 WHERE id = 'usr-025';
UPDATE users SET total_bookings = 14, total_spent = 421 WHERE id = 'usr-026';
UPDATE users SET total_bookings = 17, total_spent = 617 WHERE id = 'usr-027';
UPDATE users SET total_bookings = 19, total_spent = 452 WHERE id = 'usr-028';
UPDATE users SET total_bookings = 13, total_spent = 325 WHERE id = 'usr-029';
UPDATE users SET total_bookings = 15, total_spent = 420 WHERE id = 'usr-030';
UPDATE users SET total_bookings = 15, total_spent = 368 WHERE id = 'usr-031';
UPDATE users SET total_bookings = 13, total_spent = 401 WHERE id = 'usr-032';
UPDATE users SET total_bookings = 10, total_spent = 329 WHERE id = 'usr-033';
UPDATE users SET total_bookings = 11, total_spent = 318 WHERE id = 'usr-034';
UPDATE users SET total_bookings = 12, total_spent = 395 WHERE id = 'usr-035';
UPDATE users SET total_bookings = 8, total_spent = 189 WHERE id = 'usr-036';
UPDATE users SET total_bookings = 6, total_spent = 176 WHERE id = 'usr-037';
UPDATE users SET total_bookings = 10, total_spent = 352 WHERE id = 'usr-038';
UPDATE users SET total_bookings = 16, total_spent = 479 WHERE id = 'usr-039';
UPDATE users SET total_bookings = 13, total_spent = 372 WHERE id = 'usr-040';
UPDATE users SET total_bookings = 8, total_spent = 210 WHERE id = 'usr-041';
UPDATE users SET total_bookings = 15, total_spent = 370 WHERE id = 'usr-042';
UPDATE users SET total_bookings = 19, total_spent = 564 WHERE id = 'usr-043';
UPDATE users SET total_bookings = 13, total_spent = 347 WHERE id = 'usr-044';
UPDATE users SET total_bookings = 8, total_spent = 183 WHERE id = 'usr-045';
UPDATE users SET total_bookings = 9, total_spent = 156 WHERE id = 'usr-046';
UPDATE users SET total_bookings = 10, total_spent = 303 WHERE id = 'usr-047';
UPDATE users SET total_bookings = 17, total_spent = 484 WHERE id = 'usr-048';
UPDATE users SET total_bookings = 12, total_spent = 328 WHERE id = 'usr-049';
UPDATE users SET total_bookings = 9, total_spent = 244 WHERE id = 'usr-050';
